{"fixtureDigest":"49ab64ba1eaf35b66c5de6ba153a8cd7bbd5ec01635cd84748438018e6af0df1","fixtures":{"large":"c1a300fb7faaaf7e5fb987bdad9b7b933b477969bb29c1cd2724621b0616e25c","medium":"4426d67fea709ed65ffbfc72b5d3094a1c18fc35f00be8007d19eca3eea90940","parity":"f736f731ce21f859e888ad1bad0fe907362738ea4dd1a9597cecc0285cbd7124","small":"f736f731ce21f859e888ad1bad0fe907362738ea4dd1a9597cecc0285cbd7124","typescriptDecision":"b37eb5ae3717370da4a87dec92cbe95d390d22d968f96174791a8bbc3c8fa255","watcher":"f736f731ce21f859e888ad1bad0fe907362738ea4dd1a9597cecc0285cbd7124"},"git":{"baseline":"e37977199e231fc95b581e6254003941b8f447b2","commit":"f578c6ba0084e3f577901ab89ac540849f9fcbe2"},"measurements":{"coldFull":{"large":{"peakKernelRssBytes":16859136,"peakParentRssBytes":569675776,"timing":{"maxMs":483.97360000000026,"minMs":472.21900000000005,"p50Ms":480.54410000000007,"p95Ms":483.97360000000026,"samples":5}},"medium":{"peakKernelRssBytes":16494592,"peakParentRssBytes":546856960,"timing":{"maxMs":349.22159999999985,"minMs":341.96810000000005,"p50Ms":347.3933000000002,"p95Ms":349.22159999999985,"samples":5}},"small":{"peakKernelRssBytes":15966208,"peakParentRssBytes":498630656,"timing":{"maxMs":422.3630999999999,"minMs":301.8132999999998,"p50Ms":307.8686,"p95Ms":422.3630999999999,"samples":5}}},"rss":{"estimatedConcurrentPeakBytes":586534912,"peakKernelRssBytes":16859136,"peakParentRssBytes":569675776,"scope":"parent RSS sampled after commit plus sidecar RSS sampled while canonical facts remain resident"},"watcherEventToGeneration":{"maxMs":221.88930000000255,"minMs":201.63129999999364,"p50Ms":206.4484999999986,"p95Ms":220.97849999999744,"samples":20},"workloads":{"large":{"dbCommit":{"maxMs":67.96910000000025,"minMs":45.55340000000069,"p50Ms":46.14170000000013,"p95Ms":67.96910000000025,"samples":10},"filesReparsed":[1,1,1,1,1,1,1,1,1,1],"peakKernelRssBytes":15605760,"providerInvocations":{"typescriptPrecision":[0,0,0,0,0,0,0,0,0,0],"typescriptSyntax":[0,0,0,0,0,0,0,0,0,0]},"singleFileIncremental":{"maxMs":384.71439999999893,"minMs":357.33929999999964,"p50Ms":364.3279000000002,"p95Ms":384.71439999999893,"samples":10},"warm":{"explore":{"maxMs":5.3914999999997235,"minMs":4.683800000000701,"p50Ms":5.011700000000928,"p95Ms":5.2457999999987805,"samples":20},"search":{"maxMs":3.602899999999863,"minMs":3.0542999999997846,"p50Ms":3.266700000000128,"p95Ms":3.4963000000007014,"samples":20},"trace":{"maxMs":5.693300000000818,"minMs":3.090700000000652,"p50Ms":3.217399999999543,"p95Ms":3.7273000000004686,"samples":20}}},"medium":{"dbCommit":{"maxMs":29.22910000000047,"minMs":13.518099999999322,"p50Ms":14.066100000000006,"p95Ms":29.22910000000047,"samples":10},"filesReparsed":[1,1,1,1,1,1,1,1,1,1],"peakKernelRssBytes":15511552,"providerInvocations":{"typescriptPrecision":[0,0,0,0,0,0,0,0,0,0],"typescriptSyntax":[0,0,0,0,0,0,0,0,0,0]},"singleFileIncremental":{"maxMs":245.29190000000017,"minMs":219.60269999999946,"p50Ms":223.8052000000007,"p95Ms":245.29190000000017,"samples":10},"warm":{"explore":{"maxMs":4.30580000000009,"minMs":3.5138000000006286,"p50Ms":3.7573000000011234,"p95Ms":4.242099999999482,"samples":20},"search":{"maxMs":4.622100000000501,"minMs":1.9088000000010652,"p50Ms":2.0478000000002794,"p95Ms":2.233700000000681,"samples":20},"trace":{"maxMs":2.3209999999999127,"minMs":1.9148000000004686,"p50Ms":2.0333000000009633,"p95Ms":2.200699999999415,"samples":20}}},"small":{"dbCommit":{"maxMs":3.7260999999998603,"minMs":3.022899999999936,"p50Ms":3.191500000000815,"p95Ms":3.7260999999998603,"samples":10},"filesReparsed":[1,1,1,1,1,1,1,1,1,1],"peakKernelRssBytes":15495168,"providerInvocations":{"typescriptPrecision":[0,0,0,0,0,0,0,0,0,0],"typescriptSyntax":[0,0,0,0,0,0,0,0,0,0]},"singleFileIncremental":{"maxMs":197.53930000000037,"minMs":175.97899999999936,"p50Ms":180.183500000001,"p95Ms":197.53930000000037,"samples":10},"warm":{"explore":{"maxMs":7.610800000000381,"minMs":3.0000999999992928,"p50Ms":3.2682000000004336,"p95Ms":4.75039999999899,"samples":20},"search":{"maxMs":1.7613000000001193,"minMs":1.327900000000227,"p50Ms":1.5015999999995984,"p95Ms":1.7130999999990308,"samples":20},"trace":{"maxMs":1.9624000000003434,"minMs":1.4006000000008498,"p50Ms":1.4661999999989348,"p95Ms":1.9207000000005792,"samples":20}}}}},"parity":{"crossProcess":[{"nativeDigest":"3ce987893e565b49d438fdbca89ce5f3ed46071708e4bce0f3686e2f4e2b2340","portableDigest":"3ce987893e565b49d438fdbca89ce5f3ed46071708e4bce0f3686e2f4e2b2340"},{"nativeDigest":"3ce987893e565b49d438fdbca89ce5f3ed46071708e4bce0f3686e2f4e2b2340","portableDigest":"3ce987893e565b49d438fdbca89ce5f3ed46071708e4bce0f3686e2f4e2b2340"},{"nativeDigest":"3ce987893e565b49d438fdbca89ce5f3ed46071708e4bce0f3686e2f4e2b2340","portableDigest":"3ce987893e565b49d438fdbca89ce5f3ed46071708e4bce0f3686e2f4e2b2340"},{"nativeDigest":"3ce987893e565b49d438fdbca89ce5f3ed46071708e4bce0f3686e2f4e2b2340","portableDigest":"3ce987893e565b49d438fdbca89ce5f3ed46071708e4bce0f3686e2f4e2b2340"},{"nativeDigest":"3ce987893e565b49d438fdbca89ce5f3ed46071708e4bce0f3686e2f4e2b2340","portableDigest":"3ce987893e565b49d438fdbca89ce5f3ed46071708e4bce0f3686e2f4e2b2340"},{"nativeDigest":"3ce987893e565b49d438fdbca89ce5f3ed46071708e4bce0f3686e2f4e2b2340","portableDigest":"3ce987893e565b49d438fdbca89ce5f3ed46071708e4bce0f3686e2f4e2b2340"},{"nativeDigest":"3ce987893e565b49d438fdbca89ce5f3ed46071708e4bce0f3686e2f4e2b2340","portableDigest":"3ce987893e565b49d438fdbca89ce5f3ed46071708e4bce0f3686e2f4e2b2340"},{"nativeDigest":"3ce987893e565b49d438fdbca89ce5f3ed46071708e4bce0f3686e2f4e2b2340","portableDigest":"3ce987893e565b49d438fdbca89ce5f3ed46071708e4bce0f3686e2f4e2b2340"},{"nativeDigest":"3ce987893e565b49d438fdbca89ce5f3ed46071708e4bce0f3686e2f4e2b2340","portableDigest":"3ce987893e565b49d438fdbca89ce5f3ed46071708e4bce0f3686e2f4e2b2340"},{"nativeDigest":"3ce987893e565b49d438fdbca89ce5f3ed46071708e4bce0f3686e2f4e2b2340","portableDigest":"3ce987893e565b49d438fdbca89ce5f3ed46071708e4bce0f3686e2f4e2b2340"},{"nativeDigest":"3ce987893e565b49d438fdbca89ce5f3ed46071708e4bce0f3686e2f4e2b2340","portableDigest":"3ce987893e565b49d438fdbca89ce5f3ed46071708e4bce0f3686e2f4e2b2340"},{"nativeDigest":"3ce987893e565b49d438fdbca89ce5f3ed46071708e4bce0f3686e2f4e2b2340","portableDigest":"3ce987893e565b49d438fdbca89ce5f3ed46071708e4bce0f3686e2f4e2b2340"},{"nativeDigest":"3ce987893e565b49d438fdbca89ce5f3ed46071708e4bce0f3686e2f4e2b2340","portableDigest":"3ce987893e565b49d438fdbca89ce5f3ed46071708e4bce0f3686e2f4e2b2340"},{"nativeDigest":"3ce987893e565b49d438fdbca89ce5f3ed46071708e4bce0f3686e2f4e2b2340","portableDigest":"3ce987893e565b49d438fdbca89ce5f3ed46071708e4bce0f3686e2f4e2b2340"},{"nativeDigest":"3ce987893e565b49d438fdbca89ce5f3ed46071708e4bce0f3686e2f4e2b2340","portableDigest":"3ce987893e565b49d438fdbca89ce5f3ed46071708e4bce0f3686e2f4e2b2340"},{"nativeDigest":"3ce987893e565b49d438fdbca89ce5f3ed46071708e4bce0f3686e2f4e2b2340","portableDigest":"3ce987893e565b49d438fdbca89ce5f3ed46071708e4bce0f3686e2f4e2b2340"},{"nativeDigest":"3ce987893e565b49d438fdbca89ce5f3ed46071708e4bce0f3686e2f4e2b2340","portableDigest":"3ce987893e565b49d438fdbca89ce5f3ed46071708e4bce0f3686e2f4e2b2340"},{"nativeDigest":"3ce987893e565b49d438fdbca89ce5f3ed46071708e4bce0f3686e2f4e2b2340","portableDigest":"3ce987893e565b49d438fdbca89ce5f3ed46071708e4bce0f3686e2f4e2b2340"},{"nativeDigest":"3ce987893e565b49d438fdbca89ce5f3ed46071708e4bce0f3686e2f4e2b2340","portableDigest":"3ce987893e565b49d438fdbca89ce5f3ed46071708e4bce0f3686e2f4e2b2340"},{"nativeDigest":"3ce987893e565b49d438fdbca89ce5f3ed46071708e4bce0f3686e2f4e2b2340","portableDigest":"3ce987893e565b49d438fdbca89ce5f3ed46071708e4bce0f3686e2f4e2b2340"}],"crossProcessDeterministic":true,"crossProcessRuns":20,"nativeDigest":"3ce987893e565b49d438fdbca89ce5f3ed46071708e4bce0f3686e2f4e2b2340","nativePortableExactOrdered":true,"portableDigest":"3ce987893e565b49d438fdbca89ce5f3ed46071708e4bce0f3686e2f4e2b2340"},"runner":{"contract":"contextmesh-v04-fixed-fixtures-v4",