{"fixtureDigest":"49ab64ba1eaf35b66c5de6ba153a8cd7bbd5ec01635cd84748438018e6af0df1","fixtures":{"large":"c1a300fb7faaaf7e5fb987bdad9b7b933b477969bb29c1cd2724621b0616e25c","medium":"4426d67fea709ed65ffbfc72b5d3094a1c18fc35f00be8007d19eca3eea90940","parity":"f736f731ce21f859e888ad1bad0fe907362738ea4dd1a9597cecc0285cbd7124","small":"f736f731ce21f859e888ad1bad0fe907362738ea4dd1a9597cecc0285cbd7124","typescriptDecision":"b37eb5ae3717370da4a87dec92cbe95d390d22d968f96174791a8bbc3c8fa255","watcher":"f736f731ce21f859e888ad1bad0fe907362738ea4dd1a9597cecc0285cbd7124"},"git":{"baseline":"e37977199e231fc95b581e6254003941b8f447b2","commit":"d2eb52da00f6de07db68020ef528747c5f831b69"},"measurements":{"coldFull":{"large":{"peakKernelRssBytes":17002496,"peakParentRssBytes":575942656,"timing":{"maxMs":597.2587000000003,"minMs":525.0745999999999,"p50Ms":540.5601000000006,"p95Ms":597.2587000000003,"samples":5}},"medium":{"peakKernelRssBytes":16609280,"peakParentRssBytes":552390656,"timing":{"maxMs":425.5947000000001,"minMs":371.52820000000065,"p50Ms":389.8127999999997,"p95Ms":425.5947000000001,"samples":5}},"small":{"peakKernelRssBytes":16138240,"peakParentRssBytes":423133184,"timing":{"maxMs":581.3928999999999,"minMs":331.90020000000027,"p50Ms":346.971,"p95Ms":581.3928999999999,"samples":5}}},"rss":{"estimatedConcurrentPeakBytes":592945152,"peakKernelRssBytes":17002496,"peakParentRssBytes":575942656,"scope":"parent RSS sampled after commit plus sidecar RSS sampled while canonical facts remain resident"},"watcherEventToGeneration":{"maxMs":268.24839999999676,"minMs":225.6481000000058,"p50Ms":246.07210000000487,"p95Ms":258.26169999999547,"samples":20},"workloads":{"large":{"dbCommit":{"maxMs":90.70789999999761,"minMs":63.46499999999651,"p50Ms":74.64709999999832,"p95Ms":90.70789999999761,"samples":10},"filesReparsed":[1,1,1,1,1,1,1,1,1,1],"peakKernelRssBytes":16351232,"providerInvocations":{"typescriptPrecision":[0,0,0,0,0,0,0,0,0,0],"typescriptSyntax":[0,0,0,0,0,0,0,0,0,0]},"singleFileIncremental":{"maxMs":554.5018999999993,"minMs":472.3140000000021,"p50Ms":501.49129999999786,"p95Ms":554.5018999999993,"samples":10},"warm":{"explore":{"maxMs":7.961699999999837,"minMs":5.104699999999866,"p50Ms":6.283299999999144,"p95Ms":7.344199999999546,"samples":20},"search":{"maxMs":5.038399999997637,"minMs":3.3027000000001863,"p50Ms":3.9716000000007625,"p95Ms":4.86529999999766,"samples":20},"trace":{"maxMs":4.912000000000262,"minMs":3.4927999999999884,"p50Ms":4.302400000000489,"p95Ms":4.8224000000009255,"samples":20}}},"medium":{"dbCommit":{"maxMs":28.45310000000063,"minMs":15.501299999999901,"p50Ms":20.422199999999066,"p95Ms":28.45310000000063,"samples":10},"filesReparsed":[1,1,1,1,1,1,1,1,1,1],"peakKernelRssBytes":15622144,"providerInvocations":{"typescriptPrecision":[0,0,0,0,0,0,0,0,0,0],"typescriptSyntax":[0,0,0,0,0,0,0,0,0,0]},"singleFileIncremental":{"maxMs":279.64710000000014,"minMs":255.62710000000152,"p50Ms":259.21900000000096,"p95Ms":279.64710000000014,"samples":10},"warm":{"explore":{"maxMs":8.678799999999683,"minMs":3.728399999999965,"p50Ms":3.923499999998967,"p95Ms":4.143599999999424,"samples":20},"search":{"maxMs":2.9675999999999476,"minMs":1.9730999999992491,"p50Ms":2.100399999999354,"p95Ms":2.226300000000265,"samples":20},"trace":{"maxMs":4.74369999999908,"minMs":2.0173000000013417,"p50Ms":2.1247999999995955,"p95Ms":2.307700000001205,"samples":20}}},"small":{"dbCommit":{"maxMs":17.328700000000026,"minMs":3.249599999999191,"p50Ms":3.6300000000010186,"p95Ms":17.328700000000026,"samples":10},"filesReparsed":[1,1,1,1,1,1,1,1,1,1],"peakKernelRssBytes":15634432,"providerInvocations":{"typescriptPrecision":[0,0,0,0,0,0,0,0,0,0],"typescriptSyntax":[0,0,0,0,0,0,0,0,0,0]},"singleFileIncremental":{"maxMs":221.98220000000038,"minMs":188.3823999999986,"p50Ms":195.6891999999989,"p95Ms":221.98220000000038,"samples":10},"warm":{"explore":{"maxMs":4.838999999999942,"minMs":3.116600000001199,"p50Ms":3.3238000000001193,"p95Ms":3.639899999998306,"samples":20},"search":{"maxMs":1.762300000000323,"minMs":1.3773000000001048,"p50Ms":1.4668000000001484,"p95Ms":1.6947000000000116,"samples":20},"trace":{"maxMs":2.1314999999995052,"minMs":1.375,"p50Ms":1.546200000000681,"p95Ms":1.9258000000008906,"samples":20}}}}},"parity":{"crossProcess":[{"nativeDigest":"ca7bc392e66382c63a71a096e1169a83ca7895988d5da8ce77d1559a81c58b5c","portableDigest":"ca7bc392e66382c63a71a096e1169a83ca7895988d5da8ce77d1559a81c58b5c"},{"nativeDigest":"ca7bc392e66382c63a71a096e1169a83ca7895988d5da8ce77d1559a81c58b5c","portableDigest":"ca7bc392e66382c63a71a096e1169a83ca7895988d5da8ce77d1559a81c58b5c"},{"nativeDigest":"ca7bc392e66382c63a71a096e1169a83ca7895988d5da8ce77d1559a81c58b5c","portableDigest":"ca7bc392e66382c63a71a096e1169a83ca7895988d5da8ce77d1559a81c58b5c"},{"nativeDigest":"ca7bc392e66382c63a71a096e1169a83ca7895988d5da8ce77d1559a81c58b5c","portableDigest":"ca7bc392e66382c63a71a096e1169a83ca7895988d5da8ce77d1559a81c58b5c"},{"nativeDigest":"ca7bc392e66382c63a71a096e1169a83ca7895988d5da8ce77d1559a81c58b5c","portableDigest":"ca7bc392e66382c63a71a096e1169a83ca7895988d5da8ce77d1559a81c58b5c"},{"nativeDigest":"ca7bc392e66382c63a71a096e1169a83ca7895988d5da8ce77d1559a81c58b5c","portableDigest":"ca7bc392e66382c63a71a096e1169a83ca7895988d5da8ce77d1559a81c58b5c"},{"nativeDigest":"ca7bc392e66382c63a71a096e1169a83ca7895988d5da8ce77d1559a81c58b5c","portableDigest":"ca7bc392e66382c63a71a096e1169a83ca7895988d5da8ce77d1559a81c58b5c"},{"nativeDigest":"ca7bc392e66382c63a71a096e1169a83ca7895988d5da8ce77d1559a81c58b5c","portableDigest":"ca7bc392e66382c63a71a096e1169a83ca7895988d5da8ce77d1559a81c58b5c"},{"nativeDigest":"ca7bc392e66382c63a71a096e1169a83ca7895988d5da8ce77d1559a81c58b5c","portableDigest":"ca7bc392e66382c63a71a096e1169a83ca7895988d5da8ce77d1559a81c58b5c"},{"nativeDigest":"ca7bc392e66382c63a71a096e1169a83ca7895988d5da8ce77d1559a81c58b5c","portableDigest":"ca7bc392e66382c63a71a096e1169a83ca7895988d5da8ce77d1559a81c58b5c"},{"nativeDigest":"ca7bc392e66382c63a71a096e1169a83ca7895988d5da8ce77d1559a81c58b5c","portableDigest":"ca7bc392e66382c63a71a096e1169a83ca7895988d5da8ce77d1559a81c58b5c"},{"nativeDigest":"ca7bc392e66382c63a71a096e1169a83ca7895988d5da8ce77d1559a81c58b5c","portableDigest":"ca7bc392e66382c63a71a096e1169a83ca7895988d5da8ce77d1559a81c58b5c"},{"nativeDigest":"ca7bc392e66382c63a71a096e1169a83ca7895988d5da8ce77d1559a81c58b5c","portableDigest":"ca7bc392e66382c63a71a096e1169a83ca7895988d5da8ce77d1559a81c58b5c"},{"nativeDigest":"ca7bc392e66382c63a71a096e1169a83ca7895988d5da8ce77d1559a81c58b5c","portableDigest":"ca7bc392e66382c63a71a096e1169a83ca7895988d5da8ce77d1559a81c58b5c"},{"nativeDigest":"ca7bc392e66382c63a71a096e1169a83ca7895988d5da8ce77d1559a81c58b5c","portableDigest":"ca7bc392e66382c63a71a096e1169a83ca7895988d5da8ce77d1559a81c58b5c"},{"nativeDigest":"ca7bc392e66382c63a71a096e1169a83ca7895988d5da8ce77d1559a81c58b5c","portableDigest":"ca7bc392e66382c63a71a096e1169a83ca7895988d5da8ce77d1559a81c58b5c"},{"nativeDigest":"ca7bc392e66382c63a71a096e1169a83ca7895988d5da8ce77d1559a81c58b5c","portableDigest":"ca7bc392e66382c63a71a096e1169a83ca7895988d5da8ce77d1559a81c58b5c"},{"nativeDigest":"ca7bc392e66382c63a71a096e1169a83ca7895988d5da8ce77d1559a81c58b5c","portableDigest":"ca7bc392e66382c63a71a096e1169a83ca7895988d5da8ce77d1559a81c58b5c"},{"nativeDigest":"ca7bc392e66382c63a71a096e1169a83ca7895988d5da8ce77d1559a81c58b5c","portableDigest":"ca7bc392e66382c63a71a096e1169a83ca7895988d5da8ce77d1559a81c58b5c"},{"nativeDigest":"ca7bc392e66382c63a71a096e1169a83ca7895988d5da8ce77d1559a81c58b5c","portableDigest":"ca7bc392e66382c63a71a096e1169a83ca7895988d5da8ce77d1559a81c58b5c"}],"crossProcessDeterministic":true,"crossProcessRuns":20,"nativeDigest":"ca7bc392e66382c63a71a096e1169a83ca7895988d5da8ce77d1559a81c58b5c","nativePortableExactOrdered":true,"portableDigest":"ca7bc392e66382c63a71a096e1169a83ca7895988d5da8ce77d1559a81c58b5c"},"runner":{"contract":"contextmesh-v04-fixed-fixtures-v4","cpu":"AMD Ryzen 7 7800X3D 8-Core Processor",