{"fixtureDigest":"49ab64ba1eaf35b66c5de6ba153a8cd7bbd5ec01635cd84748438018e6af0df1","fixtures":{"large":"c1a300fb7faaaf7e5fb987bdad9b7b933b477969bb29c1cd2724621b0616e25c","medium":"4426d67fea709ed65ffbfc72b5d3094a1c18fc35f00be8007d19eca3eea90940","parity":"f736f731ce21f859e888ad1bad0fe907362738ea4dd1a9597cecc0285cbd7124","small":"f736f731ce21f859e888ad1bad0fe907362738ea4dd1a9597cecc0285cbd7124","typescriptDecision":"b37eb5ae3717370da4a87dec92cbe95d390d22d968f96174791a8bbc3c8fa255","watcher":"f736f731ce21f859e888ad1bad0fe907362738ea4dd1a9597cecc0285cbd7124"},"git":{"baseline":"e37977199e231fc95b581e6254003941b8f447b2","commit":"bf0eff157015ea2c19c89efa953dca4be2ff2cad"},"measurements":{"coldFull":{"large":{"peakKernelRssBytes":16982016,"peakParentRssBytes":555225088,"timing":{"maxMs":491.4901,"minMs":482.0703000000003,"p50Ms":484.2386000000006,"p95Ms":491.4901,"samples":5}},"medium":{"peakKernelRssBytes":16510976,"peakParentRssBytes":531509248,"timing":{"maxMs":355.24569999999994,"minMs":343.08269999999993,"p50Ms":348.0342999999998,"p95Ms":355.24569999999994,"samples":5}},"small":{"peakKernelRssBytes":15929344,"peakParentRssBytes":481861632,"timing":{"maxMs":434.88929999999993,"minMs":303.2999,"p50Ms":307.05909999999994,"p95Ms":434.88929999999993,"samples":5}}},"rss":{"estimatedConcurrentPeakBytes":572207104,"peakKernelRssBytes":16982016,"peakParentRssBytes":555225088,"scope":"parent RSS sampled after commit plus sidecar RSS sampled while canonical facts remain resident"},"watcherEventToGeneration":{"maxMs":220.92749999999796,"minMs":202.7341000000015,"p50Ms":213.0807000000059,"p95Ms":220.79379999999946,"samples":20},"workloads":{"large":{"dbCommit":{"maxMs":59.018299999999726,"minMs":46.94500000000153,"p50Ms":48.52760000000126,"p95Ms":59.018299999999726,"samples":10},"filesReparsed":[1,1,1,1,1,1,1,1,1,1],"peakKernelRssBytes":15597568,"providerInvocations":{"typescriptPrecision":[0,0,0,0,0,0,0,0,0,0],"typescriptSyntax":[0,0,0,0,0,0,0,0,0,0]},"singleFileIncremental":{"maxMs":390.20230000000083,"minMs":359.851200000001,"p50Ms":366.3630000000012,"p95Ms":390.20230000000083,"samples":10},"warm":{"explore":{"maxMs":5.5217999999986205,"minMs":4.744099999999889,"p50Ms":5.046099999999569,"p95Ms":5.370999999999185,"samples":20},"search":{"maxMs":3.792599999998856,"minMs":3.0494999999991705,"p50Ms":3.4012000000002445,"p95Ms":3.686200000000099,"samples":20},"trace":{"maxMs":5.780400000001464,"minMs":3.1171999999987747,"p50Ms":3.279000000000451,"p95Ms":3.6216000000003987,"samples":20}}},"medium":{"dbCommit":{"maxMs":36.01759999999922,"minMs":13.701300000000629,"p50Ms":14.04739999999947,"p95Ms":36.01759999999922,"samples":10},"filesReparsed":[1,1,1,1,1,1,1,1,1,1],"peakKernelRssBytes":15507456,"providerInvocations":{"typescriptPrecision":[0,0,0,0,0,0,0,0,0,0],"typescriptSyntax":[0,0,0,0,0,0,0,0,0,0]},"singleFileIncremental":{"maxMs":249.72939999999835,"minMs":221.81960000000072,"p50Ms":223.5645999999997,"p95Ms":249.72939999999835,"samples":10},"warm":{"explore":{"maxMs":4.089700000000448,"minMs":3.52560000000085,"p50Ms":3.7905999999984488,"p95Ms":4.058899999999994,"samples":20},"search":{"maxMs":4.453599999998914,"minMs":1.9156000000002678,"p50Ms":1.959899999999834,"p95Ms":2.203300000001036,"samples":20},"trace":{"maxMs":2.208099999999831,"minMs":1.9336000000002969,"p50Ms":2.056800000000294,"p95Ms":2.1894000000011147,"samples":20}}},"small":{"dbCommit":{"maxMs":3.9328999999997905,"minMs":3.030399999999645,"p50Ms":3.191999999999098,"p95Ms":3.9328999999997905,"samples":10},"filesReparsed":[1,1,1,1,1,1,1,1,1,1],"peakKernelRssBytes":15568896,"providerInvocations":{"typescriptPrecision":[0,0,0,0,0,0,0,0,0,0],"typescriptSyntax":[0,0,0,0,0,0,0,0,0,0]},"singleFileIncremental":{"maxMs":193.53000000000065,"minMs":175.34280000000035,"p50Ms":176.60070000000087,"p95Ms":193.53000000000065,"samples":10},"warm":{"explore":{"maxMs":7.592400000001362,"minMs":3.03440000000046,"p50Ms":3.2510000000002037,"p95Ms":4.62460000000101,"samples":20},"search":{"maxMs":1.7427999999999884,"minMs":1.3295999999991182,"p50Ms":1.4596000000001368,"p95Ms":1.7045999999991182,"samples":20},"trace":{"maxMs":1.9524000000001251,"minMs":1.3471000000008644,"p50Ms":1.4883000000008906,"p95Ms":1.6838000000007014,"samples":20}}}}},"parity":{"crossProcess":[{"nativeDigest":"9cd3df5ec10b42e40689962a84c902212db5bf7c7420d26fb46a7544493718d6","portableDigest":"9cd3df5ec10b42e40689962a84c902212db5bf7c7420d26fb46a7544493718d6"},{"nativeDigest":"9cd3df5ec10b42e40689962a84c902212db5bf7c7420d26fb46a7544493718d6","portableDigest":"9cd3df5ec10b42e40689962a84c902212db5bf7c7420d26fb46a7544493718d6"},{"nativeDigest":"9cd3df5ec10b42e40689962a84c902212db5bf7c7420d26fb46a7544493718d6","portableDigest":"9cd3df5ec10b42e40689962a84c902212db5bf7c7420d26fb46a7544493718d6"},{"nativeDigest":"9cd3df5ec10b42e40689962a84c902212db5bf7c7420d26fb46a7544493718d6","portableDigest":"9cd3df5ec10b42e40689962a84c902212db5bf7c7420d26fb46a7544493718d6"},{"nativeDigest":"9cd3df5ec10b42e40689962a84c902212db5bf7c7420d26fb46a7544493718d6","portableDigest":"9cd3df5ec10b42e40689962a84c902212db5bf7c7420d26fb46a7544493718d6"},{"nativeDigest":"9cd3df5ec10b42e40689962a84c902212db5bf7c7420d26fb46a7544493718d6","portableDigest":"9cd3df5ec10b42e40689962a84c902212db5bf7c7420d26fb46a7544493718d6"},{"nativeDigest":"9cd3df5ec10b42e40689962a84c902212db5bf7c7420d26fb46a7544493718d6","portableDigest":"9cd3df5ec10b42e40689962a84c902212db5bf7c7420d26fb46a7544493718d6"},{"nativeDigest":"9cd3df5ec10b42e40689962a84c902212db5bf7c7420d26fb46a7544493718d6","portableDigest":"9cd3df5ec10b42e40689962a84c902212db5bf7c7420d26fb46a7544493718d6"},{"nativeDigest":"9cd3df5ec10b42e40689962a84c902212db5bf7c7420d26fb46a7544493718d6","portableDigest":"9cd3df5ec10b42e40689962a84c902212db5bf7c7420d26fb46a7544493718d6"},{"nativeDigest":"9cd3df5ec10b42e40689962a84c902212db5bf7c7420d26fb46a7544493718d6","portableDigest":"9cd3df5ec10b42e40689962a84c902212db5bf7c7420d26fb46a7544493718d6"},{"nativeDigest":"9cd3df5ec10b42e40689962a84c902212db5bf7c7420d26fb46a7544493718d6","portableDigest":"9cd3df5ec10b42e40689962a84c902212db5bf7c7420d26fb46a7544493718d6"},{"nativeDigest":"9cd3df5ec10b42e40689962a84c902212db5bf7c7420d26fb46a7544493718d6","portableDigest":"9cd3df5ec10b42e40689962a84c902212db5bf7c7420d26fb46a7544493718d6"},{"nativeDigest":"9cd3df5ec10b42e40689962a84c902212db5bf7c7420d26fb46a7544493718d6","portableDigest":"9cd3df5ec10b42e40689962a84c902212db5bf7c7420d26fb46a7544493718d6"},{"nativeDigest":"9cd3df5ec10b42e40689962a84c902212db5bf7c7420d26fb46a7544493718d6","portableDigest":"9cd3df5ec10b42e40689962a84c902212db5bf7c7420d26fb46a7544493718d6"},{"nativeDigest":"9cd3df5ec10b42e40689962a84c902212db5bf7c7420d26fb46a7544493718d6","portableDigest":"9cd3df5ec10b42e40689962a84c902212db5bf7c7420d26fb46a7544493718d6"},{"nativeDigest":"9cd3df5ec10b42e40689962a84c902212db5bf7c7420d26fb46a7544493718d6","portableDigest":"9cd3df5ec10b42e40689962a84c902212db5bf7c7420d26fb46a7544493718d6"},{"nativeDigest":"9cd3df5ec10b42e40689962a84c902212db5bf7c7420d26fb46a7544493718d6","portableDigest":"9cd3df5ec10b42e40689962a84c902212db5bf7c7420d26fb46a7544493718d6"},{"nativeDigest":"9cd3df5ec10b42e40689962a84c902212db5bf7c7420d26fb46a7544493718d6","portableDigest":"9cd3df5ec10b42e40689962a84c902212db5bf7c7420d26fb46a7544493718d6"},{"nativeDigest":"9cd3df5ec10b42e40689962a84c902212db5bf7c7420d26fb46a7544493718d6","portableDigest":"9cd3df5ec10b42e40689962a84c902212db5bf7c7420d26fb46a7544493718d6"},{"nativeDigest":"9cd3df5ec10b42e40689962a84c902212db5bf7c7420d26fb46a7544493718d6","portableDigest":"9cd3df5ec10b42e40689962a84c902212db5bf7c7420d26fb46a7544493718d6"}],"crossProcessDeterministic":true,"crossProcessRuns":20,"nativeDigest":"9cd3df5ec10b42e40689962a84c902212db5bf7c7420d26fb46a7544493718d6","nativePortableExactOrdered":true,"portableDigest":"9cd3df5ec10b42e40689962a84c902212db5bf7c7420d26fb46a7544493718d6"},"runner":{"contract":"contextmesh-v04-fixed-fixtures-v4","cpu":"AMD Ryzen 7 7800X3D 8-Core Processor",