{"fixtureDigest":"49ab64ba1eaf35b66c5de6ba153a8cd7bbd5ec01635cd84748438018e6af0df1","fixtures":{"large":"c1a300fb7faaaf7e5fb987bdad9b7b933b477969bb29c1cd2724621b0616e25c","medium":"4426d67fea709ed65ffbfc72b5d3094a1c18fc35f00be8007d19eca3eea90940","parity":"f736f731ce21f859e888ad1bad0fe907362738ea4dd1a9597cecc0285cbd7124","small":"f736f731ce21f859e888ad1bad0fe907362738ea4dd1a9597cecc0285cbd7124","typescriptDecision":"b37eb5ae3717370da4a87dec92cbe95d390d22d968f96174791a8bbc3c8fa255","watcher":"f736f731ce21f859e888ad1bad0fe907362738ea4dd1a9597cecc0285cbd7124"},"git":{"baseline":"e37977199e231fc95b581e6254003941b8f447b2","commit":"5a9561cbfcc45b8b218acff900177cf07c5a7c8b"},"measurements":{"coldFull":{"large":{"peakKernelRssBytes":16957440,"peakParentRssBytes":548028416,"timing":{"maxMs":658.2797,"minMs":557.5402999999988,"p50Ms":562.2479000000003,"p95Ms":658.2797,"samples":5}},"medium":{"peakKernelRssBytes":16580608,"peakParentRssBytes":534736896,"timing":{"maxMs":462.6098000000002,"minMs":433.6279000000004,"p50Ms":449.8808000000008,"p95Ms":462.6098000000002,"samples":5}},"small":{"peakKernelRssBytes":16125952,"peakParentRssBytes":504385536,"timing":{"maxMs":470.7644,"minMs":323.1055000000001,"p50Ms":346.11649999999986,"p95Ms":470.7644,"samples":5}}},"rss":{"estimatedConcurrentPeakBytes":564985856,"peakKernelRssBytes":16957440,"peakParentRssBytes":548028416,"scope":"parent RSS sampled after commit plus sidecar RSS sampled while canonical facts remain resident"},"watcherEventToGeneration":{"maxMs":252.5630999999994,"minMs":218.7114999999976,"p50Ms":234.24149999999645,"p95Ms":248.9392000000007,"samples":20},"workloads":{"large":{"dbCommit":{"maxMs":72.31290000000081,"minMs":51.433499999999185,"p50Ms":59.012400000003254,"p95Ms":72.31290000000081,"samples":10},"filesReparsed":[1,1,1,1,1,1,1,1,1,1],"peakKernelRssBytes":15761408,"providerInvocations":{"typescriptPrecision":[0,0,0,0,0,0,0,0,0,0],"typescriptSyntax":[0,0,0,0,0,0,0,0,0,0]},"singleFileIncremental":{"maxMs":459.9947000000029,"minMs":388.71299999999974,"p50Ms":412.35889999999927,"p95Ms":459.9947000000029,"samples":10},"warm":{"explore":{"maxMs":5.933399999999892,"minMs":5.045500000000175,"p50Ms":5.434300000000803,"p95Ms":5.695799999999508,"samples":20},"search":{"maxMs":4.282100000000355,"minMs":3.244200000001001,"p50Ms":3.539699999999357,"p95Ms":4.104799999999159,"samples":20},"trace":{"maxMs":6.369399999999587,"minMs":3.278600000001461,"p50Ms":3.4693999999999505,"p95Ms":4.296500000000378,"samples":20}}},"medium":{"dbCommit":{"maxMs":31.359599999999773,"minMs":14.739600000000792,"p50Ms":15.574699999999211,"p95Ms":31.359599999999773,"samples":10},"filesReparsed":[1,1,1,1,1,1,1,1,1,1],"peakKernelRssBytes":15843328,"providerInvocations":{"typescriptPrecision":[0,0,0,0,0,0,0,0,0,0],"typescriptSyntax":[0,0,0,0,0,0,0,0,0,0]},"singleFileIncremental":{"maxMs":299.59990000000107,"minMs":228.51109999999971,"p50Ms":237.46569999999883,"p95Ms":299.59990000000107,"samples":10},"warm":{"explore":{"maxMs":7.441500000000815,"minMs":3.9395999999997002,"p50Ms":4.171800000000076,"p95Ms":4.51089999999931,"samples":20},"search":{"maxMs":2.5120999999999185,"minMs":1.9215999999996711,"p50Ms":2.1409999999996217,"p95Ms":2.469199999999546,"samples":20},"trace":{"maxMs":2.728000000000975,"minMs":1.9893000000010943,"p50Ms":2.231900000000678,"p95Ms":2.6947000000000116,"samples":20}}},"small":{"dbCommit":{"maxMs":5.002200000000812,"minMs":3.145599999999831,"p50Ms":3.5756000000001222,"p95Ms":5.002200000000812,"samples":10},"filesReparsed":[1,1,1,1,1,1,1,1,1,1],"peakKernelRssBytes":15749120,"providerInvocations":{"typescriptPrecision":[0,0,0,0,0,0,0,0,0,0],"typescriptSyntax":[0,0,0,0,0,0,0,0,0,0]},"singleFileIncremental":{"maxMs":223.27620000000024,"minMs":186.33209999999963,"p50Ms":195.33219999999892,"p95Ms":223.27620000000024,"samples":10},"warm":{"explore":{"maxMs":5.568300000000818,"minMs":3.2669000000005326,"p50Ms":3.6916999999994005,"p95Ms":4.247700000001714,"samples":20},"search":{"maxMs":1.9965999999985797,"minMs":1.365799999999581,"p50Ms":1.6082000000005792,"p95Ms":1.9683999999997468,"samples":20},"trace":{"maxMs":2.197700000000623,"minMs":1.3708999999998923,"p50Ms":1.731499999999869,"p95Ms":2.132999999999811,"samples":20}}}}},"parity":{"crossProcess":[{"nativeDigest":"4c3e60a92324c288edbed3f500efcbf81bbb7852ca9b4d8b4c402e6406bf316d","portableDigest":"4c3e60a92324c288edbed3f500efcbf81bbb7852ca9b4d8b4c402e6406bf316d"},{"nativeDigest":"4c3e60a92324c288edbed3f500efcbf81bbb7852ca9b4d8b4c402e6406bf316d","portableDigest":"4c3e60a92324c288edbed3f500efcbf81bbb7852ca9b4d8b4c402e6406bf316d"},{"nativeDigest":"4c3e60a92324c288edbed3f500efcbf81bbb7852ca9b4d8b4c402e6406bf316d","portableDigest":"4c3e60a92324c288edbed3f500efcbf81bbb7852ca9b4d8b4c402e6406bf316d"},{"nativeDigest":"4c3e60a92324c288edbed3f500efcbf81bbb7852ca9b4d8b4c402e6406bf316d","portableDigest":"4c3e60a92324c288edbed3f500efcbf81bbb7852ca9b4d8b4c402e6406bf316d"},{"nativeDigest":"4c3e60a92324c288edbed3f500efcbf81bbb7852ca9b4d8b4c402e6406bf316d","portableDigest":"4c3e60a92324c288edbed3f500efcbf81bbb7852ca9b4d8b4c402e6406bf316d"},{"nativeDigest":"4c3e60a92324c288edbed3f500efcbf81bbb7852ca9b4d8b4c402e6406bf316d","portableDigest":"4c3e60a92324c288edbed3f500efcbf81bbb7852ca9b4d8b4c402e6406bf316d"},{"nativeDigest":"4c3e60a92324c288edbed3f500efcbf81bbb7852ca9b4d8b4c402e6406bf316d","portableDigest":"4c3e60a92324c288edbed3f500efcbf81bbb7852ca9b4d8b4c402e6406bf316d"},{"nativeDigest":"4c3e60a92324c288edbed3f500efcbf81bbb7852ca9b4d8b4c402e6406bf316d","portableDigest":"4c3e60a92324c288edbed3f500efcbf81bbb7852ca9b4d8b4c402e6406bf316d"},{"nativeDigest":"4c3e60a92324c288edbed3f500efcbf81bbb7852ca9b4d8b4c402e6406bf316d","portableDigest":"4c3e60a92324c288edbed3f500efcbf81bbb7852ca9b4d8b4c402e6406bf316d"},{"nativeDigest":"4c3e60a92324c288edbed3f500efcbf81bbb7852ca9b4d8b4c402e6406bf316d","portableDigest":"4c3e60a92324c288edbed3f500efcbf81bbb7852ca9b4d8b4c402e6406bf316d"},{"nativeDigest":"4c3e60a92324c288edbed3f500efcbf81bbb7852ca9b4d8b4c402e6406bf316d","portableDigest":"4c3e60a92324c288edbed3f500efcbf81bbb7852ca9b4d8b4c402e6406bf316d"},{"nativeDigest":"4c3e60a92324c288edbed3f500efcbf81bbb7852ca9b4d8b4c402e6406bf316d","portableDigest":"4c3e60a92324c288edbed3f500efcbf81bbb7852ca9b4d8b4c402e6406bf316d"},{"nativeDigest":"4c3e60a92324c288edbed3f500efcbf81bbb7852ca9b4d8b4c402e6406bf316d","portableDigest":"4c3e60a92324c288edbed3f500efcbf81bbb7852ca9b4d8b4c402e6406bf316d"},{"nativeDigest":"4c3e60a92324c288edbed3f500efcbf81bbb7852ca9b4d8b4c402e6406bf316d","portableDigest":"4c3e60a92324c288edbed3f500efcbf81bbb7852ca9b4d8b4c402e6406bf316d"},{"nativeDigest":"4c3e60a92324c288edbed3f500efcbf81bbb7852ca9b4d8b4c402e6406bf316d","portableDigest":"4c3e60a92324c288edbed3f500efcbf81bbb7852ca9b4d8b4c402e6406bf316d"},{"nativeDigest":"4c3e60a92324c288edbed3f500efcbf81bbb7852ca9b4d8b4c402e6406bf316d","portableDigest":"4c3e60a92324c288edbed3f500efcbf81bbb7852ca9b4d8b4c402e6406bf316d"},{"nativeDigest":"4c3e60a92324c288edbed3f500efcbf81bbb7852ca9b4d8b4c402e6406bf316d","portableDigest":"4c3e60a92324c288edbed3f500efcbf81bbb7852ca9b4d8b4c402e6406bf316d"},{"nativeDigest":"4c3e60a92324c288edbed3f500efcbf81bbb7852ca9b4d8b4c402e6406bf316d","portableDigest":"4c3e60a92324c288edbed3f500efcbf81bbb7852ca9b4d8b4c402e6406bf316d"},{"nativeDigest":"4c3e60a92324c288edbed3f500efcbf81bbb7852ca9b4d8b4c402e6406bf316d","portableDigest":"4c3e60a92324c288edbed3f500efcbf81bbb7852ca9b4d8b4c402e6406bf316d"},{"nativeDigest":"4c3e60a92324c288edbed3f500efcbf81bbb7852ca9b4d8b4c402e6406bf316d","portableDigest":"4c3e60a92324c288edbed3f500efcbf81bbb7852ca9b4d8b4c402e6406bf316d"}],"crossProcessDeterministic":true,"crossProcessRuns":20,"nativeDigest":"4c3e60a92324c288edbed3f500efcbf81bbb7852ca9b4d8b4c402e6406bf316d","nativePortableExactOrdered":true,"portableDigest":"4c3e60a92324c288edbed3f500efcbf81bbb7852ca9b4d8b4c402e6406bf316d"},"runner":{"contract":"contextmesh-v04-fixed-fixtures-v4","cpu":"AMD Ryzen 7 7800X3D 8-Core Processor",