{"fixtureDigest":"49ab64ba1eaf35b66c5de6ba153a8cd7bbd5ec01635cd84748438018e6af0df1","fixtures":{"large":"c1a300fb7faaaf7e5fb987bdad9b7b933b477969bb29c1cd2724621b0616e25c","medium":"4426d67fea709ed65ffbfc72b5d3094a1c18fc35f00be8007d19eca3eea90940","parity":"f736f731ce21f859e888ad1bad0fe907362738ea4dd1a9597cecc0285cbd7124","small":"f736f731ce21f859e888ad1bad0fe907362738ea4dd1a9597cecc0285cbd7124","typescriptDecision":"b37eb5ae3717370da4a87dec92cbe95d390d22d968f96174791a8bbc3c8fa255","watcher":"f736f731ce21f859e888ad1bad0fe907362738ea4dd1a9597cecc0285cbd7124"},"git":{"baseline":"e37977199e231fc95b581e6254003941b8f447b2","commit":"2ec7de5394e3780cc2f637e8270c7c86219a5a8c"},"measurements":{"coldFull":{"large":{"peakKernelRssBytes":17465344,"peakParentRssBytes":536055808,"timing":{"maxMs":667.6953999999996,"minMs":562.7044000000005,"p50Ms":603.335,"p95Ms":667.6953999999996,"samples":5}},"medium":{"peakKernelRssBytes":17051648,"peakParentRssBytes":524451840,"timing":{"maxMs":416.0054,"minMs":383.0537999999997,"p50Ms":392.9841000000006,"p95Ms":416.0054,"samples":5}},"small":{"peakKernelRssBytes":16543744,"peakParentRssBytes":409112576,"timing":{"maxMs":468.7175,"minMs":333.6757,"p50Ms":340.1806999999999,"p95Ms":468.7175,"samples":5}}},"rss":{"estimatedConcurrentPeakBytes":553521152,"peakKernelRssBytes":17465344,"peakParentRssBytes":536055808,"scope":"parent RSS sampled after commit plus sidecar RSS sampled while canonical facts remain resident"},"watcherEventToGeneration":{"maxMs":306.8381999999983,"minMs":224.98889999999665,"p50Ms":236.46080000000075,"p95Ms":295.0991999999969,"samples":20},"workloads":{"large":{"dbCommit":{"maxMs":73.15210000000297,"minMs":50.874299999999494,"p50Ms":54.401999999998225,"p95Ms":73.15210000000297,"samples":10},"filesReparsed":[1,1,1,1,1,1,1,1,1,1],"peakKernelRssBytes":16191488,"providerInvocations":{"typescriptPrecision":[0,0,0,0,0,0,0,0,0,0],"typescriptSyntax":[0,0,0,0,0,0,0,0,0,0]},"singleFileIncremental":{"maxMs":546.3642,"minMs":393.27370000000155,"p50Ms":421.5645999999979,"p95Ms":546.3642,"samples":10},"warm":{"explore":{"maxMs":8.684300000000803,"minMs":5.118399999999383,"p50Ms":5.691000000000713,"p95Ms":7.096400000000358,"samples":20},"search":{"maxMs":6.780200000001059,"minMs":3.2537000000011176,"p50Ms":3.6635999999998603,"p95Ms":4.475400000001173,"samples":20},"trace":{"maxMs":5.30199999999968,"minMs":3.2484000000004016,"p50Ms":3.5090999999993073,"p95Ms":5.26720000000023,"samples":20}}},"medium":{"dbCommit":{"maxMs":31.465299999999843,"minMs":15.30869999999959,"p50Ms":16.57810000000063,"p95Ms":31.465299999999843,"samples":10},"filesReparsed":[1,1,1,1,1,1,1,1,1,1],"peakKernelRssBytes":16134144,"providerInvocations":{"typescriptPrecision":[0,0,0,0,0,0,0,0,0,0],"typescriptSyntax":[0,0,0,0,0,0,0,0,0,0]},"singleFileIncremental":{"maxMs":259.1203000000005,"minMs":237.3869999999988,"p50Ms":249.62820000000102,"p95Ms":259.1203000000005,"samples":10},"warm":{"explore":{"maxMs":5.610799999998562,"minMs":3.923499999998967,"p50Ms":4.259299999999712,"p95Ms":5.46900000000096,"samples":20},"search":{"maxMs":5.1164000000007945,"minMs":1.9501000000000204,"p50Ms":2.1507000000001426,"p95Ms":2.5653000000002066,"samples":20},"trace":{"maxMs":8.117199999998775,"minMs":2.013300000000527,"p50Ms":2.2494000000006054,"p95Ms":2.668099999998958,"samples":20}}},"small":{"dbCommit":{"maxMs":4.690599999999904,"minMs":3.3365999999987253,"p50Ms":3.773800000000847,"p95Ms":4.690599999999904,"samples":10},"filesReparsed":[1,1,1,1,1,1,1,1,1,1],"peakKernelRssBytes":16191488,"providerInvocations":{"typescriptPrecision":[0,0,0,0,0,0,0,0,0,0],"typescriptSyntax":[0,0,0,0,0,0,0,0,0,0]},"singleFileIncremental":{"maxMs":210.99499999999898,"minMs":188.45859999999993,"p50Ms":195.3729000000003,"p95Ms":210.99499999999898,"samples":10},"warm":{"explore":{"maxMs":5.9385999999994965,"minMs":3.3828000000012253,"p50Ms":3.6429000000007363,"p95Ms":4.577199999999721,"samples":20},"search":{"maxMs":2.0367999999998574,"minMs":1.49120000000039,"p50Ms":1.6335999999992055,"p95Ms":1.8053999999992811,"samples":20},"trace":{"maxMs":2.1445999999996275,"minMs":1.4391999999988911,"p50Ms":1.6286000000000058,"p95Ms":2.142700000000332,"samples":20}}}}},"parity":{"crossProcess":[{"nativeDigest":"991bfcc105134e8a3da919e58ca46d6dd28d1b1212a8c47791b6d2cdac7bbff8","portableDigest":"991bfcc105134e8a3da919e58ca46d6dd28d1b1212a8c47791b6d2cdac7bbff8"},{"nativeDigest":"991bfcc105134e8a3da919e58ca46d6dd28d1b1212a8c47791b6d2cdac7bbff8","portableDigest":"991bfcc105134e8a3da919e58ca46d6dd28d1b1212a8c47791b6d2cdac7bbff8"},{"nativeDigest":"991bfcc105134e8a3da919e58ca46d6dd28d1b1212a8c47791b6d2cdac7bbff8","portableDigest":"991bfcc105134e8a3da919e58ca46d6dd28d1b1212a8c47791b6d2cdac7bbff8"},{"nativeDigest":"991bfcc105134e8a3da919e58ca46d6dd28d1b1212a8c47791b6d2cdac7bbff8","portableDigest":"991bfcc105134e8a3da919e58ca46d6dd28d1b1212a8c47791b6d2cdac7bbff8"},{"nativeDigest":"991bfcc105134e8a3da919e58ca46d6dd28d1b1212a8c47791b6d2cdac7bbff8","portableDigest":"991bfcc105134e8a3da919e58ca46d6dd28d1b1212a8c47791b6d2cdac7bbff8"},{"nativeDigest":"991bfcc105134e8a3da919e58ca46d6dd28d1b1212a8c47791b6d2cdac7bbff8","portableDigest":"991bfcc105134e8a3da919e58ca46d6dd28d1b1212a8c47791b6d2cdac7bbff8"},{"nativeDigest":"991bfcc105134e8a3da919e58ca46d6dd28d1b1212a8c47791b6d2cdac7bbff8","portableDigest":"991bfcc105134e8a3da919e58ca46d6dd28d1b1212a8c47791b6d2cdac7bbff8"},{"nativeDigest":"991bfcc105134e8a3da919e58ca46d6dd28d1b1212a8c47791b6d2cdac7bbff8","portableDigest":"991bfcc105134e8a3da919e58ca46d6dd28d1b1212a8c47791b6d2cdac7bbff8"},{"nativeDigest":"991bfcc105134e8a3da919e58ca46d6dd28d1b1212a8c47791b6d2cdac7bbff8","portableDigest":"991bfcc105134e8a3da919e58ca46d6dd28d1b1212a8c47791b6d2cdac7bbff8"},{"nativeDigest":"991bfcc105134e8a3da919e58ca46d6dd28d1b1212a8c47791b6d2cdac7bbff8","portableDigest":"991bfcc105134e8a3da919e58ca46d6dd28d1b1212a8c47791b6d2cdac7bbff8"},{"nativeDigest":"991bfcc105134e8a3da919e58ca46d6dd28d1b1212a8c47791b6d2cdac7bbff8","portableDigest":"991bfcc105134e8a3da919e58ca46d6dd28d1b1212a8c47791b6d2cdac7bbff8"},{"nativeDigest":"991bfcc105134e8a3da919e58ca46d6dd28d1b1212a8c47791b6d2cdac7bbff8","portableDigest":"991bfcc105134e8a3da919e58ca46d6dd28d1b1212a8c47791b6d2cdac7bbff8"},{"nativeDigest":"991bfcc105134e8a3da919e58ca46d6dd28d1b1212a8c47791b6d2cdac7bbff8","portableDigest":"991bfcc105134e8a3da919e58ca46d6dd28d1b1212a8c47791b6d2cdac7bbff8"},{"nativeDigest":"991bfcc105134e8a3da919e58ca46d6dd28d1b1212a8c47791b6d2cdac7bbff8","portableDigest":"991bfcc105134e8a3da919e58ca46d6dd28d1b1212a8c47791b6d2cdac7bbff8"},{"nativeDigest":"991bfcc105134e8a3da919e58ca46d6dd28d1b1212a8c47791b6d2cdac7bbff8","portableDigest":"991bfcc105134e8a3da919e58ca46d6dd28d1b1212a8c47791b6d2cdac7bbff8"},{"nativeDigest":"991bfcc105134e8a3da919e58ca46d6dd28d1b1212a8c47791b6d2cdac7bbff8","portableDigest":"991bfcc105134e8a3da919e58ca46d6dd28d1b1212a8c47791b6d2cdac7bbff8"},{"nativeDigest":"991bfcc105134e8a3da919e58ca46d6dd28d1b1212a8c47791b6d2cdac7bbff8","portableDigest":"991bfcc105134e8a3da919e58ca46d6dd28d1b1212a8c47791b6d2cdac7bbff8"},{"nativeDigest":"991bfcc105134e8a3da919e58ca46d6dd28d1b1212a8c47791b6d2cdac7bbff8","portableDigest":"991bfcc105134e8a3da919e58ca46d6dd28d1b1212a8c47791b6d2cdac7bbff8"},{"nativeDigest":"991bfcc105134e8a3da919e58ca46d6dd28d1b1212a8c47791b6d2cdac7bbff8","portableDigest":"991bfcc105134e8a3da919e58ca46d6dd28d1b1212a8c47791b6d2cdac7bbff8"},{"nativeDigest":"991bfcc105134e8a3da919e58ca46d6dd28d1b1212a8c47791b6d2cdac7bbff8","portableDigest":"991bfcc105134e8a3da919e58ca46d6dd28d1b1212a8c47791b6d2cdac7bbff8"}],"crossProcessDeterministic":true,"crossProcessRuns":20,"nativeDigest":"991bfcc105134e8a3da919e58ca46d6dd28d1b1212a8c47791b6d2cdac7bbff8","nativePortableExactOrdered":true,"portableDigest":"991bfcc105134e8a3da919e58ca46d6dd28d1b1212a8c47791b6d2cdac7bbff8"},"runner":{"contract":"contextmesh-v04-fixed-fixtures-v4","cpu":"AMD Ryzen 7 7800X3D 8-Core Processor","hardwareProfile":"windows-ms7d75-7800x3d-32gb-v1",