{"fixtureDigest":"49ab64ba1eaf35b66c5de6ba153a8cd7bbd5ec01635cd84748438018e6af0df1","fixtures":{"large":"c1a300fb7faaaf7e5fb987bdad9b7b933b477969bb29c1cd2724621b0616e25c","medium":"4426d67fea709ed65ffbfc72b5d3094a1c18fc35f00be8007d19eca3eea90940","parity":"f736f731ce21f859e888ad1bad0fe907362738ea4dd1a9597cecc0285cbd7124","small":"f736f731ce21f859e888ad1bad0fe907362738ea4dd1a9597cecc0285cbd7124","typescriptDecision":"b37eb5ae3717370da4a87dec92cbe95d390d22d968f96174791a8bbc3c8fa255","watcher":"f736f731ce21f859e888ad1bad0fe907362738ea4dd1a9597cecc0285cbd7124"},"git":{"baseline":"e37977199e231fc95b581e6254003941b8f447b2","commit":"4d9acb0dd9d31e77155508e331781bc7120878db"},"measurements":{"coldFull":{"large":{"peakKernelRssBytes":16842752,"peakParentRssBytes":582393856,"timing":{"maxMs":563.1939000000002,"minMs":525.0565999999999,"p50Ms":549.6854999999996,"p95Ms":563.1939000000002,"samples":5}},"medium":{"peakKernelRssBytes":16568320,"peakParentRssBytes":568619008,"timing":{"maxMs":413.1096000000002,"minMs":390.4416000000001,"p50Ms":406.6941000000006,"p95Ms":413.1096000000002,"samples":5}},"small":{"peakKernelRssBytes":15941632,"peakParentRssBytes":446627840,"timing":{"maxMs":478.40610000000004,"minMs":349.58719999999994,"p50Ms":362.03909999999973,"p95Ms":478.40610000000004,"samples":5}}},"rss":{"estimatedConcurrentPeakBytes":599236608,"peakKernelRssBytes":16842752,"peakParentRssBytes":582393856,"scope":"parent RSS sampled after commit plus sidecar RSS sampled while canonical facts remain resident"},"watcherEventToGeneration":{"maxMs":258.3362999999954,"minMs":208.02160000000003,"p50Ms":219.30889999999636,"p95Ms":245.8510000000024,"samples":20},"workloads":{"large":{"dbCommit":{"maxMs":74.10610000000088,"minMs":52.00209999999788,"p50Ms":53.874299999999494,"p95Ms":74.10610000000088,"samples":10},"filesReparsed":[1,1,1,1,1,1,1,1,1,1],"peakKernelRssBytes":15519744,"providerInvocations":{"typescriptPrecision":[0,0,0,0,0,0,0,0,0,0],"typescriptSyntax":[0,0,0,0,0,0,0,0,0,0]},"singleFileIncremental":{"maxMs":427.06760000000213,"minMs":388.8244999999988,"p50Ms":411.1776000000009,"p95Ms":427.06760000000213,"samples":10},"warm":{"explore":{"maxMs":6.150699999998324,"minMs":5.014199999999619,"p50Ms":5.525499999999738,"p95Ms":5.929599999999482,"samples":20},"search":{"maxMs":6.278699999998935,"minMs":3.242500000000291,"p50Ms":3.648800000000847,"p95Ms":4.2497999999995955,"samples":20},"trace":{"maxMs":3.834000000000742,"minMs":3.2749000000003434,"p50Ms":3.5992999999998574,"p95Ms":3.8127000000004045,"samples":20}}},"medium":{"dbCommit":{"maxMs":33.0711999999985,"minMs":14.857299999999668,"p50Ms":15.48029999999926,"p95Ms":33.0711999999985,"samples":10},"filesReparsed":[1,1,1,1,1,1,1,1,1,1],"peakKernelRssBytes":15581184,"providerInvocations":{"typescriptPrecision":[0,0,0,0,0,0,0,0,0,0],"typescriptSyntax":[0,0,0,0,0,0,0,0,0,0]},"singleFileIncremental":{"maxMs":264.58519999999953,"minMs":231.6790000000001,"p50Ms":238.5636999999988,"p95Ms":264.58519999999953,"samples":10},"warm":{"explore":{"maxMs":5.393000000000029,"minMs":3.8117999999994936,"p50Ms":4.111399999999776,"p95Ms":5.1107000000010885,"samples":20},"search":{"maxMs":2.6903000000002066,"minMs":1.9117000000005646,"p50Ms":2.0926999999992404,"p95Ms":2.6057999999993626,"samples":20},"trace":{"maxMs":7.184400000000096,"minMs":1.9434000000001106,"p50Ms":2.184900000000198,"p95Ms":5.24159999999938,"samples":20}}},"small":{"dbCommit":{"maxMs":19.158699999999953,"minMs":3.1642999999985477,"p50Ms":3.3874999999989086,"p95Ms":19.158699999999953,"samples":10},"filesReparsed":[1,1,1,1,1,1,1,1,1,1],"peakKernelRssBytes":15515648,"providerInvocations":{"typescriptPrecision":[0,0,0,0,0,0,0,0,0,0],"typescriptSyntax":[0,0,0,0,0,0,0,0,0,0]},"singleFileIncremental":{"maxMs":223.07690000000002,"minMs":181.64660000000003,"p50Ms":185.35499999999956,"p95Ms":223.07690000000002,"samples":10},"warm":{"explore":{"maxMs":5.172099999999773,"minMs":3.5306000000000495,"p50Ms":3.7458999999998923,"p95Ms":4.859300000000076,"samples":20},"search":{"maxMs":2.1780999999991764,"minMs":1.4243999999998778,"p50Ms":1.5236999999997352,"p95Ms":2.101699999999255,"samples":20},"trace":{"maxMs":2.2600000000002183,"minMs":1.4588000000003376,"p50Ms":1.5691999999999098,"p95Ms":2.2568000000010215,"samples":20}}}}},"parity":{"crossProcess":[{"nativeDigest":"3df5895ef263498e9cfd87cf79dfb5ee2ea49973f7cfb2c8d36aafb32b571e87","portableDigest":"3df5895ef263498e9cfd87cf79dfb5ee2ea49973f7cfb2c8d36aafb32b571e87"},{"nativeDigest":"3df5895ef263498e9cfd87cf79dfb5ee2ea49973f7cfb2c8d36aafb32b571e87","portableDigest":"3df5895ef263498e9cfd87cf79dfb5ee2ea49973f7cfb2c8d36aafb32b571e87"},{"nativeDigest":"3df5895ef263498e9cfd87cf79dfb5ee2ea49973f7cfb2c8d36aafb32b571e87","portableDigest":"3df5895ef263498e9cfd87cf79dfb5ee2ea49973f7cfb2c8d36aafb32b571e87"},{"nativeDigest":"3df5895ef263498e9cfd87cf79dfb5ee2ea49973f7cfb2c8d36aafb32b571e87","portableDigest":"3df5895ef263498e9cfd87cf79dfb5ee2ea49973f7cfb2c8d36aafb32b571e87"},{"nativeDigest":"3df5895ef263498e9cfd87cf79dfb5ee2ea49973f7cfb2c8d36aafb32b571e87","portableDigest":"3df5895ef263498e9cfd87cf79dfb5ee2ea49973f7cfb2c8d36aafb32b571e87"},{"nativeDigest":"3df5895ef263498e9cfd87cf79dfb5ee2ea49973f7cfb2c8d36aafb32b571e87","portableDigest":"3df5895ef263498e9cfd87cf79dfb5ee2ea49973f7cfb2c8d36aafb32b571e87"},{"nativeDigest":"3df5895ef263498e9cfd87cf79dfb5ee2ea49973f7cfb2c8d36aafb32b571e87","portableDigest":"3df5895ef263498e9cfd87cf79dfb5ee2ea49973f7cfb2c8d36aafb32b571e87"},{"nativeDigest":"3df5895ef263498e9cfd87cf79dfb5ee2ea49973f7cfb2c8d36aafb32b571e87","portableDigest":"3df5895ef263498e9cfd87cf79dfb5ee2ea49973f7cfb2c8d36aafb32b571e87"},{"nativeDigest":"3df5895ef263498e9cfd87cf79dfb5ee2ea49973f7cfb2c8d36aafb32b571e87","portableDigest":"3df5895ef263498e9cfd87cf79dfb5ee2ea49973f7cfb2c8d36aafb32b571e87"},{"nativeDigest":"3df5895ef263498e9cfd87cf79dfb5ee2ea49973f7cfb2c8d36aafb32b571e87","portableDigest":"3df5895ef263498e9cfd87cf79dfb5ee2ea49973f7cfb2c8d36aafb32b571e87"},{"nativeDigest":"3df5895ef263498e9cfd87cf79dfb5ee2ea49973f7cfb2c8d36aafb32b571e87","portableDigest":"3df5895ef263498e9cfd87cf79dfb5ee2ea49973f7cfb2c8d36aafb32b571e87"},{"nativeDigest":"3df5895ef263498e9cfd87cf79dfb5ee2ea49973f7cfb2c8d36aafb32b571e87","portableDigest":"3df5895ef263498e9cfd87cf79dfb5ee2ea49973f7cfb2c8d36aafb32b571e87"},{"nativeDigest":"3df5895ef263498e9cfd87cf79dfb5ee2ea49973f7cfb2c8d36aafb32b571e87","portableDigest":"3df5895ef263498e9cfd87cf79dfb5ee2ea49973f7cfb2c8d36aafb32b571e87"},{"nativeDigest":"3df5895ef263498e9cfd87cf79dfb5ee2ea49973f7cfb2c8d36aafb32b571e87","portableDigest":"3df5895ef263498e9cfd87cf79dfb5ee2ea49973f7cfb2c8d36aafb32b571e87"},{"nativeDigest":"3df5895ef263498e9cfd87cf79dfb5ee2ea49973f7cfb2c8d36aafb32b571e87","portableDigest":"3df5895ef263498e9cfd87cf79dfb5ee2ea49973f7cfb2c8d36aafb32b571e87"},{"nativeDigest":"3df5895ef263498e9cfd87cf79dfb5ee2ea49973f7cfb2c8d36aafb32b571e87","portableDigest":"3df5895ef263498e9cfd87cf79dfb5ee2ea49973f7cfb2c8d36aafb32b571e87"},{"nativeDigest":"3df5895ef263498e9cfd87cf79dfb5ee2ea49973f7cfb2c8d36aafb32b571e87","portableDigest":"3df5895ef263498e9cfd87cf79dfb5ee2ea49973f7cfb2c8d36aafb32b571e87"},{"nativeDigest":"3df5895ef263498e9cfd87cf79dfb5ee2ea49973f7cfb2c8d36aafb32b571e87","portableDigest":"3df5895ef263498e9cfd87cf79dfb5ee2ea49973f7cfb2c8d36aafb32b571e87"},{"nativeDigest":"3df5895ef263498e9cfd87cf79dfb5ee2ea49973f7cfb2c8d36aafb32b571e87","portableDigest":"3df5895ef263498e9cfd87cf79dfb5ee2ea49973f7cfb2c8d36aafb32b571e87"},{"nativeDigest":"3df5895ef263498e9cfd87cf79dfb5ee2ea49973f7cfb2c8d36aafb32b571e87","portableDigest":"3df5895ef263498e9cfd87cf79dfb5ee2ea49973f7cfb2c8d36aafb32b571e87"}],"crossProcessDeterministic":true,"crossProcessRuns":20,"nativeDigest":"3df5895ef263498e9cfd87cf79dfb5ee2ea49973f7cfb2c8d36aafb32b571e87","nativePortableExactOrdered":true,"portableDigest":"3df5895ef263498e9cfd87cf79dfb5ee2ea49973f7cfb2c8d36aafb32b571e87"},"runner":{"contract":"contextmesh-v04-fixed-fixtures-v4",