{"fixtureDigest":"49ab64ba1eaf35b66c5de6ba153a8cd7bbd5ec01635cd84748438018e6af0df1","fixtures":{"large":"c1a300fb7faaaf7e5fb987bdad9b7b933b477969bb29c1cd2724621b0616e25c","medium":"4426d67fea709ed65ffbfc72b5d3094a1c18fc35f00be8007d19eca3eea90940","parity":"f736f731ce21f859e888ad1bad0fe907362738ea4dd1a9597cecc0285cbd7124","small":"f736f731ce21f859e888ad1bad0fe907362738ea4dd1a9597cecc0285cbd7124","typescriptDecision":"b37eb5ae3717370da4a87dec92cbe95d390d22d968f96174791a8bbc3c8fa255","watcher":"f736f731ce21f859e888ad1bad0fe907362738ea4dd1a9597cecc0285cbd7124"},"git":{"baseline":"e37977199e231fc95b581e6254003941b8f447b2","commit":"8a435841a727c9c050d576fcacc9458f53cdd97b"},"measurements":{"coldFull":{"large":{"peakKernelRssBytes":17891328,"peakParentRssBytes":469413888,"timing":{"maxMs":569.4521000000004,"minMs":543.2353000000003,"p50Ms":555.7777999999998,"p95Ms":569.4521000000004,"samples":5}},"medium":{"peakKernelRssBytes":17461248,"peakParentRssBytes":462364672,"timing":{"maxMs":415.9985999999999,"minMs":383.2397000000001,"p50Ms":404.7728999999995,"p95Ms":415.9985999999999,"samples":5}},"small":{"peakKernelRssBytes":16965632,"peakParentRssBytes":384937984,"timing":{"maxMs":462.93679999999995,"minMs":318.2835,"p50Ms":348.50379999999996,"p95Ms":462.93679999999995,"samples":5}}},"rss":{"estimatedConcurrentPeakBytes":487305216,"peakKernelRssBytes":17891328,"peakParentRssBytes":469413888,"scope":"parent RSS sampled after commit plus sidecar RSS sampled while canonical facts remain resident"},"watcherEventToGeneration":{"maxMs":240.6603000000032,"minMs":209.73559999999998,"p50Ms":215.40750000000116,"p95Ms":228.72410000000673,"samples":20},"workloads":{"large":{"dbCommit":{"maxMs":79.65990000000238,"minMs":52.466700000000856,"p50Ms":53.88980000000083,"p95Ms":79.65990000000238,"samples":10},"filesReparsed":[1,1,1,1,1,1,1,1,1,1],"peakKernelRssBytes":16793600,"providerInvocations":{"typescriptPrecision":[0,0,0,0,0,0,0,0,0,0],"typescriptSyntax":[0,0,0,0,0,0,0,0,0,0]},"singleFileIncremental":{"maxMs":446.11009999999806,"minMs":384.9019999999982,"p50Ms":400.23619999999937,"p95Ms":446.11009999999806,"samples":10},"warm":{"explore":{"maxMs":9.474200000000565,"minMs":5.337700000000041,"p50Ms":5.843200000001161,"p95Ms":6.174200000001292,"samples":20},"search":{"maxMs":6.682200000001103,"minMs":3.4179999999996653,"p50Ms":3.6393000000007305,"p95Ms":6.0504000000000815,"samples":20},"trace":{"maxMs":4.5745999999999185,"minMs":3.391300000001138,"p50Ms":3.738999999999578,"p95Ms":4.572999999998501,"samples":20}}},"medium":{"dbCommit":{"maxMs":30.614599999998973,"minMs":13.880100000000311,"p50Ms":15.222099999999045,"p95Ms":30.614599999998973,"samples":10},"filesReparsed":[1,1,1,1,1,1,1,1,1,1],"peakKernelRssBytes":16560128,"providerInvocations":{"typescriptPrecision":[0,0,0,0,0,0,0,0,0,0],"typescriptSyntax":[0,0,0,0,0,0,0,0,0,0]},"singleFileIncremental":{"maxMs":259.4170000000013,"minMs":229.71420000000035,"p50Ms":235.05069999999978,"p95Ms":259.4170000000013,"samples":10},"warm":{"explore":{"maxMs":8.062199999998484,"minMs":3.978399999999965,"p50Ms":4.427400000000489,"p95Ms":7.156699999999546,"samples":20},"search":{"maxMs":2.7321000000010827,"minMs":1.990300000001298,"p50Ms":2.235399999999572,"p95Ms":2.6846999999997934,"samples":20},"trace":{"maxMs":2.7855000000017753,"minMs":2.1044999999994616,"p50Ms":2.4354000000002998,"p95Ms":2.7423999999991793,"samples":20}}},"small":{"dbCommit":{"maxMs":20.453599999998914,"minMs":3.29320000000007,"p50Ms":3.541299999998955,"p95Ms":20.453599999998914,"samples":10},"filesReparsed":[1,1,1,1,1,1,1,1,1,1],"peakKernelRssBytes":16592896,"providerInvocations":{"typescriptPrecision":[0,0,0,0,0,0,0,0,0,0],"typescriptSyntax":[0,0,0,0,0,0,0,0,0,0]},"singleFileIncremental":{"maxMs":215.52330000000075,"minMs":185.78189999999995,"p50Ms":187.26850000000013,"p95Ms":215.52330000000075,"samples":10},"warm":{"explore":{"maxMs":5.730799999999363,"minMs":3.349400000000969,"p50Ms":3.689199999998891,"p95Ms":4.372499999999491,"samples":20},"search":{"maxMs":2.2371000000002823,"minMs":1.4030000000002474,"p50Ms":1.6682000000000698,"p95Ms":1.8942999999999302,"samples":20},"trace":{"maxMs":7.163000000000466,"minMs":1.4099999999998545,"p50Ms":1.5956999999998516,"p95Ms":2.346299999999246,"samples":20}}}}},"parity":{"crossProcess":[{"nativeDigest":"43ebe2caaf723c4d1e5cffc5511d47392c01cc013a543e81b923a24fe7795d3d","portableDigest":"43ebe2caaf723c4d1e5cffc5511d47392c01cc013a543e81b923a24fe7795d3d"},{"nativeDigest":"43ebe2caaf723c4d1e5cffc5511d47392c01cc013a543e81b923a24fe7795d3d","portableDigest":"43ebe2caaf723c4d1e5cffc5511d47392c01cc013a543e81b923a24fe7795d3d"},{"nativeDigest":"43ebe2caaf723c4d1e5cffc5511d47392c01cc013a543e81b923a24fe7795d3d","portableDigest":"43ebe2caaf723c4d1e5cffc5511d47392c01cc013a543e81b923a24fe7795d3d"},{"nativeDigest":"43ebe2caaf723c4d1e5cffc5511d47392c01cc013a543e81b923a24fe7795d3d","portableDigest":"43ebe2caaf723c4d1e5cffc5511d47392c01cc013a543e81b923a24fe7795d3d"},{"nativeDigest":"43ebe2caaf723c4d1e5cffc5511d47392c01cc013a543e81b923a24fe7795d3d","portableDigest":"43ebe2caaf723c4d1e5cffc5511d47392c01cc013a543e81b923a24fe7795d3d"},{"nativeDigest":"43ebe2caaf723c4d1e5cffc5511d47392c01cc013a543e81b923a24fe7795d3d","portableDigest":"43ebe2caaf723c4d1e5cffc5511d47392c01cc013a543e81b923a24fe7795d3d"},{"nativeDigest":"43ebe2caaf723c4d1e5cffc5511d47392c01cc013a543e81b923a24fe7795d3d","portableDigest":"43ebe2caaf723c4d1e5cffc5511d47392c01cc013a543e81b923a24fe7795d3d"},{"nativeDigest":"43ebe2caaf723c4d1e5cffc5511d47392c01cc013a543e81b923a24fe7795d3d","portableDigest":"43ebe2caaf723c4d1e5cffc5511d47392c01cc013a543e81b923a24fe7795d3d"},{"nativeDigest":"43ebe2caaf723c4d1e5cffc5511d47392c01cc013a543e81b923a24fe7795d3d","portableDigest":"43ebe2caaf723c4d1e5cffc5511d47392c01cc013a543e81b923a24fe7795d3d"},{"nativeDigest":"43ebe2caaf723c4d1e5cffc5511d47392c01cc013a543e81b923a24fe7795d3d","portableDigest":"43ebe2caaf723c4d1e5cffc5511d47392c01cc013a543e81b923a24fe7795d3d"},{"nativeDigest":"43ebe2caaf723c4d1e5cffc5511d47392c01cc013a543e81b923a24fe7795d3d","portableDigest":"43ebe2caaf723c4d1e5cffc5511d47392c01cc013a543e81b923a24fe7795d3d"},{"nativeDigest":"43ebe2caaf723c4d1e5cffc5511d47392c01cc013a543e81b923a24fe7795d3d","portableDigest":"43ebe2caaf723c4d1e5cffc5511d47392c01cc013a543e81b923a24fe7795d3d"},{"nativeDigest":"43ebe2caaf723c4d1e5cffc5511d47392c01cc013a543e81b923a24fe7795d3d","portableDigest":"43ebe2caaf723c4d1e5cffc5511d47392c01cc013a543e81b923a24fe7795d3d"},{"nativeDigest":"43ebe2caaf723c4d1e5cffc5511d47392c01cc013a543e81b923a24fe7795d3d","portableDigest":"43ebe2caaf723c4d1e5cffc5511d47392c01cc013a543e81b923a24fe7795d3d"},{"nativeDigest":"43ebe2caaf723c4d1e5cffc5511d47392c01cc013a543e81b923a24fe7795d3d","portableDigest":"43ebe2caaf723c4d1e5cffc5511d47392c01cc013a543e81b923a24fe7795d3d"},{"nativeDigest":"43ebe2caaf723c4d1e5cffc5511d47392c01cc013a543e81b923a24fe7795d3d","portableDigest":"43ebe2caaf723c4d1e5cffc5511d47392c01cc013a543e81b923a24fe7795d3d"},{"nativeDigest":"43ebe2caaf723c4d1e5cffc5511d47392c01cc013a543e81b923a24fe7795d3d","portableDigest":"43ebe2caaf723c4d1e5cffc5511d47392c01cc013a543e81b923a24fe7795d3d"},{"nativeDigest":"43ebe2caaf723c4d1e5cffc5511d47392c01cc013a543e81b923a24fe7795d3d","portableDigest":"43ebe2caaf723c4d1e5cffc5511d47392c01cc013a543e81b923a24fe7795d3d"},{"nativeDigest":"43ebe2caaf723c4d1e5cffc5511d47392c01cc013a543e81b923a24fe7795d3d","portableDigest":"43ebe2caaf723c4d1e5cffc5511d47392c01cc013a543e81b923a24fe7795d3d"},{"nativeDigest":"43ebe2caaf723c4d1e5cffc5511d47392c01cc013a543e81b923a24fe7795d3d","portableDigest":"43ebe2caaf723c4d1e5cffc5511d47392c01cc013a543e81b923a24fe7795d3d"}],"crossProcessDeterministic":true,"crossProcessRuns":20,"nativeDigest":"43ebe2caaf723c4d1e5cffc5511d47392c01cc013a543e81b923a24fe7795d3d","nativePortableExactOrdered":true,"portableDigest":"43ebe2caaf723c4d1e5cffc5511d47392c01cc013a543e81b923a24fe7795d3d"},"runner":{"contract":"contextmesh-v04-fixed-fixtures-v4",