{"fixtureDigest":"49ab64ba1eaf35b66c5de6ba153a8cd7bbd5ec01635cd84748438018e6af0df1","fixtures":{"large":"c1a300fb7faaaf7e5fb987bdad9b7b933b477969bb29c1cd2724621b0616e25c","medium":"4426d67fea709ed65ffbfc72b5d3094a1c18fc35f00be8007d19eca3eea90940","parity":"f736f731ce21f859e888ad1bad0fe907362738ea4dd1a9597cecc0285cbd7124","small":"f736f731ce21f859e888ad1bad0fe907362738ea4dd1a9597cecc0285cbd7124","typescriptDecision":"b37eb5ae3717370da4a87dec92cbe95d390d22d968f96174791a8bbc3c8fa255","watcher":"f736f731ce21f859e888ad1bad0fe907362738ea4dd1a9597cecc0285cbd7124"},"git":{"baseline":"e37977199e231fc95b581e6254003941b8f447b2","commit":"f6dd50e44f86cd73da6a8b5116986bd1755d220c"},"measurements":{"coldFull":{"large":{"peakKernelRssBytes":17059840,"peakParentRssBytes":548442112,"timing":{"maxMs":607.7645999999995,"minMs":554.9606999999996,"p50Ms":570.410899999999,"p95Ms":607.7645999999995,"samples":5}},"medium":{"peakKernelRssBytes":16551936,"peakParentRssBytes":535781376,"timing":{"maxMs":432.34029999999984,"minMs":408.22739999999976,"p50Ms":413.8752999999997,"p95Ms":432.34029999999984,"samples":5}},"small":{"peakKernelRssBytes":16150528,"peakParentRssBytes":503463936,"timing":{"maxMs":490.37110000000007,"minMs":349.3194000000003,"p50Ms":365.8457000000001,"p95Ms":490.37110000000007,"samples":5}}},"rss":{"estimatedConcurrentPeakBytes":565501952,"peakKernelRssBytes":17059840,"peakParentRssBytes":548442112,"scope":"parent RSS sampled after commit plus sidecar RSS sampled while canonical facts remain resident"},"watcherEventToGeneration":{"maxMs":254.59909999999945,"minMs":222.2696999999971,"p50Ms":234.96590000000288,"p95Ms":254.55159999999887,"samples":20},"workloads":{"large":{"dbCommit":{"maxMs":75.78570000000036,"minMs":52.33569999999963,"p50Ms":55.284999999999854,"p95Ms":75.78570000000036,"samples":10},"filesReparsed":[1,1,1,1,1,1,1,1,1,1],"peakKernelRssBytes":15560704,"providerInvocations":{"typescriptPrecision":[0,0,0,0,0,0,0,0,0,0],"typescriptSyntax":[0,0,0,0,0,0,0,0,0,0]},"singleFileIncremental":{"maxMs":437.5996000000014,"minMs":406.7690999999977,"p50Ms":413.0126999999993,"p95Ms":437.5996000000014,"samples":10},"warm":{"explore":{"maxMs":6.14799999999741,"minMs":4.983799999998155,"p50Ms":5.304500000002008,"p95Ms":6.138199999997596,"samples":20},"search":{"maxMs":6.201100000002043,"minMs":3.2357999999985623,"p50Ms":3.551900000002206,"p95Ms":4.330299999997806,"samples":20},"trace":{"maxMs":4.239300000001094,"minMs":3.275900000000547,"p50Ms":3.56170000000202,"p95Ms":4.047500000000582,"samples":20}}},"medium":{"dbCommit":{"maxMs":31.58060000000114,"minMs":15.177799999999479,"p50Ms":16.104299999999057,"p95Ms":31.58060000000114,"samples":10},"filesReparsed":[1,1,1,1,1,1,1,1,1,1],"peakKernelRssBytes":15601664,"providerInvocations":{"typescriptPrecision":[0,0,0,0,0,0,0,0,0,0],"typescriptSyntax":[0,0,0,0,0,0,0,0,0,0]},"singleFileIncremental":{"maxMs":268.8251,"minMs":242.56880000000092,"p50Ms":252.26580000000104,"p95Ms":268.8251,"samples":10},"warm":{"explore":{"maxMs":4.580100000001039,"minMs":3.664600000000064,"p50Ms":4.075699999999415,"p95Ms":4.572099999999409,"samples":20},"search":{"maxMs":2.597799999999552,"minMs":1.9434000000001106,"p50Ms":2.157199999999648,"p95Ms":2.389900000000125,"samples":20},"trace":{"maxMs":5.287099999999555,"minMs":1.9897000000000844,"p50Ms":2.216199999998935,"p95Ms":2.5832999999984168,"samples":20}}},"small":{"dbCommit":{"maxMs":18.33679999999913,"minMs":3.3940999999995256,"p50Ms":3.52560000000085,"p95Ms":18.33679999999913,"samples":10},"filesReparsed":[1,1,1,1,1,1,1,1,1,1],"peakKernelRssBytes":15560704,"providerInvocations":{"typescriptPrecision":[0,0,0,0,0,0,0,0,0,0],"typescriptSyntax":[0,0,0,0,0,0,0,0,0,0]},"singleFileIncremental":{"maxMs":217.21960000000036,"minMs":193.67410000000018,"p50Ms":200.93129999999837,"p95Ms":217.21960000000036,"samples":10},"warm":{"explore":{"maxMs":5.621499999999287,"minMs":3.169499999999971,"p50Ms":3.5362000000004628,"p95Ms":4.282299999998941,"samples":20},"search":{"maxMs":2.0982999999996537,"minMs":1.390800000001036,"p50Ms":1.5763999999999214,"p95Ms":1.9596999999994296,"samples":20},"trace":{"maxMs":2.174800000000687,"minMs":1.3325999999997293,"p50Ms":1.5192999999999302,"p95Ms":2.0604999999995925,"samples":20}}}}},"parity":{"crossProcess":[{"nativeDigest":"b3f0505a97c8c15f02181e3676d5ba4787d8c9c9ab41fb3cd24e1d6b09344e40","portableDigest":"b3f0505a97c8c15f02181e3676d5ba4787d8c9c9ab41fb3cd24e1d6b09344e40"},{"nativeDigest":"b3f0505a97c8c15f02181e3676d5ba4787d8c9c9ab41fb3cd24e1d6b09344e40","portableDigest":"b3f0505a97c8c15f02181e3676d5ba4787d8c9c9ab41fb3cd24e1d6b09344e40"},{"nativeDigest":"b3f0505a97c8c15f02181e3676d5ba4787d8c9c9ab41fb3cd24e1d6b09344e40","portableDigest":"b3f0505a97c8c15f02181e3676d5ba4787d8c9c9ab41fb3cd24e1d6b09344e40"},{"nativeDigest":"b3f0505a97c8c15f02181e3676d5ba4787d8c9c9ab41fb3cd24e1d6b09344e40","portableDigest":"b3f0505a97c8c15f02181e3676d5ba4787d8c9c9ab41fb3cd24e1d6b09344e40"},{"nativeDigest":"b3f0505a97c8c15f02181e3676d5ba4787d8c9c9ab41fb3cd24e1d6b09344e40","portableDigest":"b3f0505a97c8c15f02181e3676d5ba4787d8c9c9ab41fb3cd24e1d6b09344e40"},{"nativeDigest":"b3f0505a97c8c15f02181e3676d5ba4787d8c9c9ab41fb3cd24e1d6b09344e40","portableDigest":"b3f0505a97c8c15f02181e3676d5ba4787d8c9c9ab41fb3cd24e1d6b09344e40"},{"nativeDigest":"b3f0505a97c8c15f02181e3676d5ba4787d8c9c9ab41fb3cd24e1d6b09344e40","portableDigest":"b3f0505a97c8c15f02181e3676d5ba4787d8c9c9ab41fb3cd24e1d6b09344e40"},{"nativeDigest":"b3f0505a97c8c15f02181e3676d5ba4787d8c9c9ab41fb3cd24e1d6b09344e40","portableDigest":"b3f0505a97c8c15f02181e3676d5ba4787d8c9c9ab41fb3cd24e1d6b09344e40"},{"nativeDigest":"b3f0505a97c8c15f02181e3676d5ba4787d8c9c9ab41fb3cd24e1d6b09344e40","portableDigest":"b3f0505a97c8c15f02181e3676d5ba4787d8c9c9ab41fb3cd24e1d6b09344e40"},{"nativeDigest":"b3f0505a97c8c15f02181e3676d5ba4787d8c9c9ab41fb3cd24e1d6b09344e40","portableDigest":"b3f0505a97c8c15f02181e3676d5ba4787d8c9c9ab41fb3cd24e1d6b09344e40"},{"nativeDigest":"b3f0505a97c8c15f02181e3676d5ba4787d8c9c9ab41fb3cd24e1d6b09344e40","portableDigest":"b3f0505a97c8c15f02181e3676d5ba4787d8c9c9ab41fb3cd24e1d6b09344e40"},{"nativeDigest":"b3f0505a97c8c15f02181e3676d5ba4787d8c9c9ab41fb3cd24e1d6b09344e40","portableDigest":"b3f0505a97c8c15f02181e3676d5ba4787d8c9c9ab41fb3cd24e1d6b09344e40"},{"nativeDigest":"b3f0505a97c8c15f02181e3676d5ba4787d8c9c9ab41fb3cd24e1d6b09344e40","portableDigest":"b3f0505a97c8c15f02181e3676d5ba4787d8c9c9ab41fb3cd24e1d6b09344e40"},{"nativeDigest":"b3f0505a97c8c15f02181e3676d5ba4787d8c9c9ab41fb3cd24e1d6b09344e40","portableDigest":"b3f0505a97c8c15f02181e3676d5ba4787d8c9c9ab41fb3cd24e1d6b09344e40"},{"nativeDigest":"b3f0505a97c8c15f02181e3676d5ba4787d8c9c9ab41fb3cd24e1d6b09344e40","portableDigest":"b3f0505a97c8c15f02181e3676d5ba4787d8c9c9ab41fb3cd24e1d6b09344e40"},{"nativeDigest":"b3f0505a97c8c15f02181e3676d5ba4787d8c9c9ab41fb3cd24e1d6b09344e40","portableDigest":"b3f0505a97c8c15f02181e3676d5ba4787d8c9c9ab41fb3cd24e1d6b09344e40"},{"nativeDigest":"b3f0505a97c8c15f02181e3676d5ba4787d8c9c9ab41fb3cd24e1d6b09344e40","portableDigest":"b3f0505a97c8c15f02181e3676d5ba4787d8c9c9ab41fb3cd24e1d6b09344e40"},{"nativeDigest":"b3f0505a97c8c15f02181e3676d5ba4787d8c9c9ab41fb3cd24e1d6b09344e40","portableDigest":"b3f0505a97c8c15f02181e3676d5ba4787d8c9c9ab41fb3cd24e1d6b09344e40"},{"nativeDigest":"b3f0505a97c8c15f02181e3676d5ba4787d8c9c9ab41fb3cd24e1d6b09344e40","portableDigest":"b3f0505a97c8c15f02181e3676d5ba4787d8c9c9ab41fb3cd24e1d6b09344e40"},{"nativeDigest":"b3f0505a97c8c15f02181e3676d5ba4787d8c9c9ab41fb3cd24e1d6b09344e40","portableDigest":"b3f0505a97c8c15f02181e3676d5ba4787d8c9c9ab41fb3cd24e1d6b09344e40"}],"crossProcessDeterministic":true,"crossProcessRuns":20,"nativeDigest":"b3f0505a97c8c15f02181e3676d5ba4787d8c9c9ab41fb3cd24e1d6b09344e40","nativePortableExactOrdered":true,"portableDigest":"b3f0505a97c8c15f02181e3676d5ba4787d8c9c9ab41fb3cd24e1d6b09344e40"},"runner":{"contract":"contextmesh-v04-fixed-fixtures-v4","cpu":"AMD Ryzen 7 7800X3D 8-Core Processor",