{"fixtureDigest":"49ab64ba1eaf35b66c5de6ba153a8cd7bbd5ec01635cd84748438018e6af0df1","fixtures":{"large":"c1a300fb7faaaf7e5fb987bdad9b7b933b477969bb29c1cd2724621b0616e25c","medium":"4426d67fea709ed65ffbfc72b5d3094a1c18fc35f00be8007d19eca3eea90940","parity":"f736f731ce21f859e888ad1bad0fe907362738ea4dd1a9597cecc0285cbd7124","small":"f736f731ce21f859e888ad1bad0fe907362738ea4dd1a9597cecc0285cbd7124","typescriptDecision":"b37eb5ae3717370da4a87dec92cbe95d390d22d968f96174791a8bbc3c8fa255","watcher":"f736f731ce21f859e888ad1bad0fe907362738ea4dd1a9597cecc0285cbd7124"},"git":{"baseline":"e37977199e231fc95b581e6254003941b8f447b2","commit":"eac30edcf1d9d492678ca1c38926ecc86b460563"},"measurements":{"coldFull":{"large":{"peakKernelRssBytes":18518016,"peakParentRssBytes":561664000,"timing":{"maxMs":589.9152000000004,"minMs":527.0498000000007,"p50Ms":556.1469999999999,"p95Ms":589.9152000000004,"samples":5}},"medium":{"peakKernelRssBytes":18083840,"peakParentRssBytes":551796736,"timing":{"maxMs":428.9064000000003,"minMs":406.6738999999998,"p50Ms":417.8384000000001,"p95Ms":428.9064000000003,"samples":5}},"small":{"peakKernelRssBytes":17539072,"peakParentRssBytes":520904704,"timing":{"maxMs":494.63109999999995,"minMs":325.0337999999999,"p50Ms":342.22839999999997,"p95Ms":494.63109999999995,"samples":5}}},"rss":{"estimatedConcurrentPeakBytes":580182016,"peakKernelRssBytes":18518016,"peakParentRssBytes":561664000,"scope":"parent RSS sampled after commit plus sidecar RSS sampled while canonical facts remain resident"},"watcherEventToGeneration":{"maxMs":239.94080000000395,"minMs":208.76610000000073,"p50Ms":216.91770000000542,"p95Ms":235.35290000000532,"samples":20},"workloads":{"large":{"dbCommit":{"maxMs":70.03090000000157,"minMs":49.48279999999795,"p50Ms":52.18549999999959,"p95Ms":70.03090000000157,"samples":10},"filesReparsed":[1,1,1,1,1,1,1,1,1,1],"peakKernelRssBytes":17195008,"providerInvocations":{"typescriptPrecision":[0,0,0,0,0,0,0,0,0,0],"typescriptSyntax":[0,0,0,0,0,0,0,0,0,0]},"singleFileIncremental":{"maxMs":424.8819999999978,"minMs":389.8723000000027,"p50Ms":401.9370000000017,"p95Ms":424.8819999999978,"samples":10},"warm":{"explore":{"maxMs":6.023499999999331,"minMs":5.0658000000003085,"p50Ms":5.62670000000071,"p95Ms":5.990499999999884,"samples":20},"search":{"maxMs":6.999200000000201,"minMs":3.1810000000004948,"p50Ms":3.5055999999985943,"p95Ms":4.220100000000457,"samples":20},"trace":{"maxMs":4.040500000000975,"minMs":3.2690999999995256,"p50Ms":3.582300000000032,"p95Ms":3.923399999999674,"samples":20}}},"medium":{"dbCommit":{"maxMs":16.414199999999255,"minMs":14.757400000000416,"p50Ms":15.335500000001048,"p95Ms":16.414199999999255,"samples":10},"filesReparsed":[1,1,1,1,1,1,1,1,1,1],"peakKernelRssBytes":17141760,"providerInvocations":{"typescriptPrecision":[0,0,0,0,0,0,0,0,0,0],"typescriptSyntax":[0,0,0,0,0,0,0,0,0,0]},"singleFileIncremental":{"maxMs":276.41809999999896,"minMs":230.7543000000005,"p50Ms":237.58699999999953,"p95Ms":276.41809999999896,"samples":10},"warm":{"explore":{"maxMs":7.179199999998673,"minMs":3.787899999999354,"p50Ms":4.1031999999995605,"p95Ms":4.704399999998714,"samples":20},"search":{"maxMs":2.547599999999875,"minMs":1.927400000000489,"p50Ms":2.152799999999843,"p95Ms":2.334100000000035,"samples":20},"trace":{"maxMs":2.717900000001464,"minMs":1.941499999998996,"p50Ms":2.1340000000000146,"p95Ms":2.6358000000000175,"samples":20}}},"small":{"dbCommit":{"maxMs":4.490299999999479,"minMs":3.15099999999984,"p50Ms":3.481599999999162,"p95Ms":4.490299999999479,"samples":10},"filesReparsed":[1,1,1,1,1,1,1,1,1,1],"peakKernelRssBytes":17223680,"providerInvocations":{"typescriptPrecision":[0,0,0,0,0,0,0,0,0,0],"typescriptSyntax":[0,0,0,0,0,0,0,0,0,0]},"singleFileIncremental":{"maxMs":212.5598000000009,"minMs":187.57970000000023,"p50Ms":194.01929999999993,"p95Ms":212.5598000000009,"samples":10},"warm":{"explore":{"maxMs":5.422599999999875,"minMs":3.3954000000012456,"p50Ms":3.8436000000001513,"p95Ms":4.548899999999776,"samples":20},"search":{"maxMs":2.2276999999994587,"minMs":1.3638000000009924,"p50Ms":1.59900000000016,"p95Ms":1.826599999998507,"samples":20},"trace":{"maxMs":1.9820999999992637,"minMs":1.3755000000001019,"p50Ms":1.6468000000004395,"p95Ms":1.9705999999987398,"samples":20}}}}},"parity":{"crossProcess":[{"nativeDigest":"9cb135766f3d1804a013833b8ad6d69fd26f4b3f717868f39b7eb438f3d0da87","portableDigest":"9cb135766f3d1804a013833b8ad6d69fd26f4b3f717868f39b7eb438f3d0da87"},{"nativeDigest":"9cb135766f3d1804a013833b8ad6d69fd26f4b3f717868f39b7eb438f3d0da87","portableDigest":"9cb135766f3d1804a013833b8ad6d69fd26f4b3f717868f39b7eb438f3d0da87"},{"nativeDigest":"9cb135766f3d1804a013833b8ad6d69fd26f4b3f717868f39b7eb438f3d0da87","portableDigest":"9cb135766f3d1804a013833b8ad6d69fd26f4b3f717868f39b7eb438f3d0da87"},{"nativeDigest":"9cb135766f3d1804a013833b8ad6d69fd26f4b3f717868f39b7eb438f3d0da87","portableDigest":"9cb135766f3d1804a013833b8ad6d69fd26f4b3f717868f39b7eb438f3d0da87"},{"nativeDigest":"9cb135766f3d1804a013833b8ad6d69fd26f4b3f717868f39b7eb438f3d0da87","portableDigest":"9cb135766f3d1804a013833b8ad6d69fd26f4b3f717868f39b7eb438f3d0da87"},{"nativeDigest":"9cb135766f3d1804a013833b8ad6d69fd26f4b3f717868f39b7eb438f3d0da87","portableDigest":"9cb135766f3d1804a013833b8ad6d69fd26f4b3f717868f39b7eb438f3d0da87"},{"nativeDigest":"9cb135766f3d1804a013833b8ad6d69fd26f4b3f717868f39b7eb438f3d0da87","portableDigest":"9cb135766f3d1804a013833b8ad6d69fd26f4b3f717868f39b7eb438f3d0da87"},{"nativeDigest":"9cb135766f3d1804a013833b8ad6d69fd26f4b3f717868f39b7eb438f3d0da87","portableDigest":"9cb135766f3d1804a013833b8ad6d69fd26f4b3f717868f39b7eb438f3d0da87"},{"nativeDigest":"9cb135766f3d1804a013833b8ad6d69fd26f4b3f717868f39b7eb438f3d0da87","portableDigest":"9cb135766f3d1804a013833b8ad6d69fd26f4b3f717868f39b7eb438f3d0da87"},{"nativeDigest":"9cb135766f3d1804a013833b8ad6d69fd26f4b3f717868f39b7eb438f3d0da87","portableDigest":"9cb135766f3d1804a013833b8ad6d69fd26f4b3f717868f39b7eb438f3d0da87"},{"nativeDigest":"9cb135766f3d1804a013833b8ad6d69fd26f4b3f717868f39b7eb438f3d0da87","portableDigest":"9cb135766f3d1804a013833b8ad6d69fd26f4b3f717868f39b7eb438f3d0da87"},{"nativeDigest":"9cb135766f3d1804a013833b8ad6d69fd26f4b3f717868f39b7eb438f3d0da87","portableDigest":"9cb135766f3d1804a013833b8ad6d69fd26f4b3f717868f39b7eb438f3d0da87"},{"nativeDigest":"9cb135766f3d1804a013833b8ad6d69fd26f4b3f717868f39b7eb438f3d0da87","portableDigest":"9cb135766f3d1804a013833b8ad6d69fd26f4b3f717868f39b7eb438f3d0da87"},{"nativeDigest":"9cb135766f3d1804a013833b8ad6d69fd26f4b3f717868f39b7eb438f3d0da87","portableDigest":"9cb135766f3d1804a013833b8ad6d69fd26f4b3f717868f39b7eb438f3d0da87"},{"nativeDigest":"9cb135766f3d1804a013833b8ad6d69fd26f4b3f717868f39b7eb438f3d0da87","portableDigest":"9cb135766f3d1804a013833b8ad6d69fd26f4b3f717868f39b7eb438f3d0da87"},{"nativeDigest":"9cb135766f3d1804a013833b8ad6d69fd26f4b3f717868f39b7eb438f3d0da87","portableDigest":"9cb135766f3d1804a013833b8ad6d69fd26f4b3f717868f39b7eb438f3d0da87"},{"nativeDigest":"9cb135766f3d1804a013833b8ad6d69fd26f4b3f717868f39b7eb438f3d0da87","portableDigest":"9cb135766f3d1804a013833b8ad6d69fd26f4b3f717868f39b7eb438f3d0da87"},{"nativeDigest":"9cb135766f3d1804a013833b8ad6d69fd26f4b3f717868f39b7eb438f3d0da87","portableDigest":"9cb135766f3d1804a013833b8ad6d69fd26f4b3f717868f39b7eb438f3d0da87"},{"nativeDigest":"9cb135766f3d1804a013833b8ad6d69fd26f4b3f717868f39b7eb438f3d0da87","portableDigest":"9cb135766f3d1804a013833b8ad6d69fd26f4b3f717868f39b7eb438f3d0da87"},{"nativeDigest":"9cb135766f3d1804a013833b8ad6d69fd26f4b3f717868f39b7eb438f3d0da87","portableDigest":"9cb135766f3d1804a013833b8ad6d69fd26f4b3f717868f39b7eb438f3d0da87"}],"crossProcessDeterministic":true,"crossProcessRuns":20,"nativeDigest":"9cb135766f3d1804a013833b8ad6d69fd26f4b3f717868f39b7eb438f3d0da87","nativePortableExactOrdered":true,"portableDigest":"9cb135766f3d1804a013833b8ad6d69fd26f4b3f717868f39b7eb438f3d0da87"},"runner":{"contract":"contextmesh-v04-fixed-fixtures-v4",