{"fixtureDigest":"49ab64ba1eaf35b66c5de6ba153a8cd7bbd5ec01635cd84748438018e6af0df1","fixtures":{"large":"c1a300fb7faaaf7e5fb987bdad9b7b933b477969bb29c1cd2724621b0616e25c","medium":"4426d67fea709ed65ffbfc72b5d3094a1c18fc35f00be8007d19eca3eea90940","parity":"f736f731ce21f859e888ad1bad0fe907362738ea4dd1a9597cecc0285cbd7124","small":"f736f731ce21f859e888ad1bad0fe907362738ea4dd1a9597cecc0285cbd7124","typescriptDecision":"b37eb5ae3717370da4a87dec92cbe95d390d22d968f96174791a8bbc3c8fa255","watcher":"f736f731ce21f859e888ad1bad0fe907362738ea4dd1a9597cecc0285cbd7124"},"git":{"baseline":"e37977199e231fc95b581e6254003941b8f447b2","commit":"07faec88bec37d3605d8c07292698a623a975871"},"measurements":{"coldFull":{"large":{"peakKernelRssBytes":17047552,"peakParentRssBytes":553951232,"timing":{"maxMs":634.6372000000001,"minMs":537.6205000000009,"p50Ms":559.4243999999999,"p95Ms":634.6372000000001,"samples":5}},"medium":{"peakKernelRssBytes":16510976,"peakParentRssBytes":530087936,"timing":{"maxMs":412.7294999999999,"minMs":377.46010000000024,"p50Ms":405.0273000000002,"p95Ms":412.7294999999999,"samples":5}},"small":{"peakKernelRssBytes":15982592,"peakParentRssBytes":483041280,"timing":{"maxMs":456.56359999999995,"minMs":323.0466999999999,"p50Ms":355.09000000000015,"p95Ms":456.56359999999995,"samples":5}}},"rss":{"estimatedConcurrentPeakBytes":570998784,"peakKernelRssBytes":17047552,"peakParentRssBytes":553951232,"scope":"parent RSS sampled after commit plus sidecar RSS sampled while canonical facts remain resident"},"watcherEventToGeneration":{"maxMs":238.38959999999497,"minMs":207.03689999999915,"p50Ms":216.73709999999846,"p95Ms":229.6591999999946,"samples":20},"workloads":{"large":{"dbCommit":{"maxMs":77.08500000000276,"minMs":49.55119999999806,"p50Ms":52.01220000000103,"p95Ms":77.08500000000276,"samples":10},"filesReparsed":[1,1,1,1,1,1,1,1,1,1],"peakKernelRssBytes":15613952,"providerInvocations":{"typescriptPrecision":[0,0,0,0,0,0,0,0,0,0],"typescriptSyntax":[0,0,0,0,0,0,0,0,0,0]},"singleFileIncremental":{"maxMs":421.811099999999,"minMs":380.95969999999943,"p50Ms":395.80119999999806,"p95Ms":421.811099999999,"samples":10},"warm":{"explore":{"maxMs":5.739599999998973,"minMs":5.0231000000003405,"p50Ms":5.348900000000867,"p95Ms":5.716699999999037,"samples":20},"search":{"maxMs":4.5020999999997,"minMs":3.238100000000486,"p50Ms":3.613600000000588,"p95Ms":4.2497999999995955,"samples":20},"trace":{"maxMs":7.4262999999991735,"minMs":3.2568999999984953,"p50Ms":3.5108000000000175,"p95Ms":4.011500000000524,"samples":20}}},"medium":{"dbCommit":{"maxMs":31.230899999998655,"minMs":14.381099999998696,"p50Ms":15.832000000000335,"p95Ms":31.230899999998655,"samples":10},"filesReparsed":[1,1,1,1,1,1,1,1,1,1],"peakKernelRssBytes":16109568,"providerInvocations":{"typescriptPrecision":[0,0,0,0,0,0,0,0,0,0],"typescriptSyntax":[0,0,0,0,0,0,0,0,0,0]},"singleFileIncremental":{"maxMs":263.9421000000002,"minMs":230.90209999999934,"p50Ms":236.9341999999997,"p95Ms":263.9421000000002,"samples":10},"warm":{"explore":{"maxMs":4.9693999999999505,"minMs":3.723200000000361,"p50Ms":4.10989999999947,"p95Ms":4.372799999999188,"samples":20},"search":{"maxMs":5.107200000000375,"minMs":1.9912999999996828,"p50Ms":2.154999999998836,"p95Ms":2.483200000000579,"samples":20},"trace":{"maxMs":2.5573999999996886,"minMs":1.9320999999999913,"p50Ms":2.125,"p95Ms":2.471400000000358,"samples":20}}},"small":{"dbCommit":{"maxMs":16.775100000000748,"minMs":3.244700000001103,"p50Ms":3.3822999999993044,"p95Ms":16.775100000000748,"samples":10},"filesReparsed":[1,1,1,1,1,1,1,1,1,1],"peakKernelRssBytes":15679488,"providerInvocations":{"typescriptPrecision":[0,0,0,0,0,0,0,0,0,0],"typescriptSyntax":[0,0,0,0,0,0,0,0,0,0]},"singleFileIncremental":{"maxMs":214.8729000000003,"minMs":180.34540000000015,"p50Ms":184.42659999999887,"p95Ms":214.8729000000003,"samples":10},"warm":{"explore":{"maxMs":5.073200000000725,"minMs":3.1559999999990396,"p50Ms":3.592500000000655,"p95Ms":3.9177999999992608,"samples":20},"search":{"maxMs":1.809399999998277,"minMs":1.3541999999997643,"p50Ms":1.6054999999996653,"p95Ms":1.8078999999997905,"samples":20},"trace":{"maxMs":7.119800000000396,"minMs":1.3497999999999593,"p50Ms":1.44629999999961,"p95Ms":2.0482000000010885,"samples":20}}}}},"parity":{"crossProcess":[{"nativeDigest":"18c8521ef1325f4b36bd461d1e157affb0bdb5bd4e6bd0371d56191f0ac78bcf","portableDigest":"18c8521ef1325f4b36bd461d1e157affb0bdb5bd4e6bd0371d56191f0ac78bcf"},{"nativeDigest":"18c8521ef1325f4b36bd461d1e157affb0bdb5bd4e6bd0371d56191f0ac78bcf","portableDigest":"18c8521ef1325f4b36bd461d1e157affb0bdb5bd4e6bd0371d56191f0ac78bcf"},{"nativeDigest":"18c8521ef1325f4b36bd461d1e157affb0bdb5bd4e6bd0371d56191f0ac78bcf","portableDigest":"18c8521ef1325f4b36bd461d1e157affb0bdb5bd4e6bd0371d56191f0ac78bcf"},{"nativeDigest":"18c8521ef1325f4b36bd461d1e157affb0bdb5bd4e6bd0371d56191f0ac78bcf","portableDigest":"18c8521ef1325f4b36bd461d1e157affb0bdb5bd4e6bd0371d56191f0ac78bcf"},{"nativeDigest":"18c8521ef1325f4b36bd461d1e157affb0bdb5bd4e6bd0371d56191f0ac78bcf","portableDigest":"18c8521ef1325f4b36bd461d1e157affb0bdb5bd4e6bd0371d56191f0ac78bcf"},{"nativeDigest":"18c8521ef1325f4b36bd461d1e157affb0bdb5bd4e6bd0371d56191f0ac78bcf","portableDigest":"18c8521ef1325f4b36bd461d1e157affb0bdb5bd4e6bd0371d56191f0ac78bcf"},{"nativeDigest":"18c8521ef1325f4b36bd461d1e157affb0bdb5bd4e6bd0371d56191f0ac78bcf","portableDigest":"18c8521ef1325f4b36bd461d1e157affb0bdb5bd4e6bd0371d56191f0ac78bcf"},{"nativeDigest":"18c8521ef1325f4b36bd461d1e157affb0bdb5bd4e6bd0371d56191f0ac78bcf","portableDigest":"18c8521ef1325f4b36bd461d1e157affb0bdb5bd4e6bd0371d56191f0ac78bcf"},{"nativeDigest":"18c8521ef1325f4b36bd461d1e157affb0bdb5bd4e6bd0371d56191f0ac78bcf","portableDigest":"18c8521ef1325f4b36bd461d1e157affb0bdb5bd4e6bd0371d56191f0ac78bcf"},{"nativeDigest":"18c8521ef1325f4b36bd461d1e157affb0bdb5bd4e6bd0371d56191f0ac78bcf","portableDigest":"18c8521ef1325f4b36bd461d1e157affb0bdb5bd4e6bd0371d56191f0ac78bcf"},{"nativeDigest":"18c8521ef1325f4b36bd461d1e157affb0bdb5bd4e6bd0371d56191f0ac78bcf","portableDigest":"18c8521ef1325f4b36bd461d1e157affb0bdb5bd4e6bd0371d56191f0ac78bcf"},{"nativeDigest":"18c8521ef1325f4b36bd461d1e157affb0bdb5bd4e6bd0371d56191f0ac78bcf","portableDigest":"18c8521ef1325f4b36bd461d1e157affb0bdb5bd4e6bd0371d56191f0ac78bcf"},{"nativeDigest":"18c8521ef1325f4b36bd461d1e157affb0bdb5bd4e6bd0371d56191f0ac78bcf","portableDigest":"18c8521ef1325f4b36bd461d1e157affb0bdb5bd4e6bd0371d56191f0ac78bcf"},{"nativeDigest":"18c8521ef1325f4b36bd461d1e157affb0bdb5bd4e6bd0371d56191f0ac78bcf","portableDigest":"18c8521ef1325f4b36bd461d1e157affb0bdb5bd4e6bd0371d56191f0ac78bcf"},{"nativeDigest":"18c8521ef1325f4b36bd461d1e157affb0bdb5bd4e6bd0371d56191f0ac78bcf","portableDigest":"18c8521ef1325f4b36bd461d1e157affb0bdb5bd4e6bd0371d56191f0ac78bcf"},{"nativeDigest":"18c8521ef1325f4b36bd461d1e157affb0bdb5bd4e6bd0371d56191f0ac78bcf","portableDigest":"18c8521ef1325f4b36bd461d1e157affb0bdb5bd4e6bd0371d56191f0ac78bcf"},{"nativeDigest":"18c8521ef1325f4b36bd461d1e157affb0bdb5bd4e6bd0371d56191f0ac78bcf","portableDigest":"18c8521ef1325f4b36bd461d1e157affb0bdb5bd4e6bd0371d56191f0ac78bcf"},{"nativeDigest":"18c8521ef1325f4b36bd461d1e157affb0bdb5bd4e6bd0371d56191f0ac78bcf","portableDigest":"18c8521ef1325f4b36bd461d1e157affb0bdb5bd4e6bd0371d56191f0ac78bcf"},{"nativeDigest":"18c8521ef1325f4b36bd461d1e157affb0bdb5bd4e6bd0371d56191f0ac78bcf","portableDigest":"18c8521ef1325f4b36bd461d1e157affb0bdb5bd4e6bd0371d56191f0ac78bcf"},{"nativeDigest":"18c8521ef1325f4b36bd461d1e157affb0bdb5bd4e6bd0371d56191f0ac78bcf","portableDigest":"18c8521ef1325f4b36bd461d1e157affb0bdb5bd4e6bd0371d56191f0ac78bcf"}],"crossProcessDeterministic":true,"crossProcessRuns":20,"nativeDigest":"18c8521ef1325f4b36bd461d1e157affb0bdb5bd4e6bd0371d56191f0ac78bcf","nativePortableExactOrdered":true,"portableDigest":"18c8521ef1325f4b36bd461d1e157affb0bdb5bd4e6bd0371d56191f0ac78bcf"},"runner":{"contract":"contextmesh-v04-fixed-fixtures-v4","cpu":"AMD Ryzen 7 7800X3D 8-Core Processor",