{"fixtureDigest":"49ab64ba1eaf35b66c5de6ba153a8cd7bbd5ec01635cd84748438018e6af0df1","fixtures":{"large":"c1a300fb7faaaf7e5fb987bdad9b7b933b477969bb29c1cd2724621b0616e25c","medium":"4426d67fea709ed65ffbfc72b5d3094a1c18fc35f00be8007d19eca3eea90940","parity":"f736f731ce21f859e888ad1bad0fe907362738ea4dd1a9597cecc0285cbd7124","small":"f736f731ce21f859e888ad1bad0fe907362738ea4dd1a9597cecc0285cbd7124","typescriptDecision":"b37eb5ae3717370da4a87dec92cbe95d390d22d968f96174791a8bbc3c8fa255","watcher":"f736f731ce21f859e888ad1bad0fe907362738ea4dd1a9597cecc0285cbd7124"},"git":{"baseline":"e37977199e231fc95b581e6254003941b8f447b2","commit":"bf1d41bcd14fd08a1cc224c182f385ce9652d389"},"measurements":{"coldFull":{"large":{"peakKernelRssBytes":16932864,"peakParentRssBytes":555601920,"timing":{"maxMs":566.4123999999993,"minMs":521.6570000000002,"p50Ms":549.7803999999996,"p95Ms":566.4123999999993,"samples":5}},"medium":{"peakKernelRssBytes":16703488,"peakParentRssBytes":543158272,"timing":{"maxMs":401.5195999999996,"minMs":378.86310000000003,"p50Ms":390.7473,"p95Ms":401.5195999999996,"samples":5}},"small":{"peakKernelRssBytes":15962112,"peakParentRssBytes":509288448,"timing":{"maxMs":471.93279999999993,"minMs":317.33730000000014,"p50Ms":331.84820000000013,"p95Ms":471.93279999999993,"samples":5}}},"rss":{"estimatedConcurrentPeakBytes":572534784,"peakKernelRssBytes":16932864,"peakParentRssBytes":555601920,"scope":"parent RSS sampled after commit plus sidecar RSS sampled while canonical facts remain resident"},"watcherEventToGeneration":{"maxMs":245.60149999999703,"minMs":209.65290000000095,"p50Ms":227.30049999999756,"p95Ms":245.21650000000227,"samples":20},"workloads":{"large":{"dbCommit":{"maxMs":69.60499999999956,"minMs":50.72100000000137,"p50Ms":55.45309999999881,"p95Ms":69.60499999999956,"samples":10},"filesReparsed":[1,1,1,1,1,1,1,1,1,1],"peakKernelRssBytes":15560704,"providerInvocations":{"typescriptPrecision":[0,0,0,0,0,0,0,0,0,0],"typescriptSyntax":[0,0,0,0,0,0,0,0,0,0]},"singleFileIncremental":{"maxMs":538.413199999999,"minMs":389.0586000000003,"p50Ms":407.5616999999984,"p95Ms":538.413199999999,"samples":10},"warm":{"explore":{"maxMs":6.786400000000867,"minMs":5.164199999999255,"p50Ms":5.466800000000148,"p95Ms":6.498199999999997,"samples":20},"search":{"maxMs":6.6784999999999854,"minMs":3.2330999999994674,"p50Ms":3.5156999999999243,"p95Ms":4.2106000000003405,"samples":20},"trace":{"maxMs":4.364300000001094,"minMs":3.2792000000008557,"p50Ms":3.532600000000457,"p95Ms":4.058899999999994,"samples":20}}},"medium":{"dbCommit":{"maxMs":21.362699999999677,"minMs":14.943300000000818,"p50Ms":15.944899999998597,"p95Ms":21.362699999999677,"samples":10},"filesReparsed":[1,1,1,1,1,1,1,1,1,1],"peakKernelRssBytes":15589376,"providerInvocations":{"typescriptPrecision":[0,0,0,0,0,0,0,0,0,0],"typescriptSyntax":[0,0,0,0,0,0,0,0,0,0]},"singleFileIncremental":{"maxMs":276.40140000000065,"minMs":237.16840000000047,"p50Ms":248.99129999999968,"p95Ms":276.40140000000065,"samples":10},"warm":{"explore":{"maxMs":7.558800000000701,"minMs":3.8483000000014727,"p50Ms":4.143800000001647,"p95Ms":4.54359999999906,"samples":20},"search":{"maxMs":2.4750999999996566,"minMs":2.010099999999511,"p50Ms":2.2018000000007305,"p95Ms":2.3136999999987893,"samples":20},"trace":{"maxMs":2.9012000000002445,"minMs":1.9879000000000815,"p50Ms":2.2822999999989406,"p95Ms":2.719600000000355,"samples":20}}},"small":{"dbCommit":{"maxMs":5.424399999999878,"minMs":3.3357000000014523,"p50Ms":3.8101000000006024,"p95Ms":5.424399999999878,"samples":10},"filesReparsed":[1,1,1,1,1,1,1,1,1,1],"peakKernelRssBytes":15536128,"providerInvocations":{"typescriptPrecision":[0,0,0,0,0,0,0,0,0,0],"typescriptSyntax":[0,0,0,0,0,0,0,0,0,0]},"singleFileIncremental":{"maxMs":290.40980000000127,"minMs":198.70800000000054,"p50Ms":216.20160000000033,"p95Ms":290.40980000000127,"samples":10},"warm":{"explore":{"maxMs":8.776499999999942,"minMs":3.49960000000101,"p50Ms":4.055899999999383,"p95Ms":5.332400000001144,"samples":20},"search":{"maxMs":2.407199999999648,"minMs":1.450700000001234,"p50Ms":1.612699999999677,"p95Ms":1.9831999999987602,"samples":20},"trace":{"maxMs":2.291299999998955,"minMs":1.6134000000001834,"p50Ms":1.762800000000425,"p95Ms":2.2657000000017433,"samples":20}}}}},"parity":{"crossProcess":[{"nativeDigest":"7a709b93062e87b8e3692c20012e4e5ef7fa0cfc594337072c24013403b88f94","portableDigest":"7a709b93062e87b8e3692c20012e4e5ef7fa0cfc594337072c24013403b88f94"},{"nativeDigest":"7a709b93062e87b8e3692c20012e4e5ef7fa0cfc594337072c24013403b88f94","portableDigest":"7a709b93062e87b8e3692c20012e4e5ef7fa0cfc594337072c24013403b88f94"},{"nativeDigest":"7a709b93062e87b8e3692c20012e4e5ef7fa0cfc594337072c24013403b88f94","portableDigest":"7a709b93062e87b8e3692c20012e4e5ef7fa0cfc594337072c24013403b88f94"},{"nativeDigest":"7a709b93062e87b8e3692c20012e4e5ef7fa0cfc594337072c24013403b88f94","portableDigest":"7a709b93062e87b8e3692c20012e4e5ef7fa0cfc594337072c24013403b88f94"},{"nativeDigest":"7a709b93062e87b8e3692c20012e4e5ef7fa0cfc594337072c24013403b88f94","portableDigest":"7a709b93062e87b8e3692c20012e4e5ef7fa0cfc594337072c24013403b88f94"},{"nativeDigest":"7a709b93062e87b8e3692c20012e4e5ef7fa0cfc594337072c24013403b88f94","portableDigest":"7a709b93062e87b8e3692c20012e4e5ef7fa0cfc594337072c24013403b88f94"},{"nativeDigest":"7a709b93062e87b8e3692c20012e4e5ef7fa0cfc594337072c24013403b88f94","portableDigest":"7a709b93062e87b8e3692c20012e4e5ef7fa0cfc594337072c24013403b88f94"},{"nativeDigest":"7a709b93062e87b8e3692c20012e4e5ef7fa0cfc594337072c24013403b88f94","portableDigest":"7a709b93062e87b8e3692c20012e4e5ef7fa0cfc594337072c24013403b88f94"},{"nativeDigest":"7a709b93062e87b8e3692c20012e4e5ef7fa0cfc594337072c24013403b88f94","portableDigest":"7a709b93062e87b8e3692c20012e4e5ef7fa0cfc594337072c24013403b88f94"},{"nativeDigest":"7a709b93062e87b8e3692c20012e4e5ef7fa0cfc594337072c24013403b88f94","portableDigest":"7a709b93062e87b8e3692c20012e4e5ef7fa0cfc594337072c24013403b88f94"},{"nativeDigest":"7a709b93062e87b8e3692c20012e4e5ef7fa0cfc594337072c24013403b88f94","portableDigest":"7a709b93062e87b8e3692c20012e4e5ef7fa0cfc594337072c24013403b88f94"},{"nativeDigest":"7a709b93062e87b8e3692c20012e4e5ef7fa0cfc594337072c24013403b88f94","portableDigest":"7a709b93062e87b8e3692c20012e4e5ef7fa0cfc594337072c24013403b88f94"},{"nativeDigest":"7a709b93062e87b8e3692c20012e4e5ef7fa0cfc594337072c24013403b88f94","portableDigest":"7a709b93062e87b8e3692c20012e4e5ef7fa0cfc594337072c24013403b88f94"},{"nativeDigest":"7a709b93062e87b8e3692c20012e4e5ef7fa0cfc594337072c24013403b88f94","portableDigest":"7a709b93062e87b8e3692c20012e4e5ef7fa0cfc594337072c24013403b88f94"},{"nativeDigest":"7a709b93062e87b8e3692c20012e4e5ef7fa0cfc594337072c24013403b88f94","portableDigest":"7a709b93062e87b8e3692c20012e4e5ef7fa0cfc594337072c24013403b88f94"},{"nativeDigest":"7a709b93062e87b8e3692c20012e4e5ef7fa0cfc594337072c24013403b88f94","portableDigest":"7a709b93062e87b8e3692c20012e4e5ef7fa0cfc594337072c24013403b88f94"},{"nativeDigest":"7a709b93062e87b8e3692c20012e4e5ef7fa0cfc594337072c24013403b88f94","portableDigest":"7a709b93062e87b8e3692c20012e4e5ef7fa0cfc594337072c24013403b88f94"},{"nativeDigest":"7a709b93062e87b8e3692c20012e4e5ef7fa0cfc594337072c24013403b88f94","portableDigest":"7a709b93062e87b8e3692c20012e4e5ef7fa0cfc594337072c24013403b88f94"},{"nativeDigest":"7a709b93062e87b8e3692c20012e4e5ef7fa0cfc594337072c24013403b88f94","portableDigest":"7a709b93062e87b8e3692c20012e4e5ef7fa0cfc594337072c24013403b88f94"},{"nativeDigest":"7a709b93062e87b8e3692c20012e4e5ef7fa0cfc594337072c24013403b88f94","portableDigest":"7a709b93062e87b8e3692c20012e4e5ef7fa0cfc594337072c24013403b88f94"}],"crossProcessDeterministic":true,"crossProcessRuns":20,"nativeDigest":"7a709b93062e87b8e3692c20012e4e5ef7fa0cfc594337072c24013403b88f94","nativePortableExactOrdered":true,"portableDigest":"7a709b93062e87b8e3692c20012e4e5ef7fa0cfc594337072c24013403b88f94"},"runner":{"contract":"contextmesh-v04-fixed-fixtures-v4",