{"fixtureDigest":"49ab64ba1eaf35b66c5de6ba153a8cd7bbd5ec01635cd84748438018e6af0df1","fixtures":{"large":"c1a300fb7faaaf7e5fb987bdad9b7b933b477969bb29c1cd2724621b0616e25c","medium":"4426d67fea709ed65ffbfc72b5d3094a1c18fc35f00be8007d19eca3eea90940","parity":"f736f731ce21f859e888ad1bad0fe907362738ea4dd1a9597cecc0285cbd7124","small":"f736f731ce21f859e888ad1bad0fe907362738ea4dd1a9597cecc0285cbd7124","typescriptDecision":"b37eb5ae3717370da4a87dec92cbe95d390d22d968f96174791a8bbc3c8fa255","watcher":"f736f731ce21f859e888ad1bad0fe907362738ea4dd1a9597cecc0285cbd7124"},"git":{"baseline":"e37977199e231fc95b581e6254003941b8f447b2","commit":"a07baa926862257411eb6b1828bd99bc1d6c4de0"},"measurements":{"coldFull":{"large":{"peakKernelRssBytes":17420288,"peakParentRssBytes":551583744,"timing":{"maxMs":620.8462999999992,"minMs":546.9779999999992,"p50Ms":570.1765000000005,"p95Ms":620.8462999999992,"samples":5}},"medium":{"peakKernelRssBytes":17108992,"peakParentRssBytes":538013696,"timing":{"maxMs":410.98860000000013,"minMs":384.2574000000004,"p50Ms":403.9341999999997,"p95Ms":410.98860000000013,"samples":5}},"small":{"peakKernelRssBytes":16470016,"peakParentRssBytes":506707968,"timing":{"maxMs":496.8138,"minMs":337.72349999999983,"p50Ms":344.7847999999999,"p95Ms":496.8138,"samples":5}}},"rss":{"estimatedConcurrentPeakBytes":569004032,"peakKernelRssBytes":17420288,"peakParentRssBytes":551583744,"scope":"parent RSS sampled after commit plus sidecar RSS sampled while canonical facts remain resident"},"watcherEventToGeneration":{"maxMs":246.79010000000562,"minMs":215.8205999999991,"p50Ms":222.27219999999943,"p95Ms":236.25680000000284,"samples":20},"workloads":{"large":{"dbCommit":{"maxMs":71.79049999999916,"minMs":51.14910000000236,"p50Ms":55.166300000000774,"p95Ms":71.79049999999916,"samples":10},"filesReparsed":[1,1,1,1,1,1,1,1,1,1],"peakKernelRssBytes":16060416,"providerInvocations":{"typescriptPrecision":[0,0,0,0,0,0,0,0,0,0],"typescriptSyntax":[0,0,0,0,0,0,0,0,0,0]},"singleFileIncremental":{"maxMs":449.46789999999964,"minMs":388.1375999999982,"p50Ms":406.6176999999989,"p95Ms":449.46789999999964,"samples":10},"warm":{"explore":{"maxMs":6.808399999999892,"minMs":5.1512000000002445,"p50Ms":5.568600000000515,"p95Ms":6.162600000001476,"samples":20},"search":{"maxMs":6.783900000000358,"minMs":3.1445999999996275,"p50Ms":3.5231999999996333,"p95Ms":4.295400000000882,"samples":20},"trace":{"maxMs":4.508499999999913,"minMs":3.334599999998318,"p50Ms":3.5442999999995664,"p95Ms":4.308600000000297,"samples":20}}},"medium":{"dbCommit":{"maxMs":33.26119999999901,"minMs":15.15389999999934,"p50Ms":15.751200000000608,"p95Ms":33.26119999999901,"samples":10},"filesReparsed":[1,1,1,1,1,1,1,1,1,1],"peakKernelRssBytes":16023552,"providerInvocations":{"typescriptPrecision":[0,0,0,0,0,0,0,0,0,0],"typescriptSyntax":[0,0,0,0,0,0,0,0,0,0]},"singleFileIncremental":{"maxMs":283.5778999999984,"minMs":237.6942999999992,"p50Ms":259.6715000000004,"p95Ms":283.5778999999984,"samples":10},"warm":{"explore":{"maxMs":7.21730000000025,"minMs":3.9796000000005733,"p50Ms":4.40650000000096,"p95Ms":5.205700000000434,"samples":20},"search":{"maxMs":3.4732999999996537,"minMs":2.0141999999996187,"p50Ms":2.341500000000451,"p95Ms":2.7325000000000728,"samples":20},"trace":{"maxMs":2.988500000001295,"minMs":2.102100000000064,"p50Ms":2.3708999999998923,"p95Ms":2.8773999999993976,"samples":20}}},"small":{"dbCommit":{"maxMs":5.962199999999939,"minMs":3.684900000000198,"p50Ms":4.001000000000204,"p95Ms":5.962199999999939,"samples":10},"filesReparsed":[1,1,1,1,1,1,1,1,1,1],"peakKernelRssBytes":16031744,"providerInvocations":{"typescriptPrecision":[0,0,0,0,0,0,0,0,0,0],"typescriptSyntax":[0,0,0,0,0,0,0,0,0,0]},"singleFileIncremental":{"maxMs":229.21810000000005,"minMs":201.46349999999984,"p50Ms":210.10870000000068,"p95Ms":229.21810000000005,"samples":10},"warm":{"explore":{"maxMs":5.655899999999747,"minMs":3.4839000000010856,"p50Ms":3.8527000000012777,"p95Ms":4.470600000000559,"samples":20},"search":{"maxMs":2.1239999999997963,"minMs":1.4254999999993743,"p50Ms":1.540899999999965,"p95Ms":1.9237000000011903,"samples":20},"trace":{"maxMs":2.201200000001336,"minMs":1.4531000000006316,"p50Ms":1.6795000000001892,"p95Ms":2.126800000000003,"samples":20}}}}},"parity":{"crossProcess":[{"nativeDigest":"826b397e4e2202af9eaf57a8de4e6f30495b55693963d1cf0539956dcf9ac68d","portableDigest":"826b397e4e2202af9eaf57a8de4e6f30495b55693963d1cf0539956dcf9ac68d"},{"nativeDigest":"826b397e4e2202af9eaf57a8de4e6f30495b55693963d1cf0539956dcf9ac68d","portableDigest":"826b397e4e2202af9eaf57a8de4e6f30495b55693963d1cf0539956dcf9ac68d"},{"nativeDigest":"826b397e4e2202af9eaf57a8de4e6f30495b55693963d1cf0539956dcf9ac68d","portableDigest":"826b397e4e2202af9eaf57a8de4e6f30495b55693963d1cf0539956dcf9ac68d"},{"nativeDigest":"826b397e4e2202af9eaf57a8de4e6f30495b55693963d1cf0539956dcf9ac68d","portableDigest":"826b397e4e2202af9eaf57a8de4e6f30495b55693963d1cf0539956dcf9ac68d"},{"nativeDigest":"826b397e4e2202af9eaf57a8de4e6f30495b55693963d1cf0539956dcf9ac68d","portableDigest":"826b397e4e2202af9eaf57a8de4e6f30495b55693963d1cf0539956dcf9ac68d"},{"nativeDigest":"826b397e4e2202af9eaf57a8de4e6f30495b55693963d1cf0539956dcf9ac68d","portableDigest":"826b397e4e2202af9eaf57a8de4e6f30495b55693963d1cf0539956dcf9ac68d"},{"nativeDigest":"826b397e4e2202af9eaf57a8de4e6f30495b55693963d1cf0539956dcf9ac68d","portableDigest":"826b397e4e2202af9eaf57a8de4e6f30495b55693963d1cf0539956dcf9ac68d"},{"nativeDigest":"826b397e4e2202af9eaf57a8de4e6f30495b55693963d1cf0539956dcf9ac68d","portableDigest":"826b397e4e2202af9eaf57a8de4e6f30495b55693963d1cf0539956dcf9ac68d"},{"nativeDigest":"826b397e4e2202af9eaf57a8de4e6f30495b55693963d1cf0539956dcf9ac68d","portableDigest":"826b397e4e2202af9eaf57a8de4e6f30495b55693963d1cf0539956dcf9ac68d"},{"nativeDigest":"826b397e4e2202af9eaf57a8de4e6f30495b55693963d1cf0539956dcf9ac68d","portableDigest":"826b397e4e2202af9eaf57a8de4e6f30495b55693963d1cf0539956dcf9ac68d"},{"nativeDigest":"826b397e4e2202af9eaf57a8de4e6f30495b55693963d1cf0539956dcf9ac68d","portableDigest":"826b397e4e2202af9eaf57a8de4e6f30495b55693963d1cf0539956dcf9ac68d"},{"nativeDigest":"826b397e4e2202af9eaf57a8de4e6f30495b55693963d1cf0539956dcf9ac68d","portableDigest":"826b397e4e2202af9eaf57a8de4e6f30495b55693963d1cf0539956dcf9ac68d"},{"nativeDigest":"826b397e4e2202af9eaf57a8de4e6f30495b55693963d1cf0539956dcf9ac68d","portableDigest":"826b397e4e2202af9eaf57a8de4e6f30495b55693963d1cf0539956dcf9ac68d"},{"nativeDigest":"826b397e4e2202af9eaf57a8de4e6f30495b55693963d1cf0539956dcf9ac68d","portableDigest":"826b397e4e2202af9eaf57a8de4e6f30495b55693963d1cf0539956dcf9ac68d"},{"nativeDigest":"826b397e4e2202af9eaf57a8de4e6f30495b55693963d1cf0539956dcf9ac68d","portableDigest":"826b397e4e2202af9eaf57a8de4e6f30495b55693963d1cf0539956dcf9ac68d"},{"nativeDigest":"826b397e4e2202af9eaf57a8de4e6f30495b55693963d1cf0539956dcf9ac68d","portableDigest":"826b397e4e2202af9eaf57a8de4e6f30495b55693963d1cf0539956dcf9ac68d"},{"nativeDigest":"826b397e4e2202af9eaf57a8de4e6f30495b55693963d1cf0539956dcf9ac68d","portableDigest":"826b397e4e2202af9eaf57a8de4e6f30495b55693963d1cf0539956dcf9ac68d"},{"nativeDigest":"826b397e4e2202af9eaf57a8de4e6f30495b55693963d1cf0539956dcf9ac68d","portableDigest":"826b397e4e2202af9eaf57a8de4e6f30495b55693963d1cf0539956dcf9ac68d"},{"nativeDigest":"826b397e4e2202af9eaf57a8de4e6f30495b55693963d1cf0539956dcf9ac68d","portableDigest":"826b397e4e2202af9eaf57a8de4e6f30495b55693963d1cf0539956dcf9ac68d"},{"nativeDigest":"826b397e4e2202af9eaf57a8de4e6f30495b55693963d1cf0539956dcf9ac68d","portableDigest":"826b397e4e2202af9eaf57a8de4e6f30495b55693963d1cf0539956dcf9ac68d"}],"crossProcessDeterministic":true,"crossProcessRuns":20,"nativeDigest":"826b397e4e2202af9eaf57a8de4e6f30495b55693963d1cf0539956dcf9ac68d","nativePortableExactOrdered":true,"portableDigest":"826b397e4e2202af9eaf57a8de4e6f30495b55693963d1cf0539956dcf9ac68d"},"runner":{"contract":"contextmesh-v04-fixed-fixtures-v4","cpu":"AMD Ryzen 7 7800X3D 8-Core Processor",