{"fixtureDigest":"49ab64ba1eaf35b66c5de6ba153a8cd7bbd5ec01635cd84748438018e6af0df1","fixtures":{"large":"c1a300fb7faaaf7e5fb987bdad9b7b933b477969bb29c1cd2724621b0616e25c","medium":"4426d67fea709ed65ffbfc72b5d3094a1c18fc35f00be8007d19eca3eea90940","parity":"f736f731ce21f859e888ad1bad0fe907362738ea4dd1a9597cecc0285cbd7124","small":"f736f731ce21f859e888ad1bad0fe907362738ea4dd1a9597cecc0285cbd7124","typescriptDecision":"b37eb5ae3717370da4a87dec92cbe95d390d22d968f96174791a8bbc3c8fa255","watcher":"f736f731ce21f859e888ad1bad0fe907362738ea4dd1a9597cecc0285cbd7124"},"git":{"baseline":"e37977199e231fc95b581e6254003941b8f447b2","commit":"0c8b175f4152c539635393c76bdb105aa8e60246"},"measurements":{"coldFull":{"large":{"peakKernelRssBytes":17317888,"peakParentRssBytes":551022592,"timing":{"maxMs":561.6507999999994,"minMs":519.3843999999999,"p50Ms":527.9529000000002,"p95Ms":561.6507999999994,"samples":5}},"medium":{"peakKernelRssBytes":17018880,"peakParentRssBytes":537731072,"timing":{"maxMs":414.4863000000005,"minMs":385.4533999999999,"p50Ms":395.2476999999999,"p95Ms":414.4863000000005,"samples":5}},"small":{"peakKernelRssBytes":16543744,"peakParentRssBytes":507211776,"timing":{"maxMs":458.79330000000004,"minMs":313.7941999999998,"p50Ms":320.6408999999999,"p95Ms":458.79330000000004,"samples":5}}},"rss":{"estimatedConcurrentPeakBytes":568340480,"peakKernelRssBytes":17317888,"peakParentRssBytes":551022592,"scope":"parent RSS sampled after commit plus sidecar RSS sampled while canonical facts remain resident"},"watcherEventToGeneration":{"maxMs":249.82560000000376,"minMs":216.80099999999948,"p50Ms":230.5894000000044,"p95Ms":248.56199999999808,"samples":20},"workloads":{"large":{"dbCommit":{"maxMs":71.74569999999949,"minMs":50.190300000002026,"p50Ms":50.873899999998685,"p95Ms":71.74569999999949,"samples":10},"filesReparsed":[1,1,1,1,1,1,1,1,1,1],"peakKernelRssBytes":16035840,"providerInvocations":{"typescriptPrecision":[0,0,0,0,0,0,0,0,0,0],"typescriptSyntax":[0,0,0,0,0,0,0,0,0,0]},"singleFileIncremental":{"maxMs":450.1725000000006,"minMs":384.29769999999917,"p50Ms":399.941499999999,"p95Ms":450.1725000000006,"samples":10},"warm":{"explore":{"maxMs":7.445699999998396,"minMs":5.271400000001449,"p50Ms":5.493099999999686,"p95Ms":7.1393000000007305,"samples":20},"search":{"maxMs":7.795300000001589,"minMs":3.1398000000008324,"p50Ms":3.665999999999258,"p95Ms":5.110300000000279,"samples":20},"trace":{"maxMs":5.3519000000014785,"minMs":3.3593999999993684,"p50Ms":3.56919999999991,"p95Ms":5.02599999999984,"samples":20}}},"medium":{"dbCommit":{"maxMs":21.191800000000512,"minMs":14.031600000000253,"p50Ms":14.956000000000131,"p95Ms":21.191800000000512,"samples":10},"filesReparsed":[1,1,1,1,1,1,1,1,1,1],"peakKernelRssBytes":15990784,"providerInvocations":{"typescriptPrecision":[0,0,0,0,0,0,0,0,0,0],"typescriptSyntax":[0,0,0,0,0,0,0,0,0,0]},"singleFileIncremental":{"maxMs":261.02429999999913,"minMs":231.27599999999984,"p50Ms":238.96590000000106,"p95Ms":261.02429999999913,"samples":10},"warm":{"explore":{"maxMs":6.994599999999991,"minMs":4.046599999999671,"p50Ms":4.3016999999999825,"p95Ms":5.224300000001676,"samples":20},"search":{"maxMs":2.6014000000013766,"minMs":2.023299999998926,"p50Ms":2.179500000000189,"p95Ms":2.529899999999543,"samples":20},"trace":{"maxMs":2.735099999999875,"minMs":2.0089000000007218,"p50Ms":2.2756999999983236,"p95Ms":2.528200000000652,"samples":20}}},"small":{"dbCommit":{"maxMs":4.312799999999697,"minMs":3.1810000000004948,"p50Ms":3.3557999999993626,"p95Ms":4.312799999999697,"samples":10},"filesReparsed":[1,1,1,1,1,1,1,1,1,1],"peakKernelRssBytes":16535552,"providerInvocations":{"typescriptPrecision":[0,0,0,0,0,0,0,0,0,0],"typescriptSyntax":[0,0,0,0,0,0,0,0,0,0]},"singleFileIncremental":{"maxMs":204.95319999999992,"minMs":185.8091000000004,"p50Ms":188.54320000000007,"p95Ms":204.95319999999992,"samples":10},"warm":{"explore":{"maxMs":5.556399999999485,"minMs":3.3227999999999156,"p50Ms":3.4341999999996915,"p95Ms":4.073200000000725,"samples":20},"search":{"maxMs":1.7721000000001368,"minMs":1.3708999999998923,"p50Ms":1.528200000000652,"p95Ms":1.7286999999996624,"samples":20},"trace":{"maxMs":2.4328000000004977,"minMs":1.3752999999996973,"p50Ms":1.5136999999995169,"p95Ms":1.8677999999999884,"samples":20}}}}},"parity":{"crossProcess":[{"nativeDigest":"744620597e126803394bff43a47d9a674d3d45d20023fa3e8c7f8a4b3c8e6fe9","portableDigest":"744620597e126803394bff43a47d9a674d3d45d20023fa3e8c7f8a4b3c8e6fe9"},{"nativeDigest":"744620597e126803394bff43a47d9a674d3d45d20023fa3e8c7f8a4b3c8e6fe9","portableDigest":"744620597e126803394bff43a47d9a674d3d45d20023fa3e8c7f8a4b3c8e6fe9"},{"nativeDigest":"744620597e126803394bff43a47d9a674d3d45d20023fa3e8c7f8a4b3c8e6fe9","portableDigest":"744620597e126803394bff43a47d9a674d3d45d20023fa3e8c7f8a4b3c8e6fe9"},{"nativeDigest":"744620597e126803394bff43a47d9a674d3d45d20023fa3e8c7f8a4b3c8e6fe9","portableDigest":"744620597e126803394bff43a47d9a674d3d45d20023fa3e8c7f8a4b3c8e6fe9"},{"nativeDigest":"744620597e126803394bff43a47d9a674d3d45d20023fa3e8c7f8a4b3c8e6fe9","portableDigest":"744620597e126803394bff43a47d9a674d3d45d20023fa3e8c7f8a4b3c8e6fe9"},{"nativeDigest":"744620597e126803394bff43a47d9a674d3d45d20023fa3e8c7f8a4b3c8e6fe9","portableDigest":"744620597e126803394bff43a47d9a674d3d45d20023fa3e8c7f8a4b3c8e6fe9"},{"nativeDigest":"744620597e126803394bff43a47d9a674d3d45d20023fa3e8c7f8a4b3c8e6fe9","portableDigest":"744620597e126803394bff43a47d9a674d3d45d20023fa3e8c7f8a4b3c8e6fe9"},{"nativeDigest":"744620597e126803394bff43a47d9a674d3d45d20023fa3e8c7f8a4b3c8e6fe9","portableDigest":"744620597e126803394bff43a47d9a674d3d45d20023fa3e8c7f8a4b3c8e6fe9"},{"nativeDigest":"744620597e126803394bff43a47d9a674d3d45d20023fa3e8c7f8a4b3c8e6fe9","portableDigest":"744620597e126803394bff43a47d9a674d3d45d20023fa3e8c7f8a4b3c8e6fe9"},{"nativeDigest":"744620597e126803394bff43a47d9a674d3d45d20023fa3e8c7f8a4b3c8e6fe9","portableDigest":"744620597e126803394bff43a47d9a674d3d45d20023fa3e8c7f8a4b3c8e6fe9"},{"nativeDigest":"744620597e126803394bff43a47d9a674d3d45d20023fa3e8c7f8a4b3c8e6fe9","portableDigest":"744620597e126803394bff43a47d9a674d3d45d20023fa3e8c7f8a4b3c8e6fe9"},{"nativeDigest":"744620597e126803394bff43a47d9a674d3d45d20023fa3e8c7f8a4b3c8e6fe9","portableDigest":"744620597e126803394bff43a47d9a674d3d45d20023fa3e8c7f8a4b3c8e6fe9"},{"nativeDigest":"744620597e126803394bff43a47d9a674d3d45d20023fa3e8c7f8a4b3c8e6fe9","portableDigest":"744620597e126803394bff43a47d9a674d3d45d20023fa3e8c7f8a4b3c8e6fe9"},{"nativeDigest":"744620597e126803394bff43a47d9a674d3d45d20023fa3e8c7f8a4b3c8e6fe9","portableDigest":"744620597e126803394bff43a47d9a674d3d45d20023fa3e8c7f8a4b3c8e6fe9"},{"nativeDigest":"744620597e126803394bff43a47d9a674d3d45d20023fa3e8c7f8a4b3c8e6fe9","portableDigest":"744620597e126803394bff43a47d9a674d3d45d20023fa3e8c7f8a4b3c8e6fe9"},{"nativeDigest":"744620597e126803394bff43a47d9a674d3d45d20023fa3e8c7f8a4b3c8e6fe9","portableDigest":"744620597e126803394bff43a47d9a674d3d45d20023fa3e8c7f8a4b3c8e6fe9"},{"nativeDigest":"744620597e126803394bff43a47d9a674d3d45d20023fa3e8c7f8a4b3c8e6fe9","portableDigest":"744620597e126803394bff43a47d9a674d3d45d20023fa3e8c7f8a4b3c8e6fe9"},{"nativeDigest":"744620597e126803394bff43a47d9a674d3d45d20023fa3e8c7f8a4b3c8e6fe9","portableDigest":"744620597e126803394bff43a47d9a674d3d45d20023fa3e8c7f8a4b3c8e6fe9"},{"nativeDigest":"744620597e126803394bff43a47d9a674d3d45d20023fa3e8c7f8a4b3c8e6fe9","portableDigest":"744620597e126803394bff43a47d9a674d3d45d20023fa3e8c7f8a4b3c8e6fe9"},{"nativeDigest":"744620597e126803394bff43a47d9a674d3d45d20023fa3e8c7f8a4b3c8e6fe9","portableDigest":"744620597e126803394bff43a47d9a674d3d45d20023fa3e8c7f8a4b3c8e6fe9"}],"crossProcessDeterministic":true,"crossProcessRuns":20,"nativeDigest":"744620597e126803394bff43a47d9a674d3d45d20023fa3e8c7f8a4b3c8e6fe9","nativePortableExactOrdered":true,"portableDigest":"744620597e126803394bff43a47d9a674d3d45d20023fa3e8c7f8a4b3c8e6fe9"},"runner":{"contract":"contextmesh-v04-fixed-fixtures-v4",