{"fixtureDigest":"49ab64ba1eaf35b66c5de6ba153a8cd7bbd5ec01635cd84748438018e6af0df1","fixtures":{"large":"c1a300fb7faaaf7e5fb987bdad9b7b933b477969bb29c1cd2724621b0616e25c","medium":"4426d67fea709ed65ffbfc72b5d3094a1c18fc35f00be8007d19eca3eea90940","parity":"f736f731ce21f859e888ad1bad0fe907362738ea4dd1a9597cecc0285cbd7124","small":"f736f731ce21f859e888ad1bad0fe907362738ea4dd1a9597cecc0285cbd7124","typescriptDecision":"b37eb5ae3717370da4a87dec92cbe95d390d22d968f96174791a8bbc3c8fa255","watcher":"f736f731ce21f859e888ad1bad0fe907362738ea4dd1a9597cecc0285cbd7124"},"git":{"baseline":"e37977199e231fc95b581e6254003941b8f447b2","commit":"a02863ab9c609963d497cbb86f840636b5badca8"},"measurements":{"coldFull":{"large":{"peakKernelRssBytes":17534976,"peakParentRssBytes":542191616,"timing":{"maxMs":558.7192999999997,"minMs":519.7908000000007,"p50Ms":546.5829999999996,"p95Ms":558.7192999999997,"samples":5}},"medium":{"peakKernelRssBytes":17088512,"peakParentRssBytes":526196736,"timing":{"maxMs":423.3082999999997,"minMs":389.10140000000047,"p50Ms":402.39390000000003,"p95Ms":423.3082999999997,"samples":5}},"small":{"peakKernelRssBytes":16482304,"peakParentRssBytes":496427008,"timing":{"maxMs":468.2424,"minMs":334.48440000000005,"p50Ms":347.8303999999998,"p95Ms":468.2424,"samples":5}}},"rss":{"estimatedConcurrentPeakBytes":559726592,"peakKernelRssBytes":17534976,"peakParentRssBytes":542191616,"scope":"parent RSS sampled after commit plus sidecar RSS sampled while canonical facts remain resident"},"watcherEventToGeneration":{"maxMs":242.26610000000073,"minMs":212.42700000000332,"p50Ms":223.52019999999902,"p95Ms":235.19560000000638,"samples":20},"workloads":{"large":{"dbCommit":{"maxMs":69.34800000000178,"minMs":48.53659999999945,"p50Ms":50.17900000000009,"p95Ms":69.34800000000178,"samples":10},"filesReparsed":[1,1,1,1,1,1,1,1,1,1],"peakKernelRssBytes":16117760,"providerInvocations":{"typescriptPrecision":[0,0,0,0,0,0,0,0,0,0],"typescriptSyntax":[0,0,0,0,0,0,0,0,0,0]},"singleFileIncremental":{"maxMs":407.0025999999998,"minMs":380.8590000000004,"p50Ms":397.40759999999864,"p95Ms":407.0025999999998,"samples":10},"warm":{"explore":{"maxMs":5.801099999998769,"minMs":5.031199999999444,"p50Ms":5.337400000000343,"p95Ms":5.781300000000556,"samples":20},"search":{"maxMs":6.812099999999191,"minMs":3.1561000000001513,"p50Ms":3.455899999999019,"p95Ms":3.98410000000149,"samples":20},"trace":{"maxMs":3.9693999999999505,"minMs":3.181800000000294,"p50Ms":3.441100000000006,"p95Ms":3.9490999999998166,"samples":20}}},"medium":{"dbCommit":{"maxMs":29.09269999999924,"minMs":13.995699999999488,"p50Ms":14.596600000000763,"p95Ms":29.09269999999924,"samples":10},"filesReparsed":[1,1,1,1,1,1,1,1,1,1],"peakKernelRssBytes":17981440,"providerInvocations":{"typescriptPrecision":[0,0,0,0,0,0,0,0,0,0],"typescriptSyntax":[0,0,0,0,0,0,0,0,0,0]},"singleFileIncremental":{"maxMs":294.28199999999924,"minMs":229.90799999999945,"p50Ms":235.58899999999994,"p95Ms":294.28199999999924,"samples":10},"warm":{"explore":{"maxMs":7.0856000000003405,"minMs":3.775599999999031,"p50Ms":4.145000000000437,"p95Ms":4.655200000001059,"samples":20},"search":{"maxMs":2.6868000000013126,"minMs":1.944100000000617,"p50Ms":2.1579000000001543,"p95Ms":2.4739000000008673,"samples":20},"trace":{"maxMs":2.8387000000002445,"minMs":1.9513000000006286,"p50Ms":2.1885000000002037,"p95Ms":2.6755000000011933,"samples":20}}},"small":{"dbCommit":{"maxMs":4.292699999999968,"minMs":3.1384000000016385,"p50Ms":3.337100000000646,"p95Ms":4.292699999999968,"samples":10},"filesReparsed":[1,1,1,1,1,1,1,1,1,1],"peakKernelRssBytes":16093184,"providerInvocations":{"typescriptPrecision":[0,0,0,0,0,0,0,0,0,0],"typescriptSyntax":[0,0,0,0,0,0,0,0,0,0]},"singleFileIncremental":{"maxMs":212.33899999999994,"minMs":185.80299999999988,"p50Ms":195.32610000000022,"p95Ms":212.33899999999994,"samples":10},"warm":{"explore":{"maxMs":5.3179999999993015,"minMs":3.306399999999485,"p50Ms":3.5306000000000495,"p95Ms":4.247499999999491,"samples":20},"search":{"maxMs":2.0388999999995576,"minMs":1.3853999999992084,"p50Ms":1.6792000000004919,"p95Ms":2.018000000000029,"samples":20},"trace":{"maxMs":2.255200000001423,"minMs":1.390800000001036,"p50Ms":1.5183999999990192,"p95Ms":2.0037999999985914,"samples":20}}}}},"parity":{"crossProcess":[{"nativeDigest":"75498035a1f4d5b1edc56e5e9a6e661d76b8e525e3381d38b3fae1dd06b0be56","portableDigest":"75498035a1f4d5b1edc56e5e9a6e661d76b8e525e3381d38b3fae1dd06b0be56"},{"nativeDigest":"75498035a1f4d5b1edc56e5e9a6e661d76b8e525e3381d38b3fae1dd06b0be56","portableDigest":"75498035a1f4d5b1edc56e5e9a6e661d76b8e525e3381d38b3fae1dd06b0be56"},{"nativeDigest":"75498035a1f4d5b1edc56e5e9a6e661d76b8e525e3381d38b3fae1dd06b0be56","portableDigest":"75498035a1f4d5b1edc56e5e9a6e661d76b8e525e3381d38b3fae1dd06b0be56"},{"nativeDigest":"75498035a1f4d5b1edc56e5e9a6e661d76b8e525e3381d38b3fae1dd06b0be56","portableDigest":"75498035a1f4d5b1edc56e5e9a6e661d76b8e525e3381d38b3fae1dd06b0be56"},{"nativeDigest":"75498035a1f4d5b1edc56e5e9a6e661d76b8e525e3381d38b3fae1dd06b0be56","portableDigest":"75498035a1f4d5b1edc56e5e9a6e661d76b8e525e3381d38b3fae1dd06b0be56"},{"nativeDigest":"75498035a1f4d5b1edc56e5e9a6e661d76b8e525e3381d38b3fae1dd06b0be56","portableDigest":"75498035a1f4d5b1edc56e5e9a6e661d76b8e525e3381d38b3fae1dd06b0be56"},{"nativeDigest":"75498035a1f4d5b1edc56e5e9a6e661d76b8e525e3381d38b3fae1dd06b0be56","portableDigest":"75498035a1f4d5b1edc56e5e9a6e661d76b8e525e3381d38b3fae1dd06b0be56"},{"nativeDigest":"75498035a1f4d5b1edc56e5e9a6e661d76b8e525e3381d38b3fae1dd06b0be56","portableDigest":"75498035a1f4d5b1edc56e5e9a6e661d76b8e525e3381d38b3fae1dd06b0be56"},{"nativeDigest":"75498035a1f4d5b1edc56e5e9a6e661d76b8e525e3381d38b3fae1dd06b0be56","portableDigest":"75498035a1f4d5b1edc56e5e9a6e661d76b8e525e3381d38b3fae1dd06b0be56"},{"nativeDigest":"75498035a1f4d5b1edc56e5e9a6e661d76b8e525e3381d38b3fae1dd06b0be56","portableDigest":"75498035a1f4d5b1edc56e5e9a6e661d76b8e525e3381d38b3fae1dd06b0be56"},{"nativeDigest":"75498035a1f4d5b1edc56e5e9a6e661d76b8e525e3381d38b3fae1dd06b0be56","portableDigest":"75498035a1f4d5b1edc56e5e9a6e661d76b8e525e3381d38b3fae1dd06b0be56"},{"nativeDigest":"75498035a1f4d5b1edc56e5e9a6e661d76b8e525e3381d38b3fae1dd06b0be56","portableDigest":"75498035a1f4d5b1edc56e5e9a6e661d76b8e525e3381d38b3fae1dd06b0be56"},{"nativeDigest":"75498035a1f4d5b1edc56e5e9a6e661d76b8e525e3381d38b3fae1dd06b0be56","portableDigest":"75498035a1f4d5b1edc56e5e9a6e661d76b8e525e3381d38b3fae1dd06b0be56"},{"nativeDigest":"75498035a1f4d5b1edc56e5e9a6e661d76b8e525e3381d38b3fae1dd06b0be56","portableDigest":"75498035a1f4d5b1edc56e5e9a6e661d76b8e525e3381d38b3fae1dd06b0be56"},{"nativeDigest":"75498035a1f4d5b1edc56e5e9a6e661d76b8e525e3381d38b3fae1dd06b0be56","portableDigest":"75498035a1f4d5b1edc56e5e9a6e661d76b8e525e3381d38b3fae1dd06b0be56"},{"nativeDigest":"75498035a1f4d5b1edc56e5e9a6e661d76b8e525e3381d38b3fae1dd06b0be56","portableDigest":"75498035a1f4d5b1edc56e5e9a6e661d76b8e525e3381d38b3fae1dd06b0be56"},{"nativeDigest":"75498035a1f4d5b1edc56e5e9a6e661d76b8e525e3381d38b3fae1dd06b0be56","portableDigest":"75498035a1f4d5b1edc56e5e9a6e661d76b8e525e3381d38b3fae1dd06b0be56"},{"nativeDigest":"75498035a1f4d5b1edc56e5e9a6e661d76b8e525e3381d38b3fae1dd06b0be56","portableDigest":"75498035a1f4d5b1edc56e5e9a6e661d76b8e525e3381d38b3fae1dd06b0be56"},{"nativeDigest":"75498035a1f4d5b1edc56e5e9a6e661d76b8e525e3381d38b3fae1dd06b0be56","portableDigest":"75498035a1f4d5b1edc56e5e9a6e661d76b8e525e3381d38b3fae1dd06b0be56"},{"nativeDigest":"75498035a1f4d5b1edc56e5e9a6e661d76b8e525e3381d38b3fae1dd06b0be56","portableDigest":"75498035a1f4d5b1edc56e5e9a6e661d76b8e525e3381d38b3fae1dd06b0be56"}],"crossProcessDeterministic":true,"crossProcessRuns":20,"nativeDigest":"75498035a1f4d5b1edc56e5e9a6e661d76b8e525e3381d38b3fae1dd06b0be56","nativePortableExactOrdered":true,"portableDigest":"75498035a1f4d5b1edc56e5e9a6e661d76b8e525e3381d38b3fae1dd06b0be56"},"runner":{"contract":"contextmesh-v04-fixed-fixtures-v4",