{"fixtureDigest":"49ab64ba1eaf35b66c5de6ba153a8cd7bbd5ec01635cd84748438018e6af0df1","fixtures":{"large":"c1a300fb7faaaf7e5fb987bdad9b7b933b477969bb29c1cd2724621b0616e25c","medium":"4426d67fea709ed65ffbfc72b5d3094a1c18fc35f00be8007d19eca3eea90940","parity":"f736f731ce21f859e888ad1bad0fe907362738ea4dd1a9597cecc0285cbd7124","small":"f736f731ce21f859e888ad1bad0fe907362738ea4dd1a9597cecc0285cbd7124","typescriptDecision":"b37eb5ae3717370da4a87dec92cbe95d390d22d968f96174791a8bbc3c8fa255","watcher":"f736f731ce21f859e888ad1bad0fe907362738ea4dd1a9597cecc0285cbd7124"},"git":{"baseline":"e37977199e231fc95b581e6254003941b8f447b2","commit":"8734f25e1f96281c463d2f7b068a6cbb06e98cb6"},"measurements":{"coldFull":{"large":{"peakKernelRssBytes":16965632,"peakParentRssBytes":547475456,"timing":{"maxMs":530.1806999999999,"minMs":498.8186999999998,"p50Ms":515.3802000000005,"p95Ms":530.1806999999999,"samples":5}},"medium":{"peakKernelRssBytes":16551936,"peakParentRssBytes":533278720,"timing":{"maxMs":387.15009999999984,"minMs":363.58539999999994,"p50Ms":367.29720000000043,"p95Ms":387.15009999999984,"samples":5}},"small":{"peakKernelRssBytes":15896576,"peakParentRssBytes":501940224,"timing":{"maxMs":487.9459999999999,"minMs":318.65620000000035,"p50Ms":343.21640000000025,"p95Ms":487.9459999999999,"samples":5}}},"rss":{"estimatedConcurrentPeakBytes":564441088,"peakKernelRssBytes":16965632,"peakParentRssBytes":547475456,"scope":"parent RSS sampled after commit plus sidecar RSS sampled while canonical facts remain resident"},"watcherEventToGeneration":{"maxMs":230.05049999999756,"minMs":209.97329999999783,"p50Ms":214.1880999999994,"p95Ms":226.35599999999977,"samples":20},"workloads":{"large":{"dbCommit":{"maxMs":64.78509999999915,"minMs":48.57180000000153,"p50Ms":49.624299999999494,"p95Ms":64.78509999999915,"samples":10},"filesReparsed":[1,1,1,1,1,1,1,1,1,1],"peakKernelRssBytes":15552512,"providerInvocations":{"typescriptPrecision":[0,0,0,0,0,0,0,0,0,0],"typescriptSyntax":[0,0,0,0,0,0,0,0,0,0]},"singleFileIncremental":{"maxMs":410.056700000001,"minMs":387.47780000000057,"p50Ms":393.20620000000054,"p95Ms":410.056700000001,"samples":10},"warm":{"explore":{"maxMs":5.676799999999275,"minMs":4.878099999999904,"p50Ms":5.236699999999473,"p95Ms":5.592999999998938,"samples":20},"search":{"maxMs":5.320700000000215,"minMs":3.146200000001045,"p50Ms":3.30239999999867,"p95Ms":3.708099999999831,"samples":20},"trace":{"maxMs":3.5596999999997934,"minMs":3.147399999999834,"p50Ms":3.369199999999182,"p95Ms":3.5318999999999505,"samples":20}}},"medium":{"dbCommit":{"maxMs":22.943100000000413,"minMs":13.861800000000585,"p50Ms":14.440300000000207,"p95Ms":22.943100000000413,"samples":10},"filesReparsed":[1,1,1,1,1,1,1,1,1,1],"peakKernelRssBytes":15540224,"providerInvocations":{"typescriptPrecision":[0,0,0,0,0,0,0,0,0,0],"typescriptSyntax":[0,0,0,0,0,0,0,0,0,0]},"singleFileIncremental":{"maxMs":249.70420000000013,"minMs":228.96579999999994,"p50Ms":234.66830000000118,"p95Ms":249.70420000000013,"samples":10},"warm":{"explore":{"maxMs":4.516799999999421,"minMs":3.7929999999996653,"p50Ms":3.999499999999898,"p95Ms":4.4284999999999854,"samples":20},"search":{"maxMs":2.592899999999645,"minMs":1.9316999999991822,"p50Ms":2.0740999999998166,"p95Ms":2.3768999999992957,"samples":20},"trace":{"maxMs":4.930399999999281,"minMs":1.9285999999992782,"p50Ms":2.157599999998638,"p95Ms":2.3972999999987223,"samples":20}}},"small":{"dbCommit":{"maxMs":18.67749999999978,"minMs":3.146199999999226,"p50Ms":3.3764999999984866,"p95Ms":18.67749999999978,"samples":10},"filesReparsed":[1,1,1,1,1,1,1,1,1,1],"peakKernelRssBytes":15527936,"providerInvocations":{"typescriptPrecision":[0,0,0,0,0,0,0,0,0,0],"typescriptSyntax":[0,0,0,0,0,0,0,0,0,0]},"singleFileIncremental":{"maxMs":201.5550000000003,"minMs":181.3068000000003,"p50Ms":185.59120000000075,"p95Ms":201.5550000000003,"samples":10},"warm":{"explore":{"maxMs":5.113100000000486,"minMs":3.1916000000001077,"p50Ms":3.4245000000009895,"p95Ms":3.6621000000013737,"samples":20},"search":{"maxMs":1.8958999999995285,"minMs":1.4174000000002707,"p50Ms":1.493000000000393,"p95Ms":1.7299999999995634,"samples":20},"trace":{"maxMs":2.058000000000902,"minMs":1.349500000000262,"p50Ms":1.5352999999995518,"p95Ms":1.8496000000013737,"samples":20}}}}},"parity":{"crossProcess":[{"nativeDigest":"22cdb12092aca6cd1f133a65bea8d6adb5c854abd6932b2cd7c2b515f221eb8a","portableDigest":"22cdb12092aca6cd1f133a65bea8d6adb5c854abd6932b2cd7c2b515f221eb8a"},{"nativeDigest":"22cdb12092aca6cd1f133a65bea8d6adb5c854abd6932b2cd7c2b515f221eb8a","portableDigest":"22cdb12092aca6cd1f133a65bea8d6adb5c854abd6932b2cd7c2b515f221eb8a"},{"nativeDigest":"22cdb12092aca6cd1f133a65bea8d6adb5c854abd6932b2cd7c2b515f221eb8a","portableDigest":"22cdb12092aca6cd1f133a65bea8d6adb5c854abd6932b2cd7c2b515f221eb8a"},{"nativeDigest":"22cdb12092aca6cd1f133a65bea8d6adb5c854abd6932b2cd7c2b515f221eb8a","portableDigest":"22cdb12092aca6cd1f133a65bea8d6adb5c854abd6932b2cd7c2b515f221eb8a"},{"nativeDigest":"22cdb12092aca6cd1f133a65bea8d6adb5c854abd6932b2cd7c2b515f221eb8a","portableDigest":"22cdb12092aca6cd1f133a65bea8d6adb5c854abd6932b2cd7c2b515f221eb8a"},{"nativeDigest":"22cdb12092aca6cd1f133a65bea8d6adb5c854abd6932b2cd7c2b515f221eb8a","portableDigest":"22cdb12092aca6cd1f133a65bea8d6adb5c854abd6932b2cd7c2b515f221eb8a"},{"nativeDigest":"22cdb12092aca6cd1f133a65bea8d6adb5c854abd6932b2cd7c2b515f221eb8a","portableDigest":"22cdb12092aca6cd1f133a65bea8d6adb5c854abd6932b2cd7c2b515f221eb8a"},{"nativeDigest":"22cdb12092aca6cd1f133a65bea8d6adb5c854abd6932b2cd7c2b515f221eb8a","portableDigest":"22cdb12092aca6cd1f133a65bea8d6adb5c854abd6932b2cd7c2b515f221eb8a"},{"nativeDigest":"22cdb12092aca6cd1f133a65bea8d6adb5c854abd6932b2cd7c2b515f221eb8a","portableDigest":"22cdb12092aca6cd1f133a65bea8d6adb5c854abd6932b2cd7c2b515f221eb8a"},{"nativeDigest":"22cdb12092aca6cd1f133a65bea8d6adb5c854abd6932b2cd7c2b515f221eb8a","portableDigest":"22cdb12092aca6cd1f133a65bea8d6adb5c854abd6932b2cd7c2b515f221eb8a"},{"nativeDigest":"22cdb12092aca6cd1f133a65bea8d6adb5c854abd6932b2cd7c2b515f221eb8a","portableDigest":"22cdb12092aca6cd1f133a65bea8d6adb5c854abd6932b2cd7c2b515f221eb8a"},{"nativeDigest":"22cdb12092aca6cd1f133a65bea8d6adb5c854abd6932b2cd7c2b515f221eb8a","portableDigest":"22cdb12092aca6cd1f133a65bea8d6adb5c854abd6932b2cd7c2b515f221eb8a"},{"nativeDigest":"22cdb12092aca6cd1f133a65bea8d6adb5c854abd6932b2cd7c2b515f221eb8a","portableDigest":"22cdb12092aca6cd1f133a65bea8d6adb5c854abd6932b2cd7c2b515f221eb8a"},{"nativeDigest":"22cdb12092aca6cd1f133a65bea8d6adb5c854abd6932b2cd7c2b515f221eb8a","portableDigest":"22cdb12092aca6cd1f133a65bea8d6adb5c854abd6932b2cd7c2b515f221eb8a"},{"nativeDigest":"22cdb12092aca6cd1f133a65bea8d6adb5c854abd6932b2cd7c2b515f221eb8a","portableDigest":"22cdb12092aca6cd1f133a65bea8d6adb5c854abd6932b2cd7c2b515f221eb8a"},{"nativeDigest":"22cdb12092aca6cd1f133a65bea8d6adb5c854abd6932b2cd7c2b515f221eb8a","portableDigest":"22cdb12092aca6cd1f133a65bea8d6adb5c854abd6932b2cd7c2b515f221eb8a"},{"nativeDigest":"22cdb12092aca6cd1f133a65bea8d6adb5c854abd6932b2cd7c2b515f221eb8a","portableDigest":"22cdb12092aca6cd1f133a65bea8d6adb5c854abd6932b2cd7c2b515f221eb8a"},{"nativeDigest":"22cdb12092aca6cd1f133a65bea8d6adb5c854abd6932b2cd7c2b515f221eb8a","portableDigest":"22cdb12092aca6cd1f133a65bea8d6adb5c854abd6932b2cd7c2b515f221eb8a"},{"nativeDigest":"22cdb12092aca6cd1f133a65bea8d6adb5c854abd6932b2cd7c2b515f221eb8a","portableDigest":"22cdb12092aca6cd1f133a65bea8d6adb5c854abd6932b2cd7c2b515f221eb8a"},{"nativeDigest":"22cdb12092aca6cd1f133a65bea8d6adb5c854abd6932b2cd7c2b515f221eb8a","portableDigest":"22cdb12092aca6cd1f133a65bea8d6adb5c854abd6932b2cd7c2b515f221eb8a"}],"crossProcessDeterministic":true,"crossProcessRuns":20,"nativeDigest":"22cdb12092aca6cd1f133a65bea8d6adb5c854abd6932b2cd7c2b515f221eb8a","nativePortableExactOrdered":true,"portableDigest":"22cdb12092aca6cd1f133a65bea8d6adb5c854abd6932b2cd7c2b515f221eb8a"},"runner":{"contract":"contextmesh-v04-fixed-fixtures-v4",