{"fixtureDigest":"49ab64ba1eaf35b66c5de6ba153a8cd7bbd5ec01635cd84748438018e6af0df1","fixtures":{"large":"c1a300fb7faaaf7e5fb987bdad9b7b933b477969bb29c1cd2724621b0616e25c","medium":"4426d67fea709ed65ffbfc72b5d3094a1c18fc35f00be8007d19eca3eea90940","parity":"f736f731ce21f859e888ad1bad0fe907362738ea4dd1a9597cecc0285cbd7124","small":"f736f731ce21f859e888ad1bad0fe907362738ea4dd1a9597cecc0285cbd7124","typescriptDecision":"b37eb5ae3717370da4a87dec92cbe95d390d22d968f96174791a8bbc3c8fa255","watcher":"f736f731ce21f859e888ad1bad0fe907362738ea4dd1a9597cecc0285cbd7124"},"git":{"baseline":"e37977199e231fc95b581e6254003941b8f447b2","commit":"175b236e6658dba00cab851bc3c3b11b59e4ad9d"},"measurements":{"coldFull":{"large":{"peakKernelRssBytes":16826368,"peakParentRssBytes":554442752,"timing":{"maxMs":559.4066999999995,"minMs":518.1630999999998,"p50Ms":532.6795000000002,"p95Ms":559.4066999999995,"samples":5}},"medium":{"peakKernelRssBytes":16506880,"peakParentRssBytes":531222528,"timing":{"maxMs":391.2071000000001,"minMs":359.23619999999937,"p50Ms":381.9540000000002,"p95Ms":391.2071000000001,"samples":5}},"small":{"peakKernelRssBytes":16220160,"peakParentRssBytes":481857536,"timing":{"maxMs":446.3922,"minMs":306.8681999999999,"p50Ms":319.0223000000001,"p95Ms":446.3922,"samples":5}}},"rss":{"estimatedConcurrentPeakBytes":571269120,"peakKernelRssBytes":16826368,"peakParentRssBytes":554442752,"scope":"parent RSS sampled after commit plus sidecar RSS sampled while canonical facts remain resident"},"watcherEventToGeneration":{"maxMs":245.66600000000471,"minMs":213.3790999999983,"p50Ms":223.60889999999927,"p95Ms":234.23659999999654,"samples":20},"workloads":{"large":{"dbCommit":{"maxMs":72.73240000000078,"minMs":48.683200000003126,"p50Ms":56.11800000000039,"p95Ms":72.73240000000078,"samples":10},"filesReparsed":[1,1,1,1,1,1,1,1,1,1],"peakKernelRssBytes":15564800,"providerInvocations":{"typescriptPrecision":[0,0,0,0,0,0,0,0,0,0],"typescriptSyntax":[0,0,0,0,0,0,0,0,0,0]},"singleFileIncremental":{"maxMs":444.42099999999846,"minMs":376.4406000000017,"p50Ms":409.0837999999967,"p95Ms":444.42099999999846,"samples":10},"warm":{"explore":{"maxMs":6.4395000000004075,"minMs":5.502900000001318,"p50Ms":5.726500000000669,"p95Ms":6.100699999999051,"samples":20},"search":{"maxMs":4.578199999999924,"minMs":3.459600000000137,"p50Ms":3.6864999999997963,"p95Ms":4.238499999999476,"samples":20},"trace":{"maxMs":6.816600000000108,"minMs":3.4535999999989144,"p50Ms":3.7250999999996566,"p95Ms":4.363900000000285,"samples":20}}},"medium":{"dbCommit":{"maxMs":30.41610000000037,"minMs":13.886700000000928,"p50Ms":15.235899999999674,"p95Ms":30.41610000000037,"samples":10},"filesReparsed":[1,1,1,1,1,1,1,1,1,1],"peakKernelRssBytes":15503360,"providerInvocations":{"typescriptPrecision":[0,0,0,0,0,0,0,0,0,0],"typescriptSyntax":[0,0,0,0,0,0,0,0,0,0]},"singleFileIncremental":{"maxMs":370.148799999999,"minMs":222.72329999999965,"p50Ms":242.66409999999996,"p95Ms":370.148799999999,"samples":10},"warm":{"explore":{"maxMs":5.113099999998667,"minMs":3.9413000000004104,"p50Ms":4.22150000000147,"p95Ms":5.06630000000041,"samples":20},"search":{"maxMs":5.333800000000338,"minMs":2.014600000000428,"p50Ms":2.2747999999992317,"p95Ms":2.779399999999441,"samples":20},"trace":{"maxMs":2.9038000000000466,"minMs":2.0190999999995256,"p50Ms":2.3432000000011612,"p95Ms":2.9007000000001426,"samples":20}}},"small":{"dbCommit":{"maxMs":3.6173999999991793,"minMs":3.185699999999997,"p50Ms":3.2964000000010856,"p95Ms":3.6173999999991793,"samples":10},"filesReparsed":[1,1,1,1,1,1,1,1,1,1],"peakKernelRssBytes":15556608,"providerInvocations":{"typescriptPrecision":[0,0,0,0,0,0,0,0,0,0],"typescriptSyntax":[0,0,0,0,0,0,0,0,0,0]},"singleFileIncremental":{"maxMs":207.85189999999966,"minMs":182.04540000000088,"p50Ms":187.1199000000015,"p95Ms":207.85189999999966,"samples":10},"warm":{"explore":{"maxMs":9.02639999999883,"minMs":3.130300000000716,"p50Ms":3.5614999999997963,"p95Ms":5.384500000000116,"samples":20},"search":{"maxMs":2.029099999999744,"minMs":1.3190000000013242,"p50Ms":1.5379000000011729,"p95Ms":1.721400000000358,"samples":20},"trace":{"maxMs":2.092499999998836,"minMs":1.3888999999999214,"p50Ms":1.5408000000006723,"p95Ms":1.9462000000003172,"samples":20}}}}},"parity":{"crossProcess":[{"nativeDigest":"5409cee1fd1837ef77f278babd12314dbc70ef23c042025b1261d37e5ba98890","portableDigest":"5409cee1fd1837ef77f278babd12314dbc70ef23c042025b1261d37e5ba98890"},{"nativeDigest":"5409cee1fd1837ef77f278babd12314dbc70ef23c042025b1261d37e5ba98890","portableDigest":"5409cee1fd1837ef77f278babd12314dbc70ef23c042025b1261d37e5ba98890"},{"nativeDigest":"5409cee1fd1837ef77f278babd12314dbc70ef23c042025b1261d37e5ba98890","portableDigest":"5409cee1fd1837ef77f278babd12314dbc70ef23c042025b1261d37e5ba98890"},{"nativeDigest":"5409cee1fd1837ef77f278babd12314dbc70ef23c042025b1261d37e5ba98890","portableDigest":"5409cee1fd1837ef77f278babd12314dbc70ef23c042025b1261d37e5ba98890"},{"nativeDigest":"5409cee1fd1837ef77f278babd12314dbc70ef23c042025b1261d37e5ba98890","portableDigest":"5409cee1fd1837ef77f278babd12314dbc70ef23c042025b1261d37e5ba98890"},{"nativeDigest":"5409cee1fd1837ef77f278babd12314dbc70ef23c042025b1261d37e5ba98890","portableDigest":"5409cee1fd1837ef77f278babd12314dbc70ef23c042025b1261d37e5ba98890"},{"nativeDigest":"5409cee1fd1837ef77f278babd12314dbc70ef23c042025b1261d37e5ba98890","portableDigest":"5409cee1fd1837ef77f278babd12314dbc70ef23c042025b1261d37e5ba98890"},{"nativeDigest":"5409cee1fd1837ef77f278babd12314dbc70ef23c042025b1261d37e5ba98890","portableDigest":"5409cee1fd1837ef77f278babd12314dbc70ef23c042025b1261d37e5ba98890"},{"nativeDigest":"5409cee1fd1837ef77f278babd12314dbc70ef23c042025b1261d37e5ba98890","portableDigest":"5409cee1fd1837ef77f278babd12314dbc70ef23c042025b1261d37e5ba98890"},{"nativeDigest":"5409cee1fd1837ef77f278babd12314dbc70ef23c042025b1261d37e5ba98890","portableDigest":"5409cee1fd1837ef77f278babd12314dbc70ef23c042025b1261d37e5ba98890"},{"nativeDigest":"5409cee1fd1837ef77f278babd12314dbc70ef23c042025b1261d37e5ba98890","portableDigest":"5409cee1fd1837ef77f278babd12314dbc70ef23c042025b1261d37e5ba98890"},{"nativeDigest":"5409cee1fd1837ef77f278babd12314dbc70ef23c042025b1261d37e5ba98890","portableDigest":"5409cee1fd1837ef77f278babd12314dbc70ef23c042025b1261d37e5ba98890"},{"nativeDigest":"5409cee1fd1837ef77f278babd12314dbc70ef23c042025b1261d37e5ba98890","portableDigest":"5409cee1fd1837ef77f278babd12314dbc70ef23c042025b1261d37e5ba98890"},{"nativeDigest":"5409cee1fd1837ef77f278babd12314dbc70ef23c042025b1261d37e5ba98890","portableDigest":"5409cee1fd1837ef77f278babd12314dbc70ef23c042025b1261d37e5ba98890"},{"nativeDigest":"5409cee1fd1837ef77f278babd12314dbc70ef23c042025b1261d37e5ba98890","portableDigest":"5409cee1fd1837ef77f278babd12314dbc70ef23c042025b1261d37e5ba98890"},{"nativeDigest":"5409cee1fd1837ef77f278babd12314dbc70ef23c042025b1261d37e5ba98890","portableDigest":"5409cee1fd1837ef77f278babd12314dbc70ef23c042025b1261d37e5ba98890"},{"nativeDigest":"5409cee1fd1837ef77f278babd12314dbc70ef23c042025b1261d37e5ba98890","portableDigest":"5409cee1fd1837ef77f278babd12314dbc70ef23c042025b1261d37e5ba98890"},{"nativeDigest":"5409cee1fd1837ef77f278babd12314dbc70ef23c042025b1261d37e5ba98890","portableDigest":"5409cee1fd1837ef77f278babd12314dbc70ef23c042025b1261d37e5ba98890"},{"nativeDigest":"5409cee1fd1837ef77f278babd12314dbc70ef23c042025b1261d37e5ba98890","portableDigest":"5409cee1fd1837ef77f278babd12314dbc70ef23c042025b1261d37e5ba98890"},{"nativeDigest":"5409cee1fd1837ef77f278babd12314dbc70ef23c042025b1261d37e5ba98890","portableDigest":"5409cee1fd1837ef77f278babd12314dbc70ef23c042025b1261d37e5ba98890"}],"crossProcessDeterministic":true,"crossProcessRuns":20,"nativeDigest":"5409cee1fd1837ef77f278babd12314dbc70ef23c042025b1261d37e5ba98890","nativePortableExactOrdered":true,"portableDigest":"5409cee1fd1837ef77f278babd12314dbc70ef23c042025b1261d37e5ba98890"},"runner":{"contract":"contextmesh-v04-fixed-fixtures-v4","cpu":"AMD Ryzen 7 7800X3D 8-Core Processor",