{"fixtureDigest":"49ab64ba1eaf35b66c5de6ba153a8cd7bbd5ec01635cd84748438018e6af0df1","fixtures":{"large":"c1a300fb7faaaf7e5fb987bdad9b7b933b477969bb29c1cd2724621b0616e25c","medium":"4426d67fea709ed65ffbfc72b5d3094a1c18fc35f00be8007d19eca3eea90940","parity":"f736f731ce21f859e888ad1bad0fe907362738ea4dd1a9597cecc0285cbd7124","small":"f736f731ce21f859e888ad1bad0fe907362738ea4dd1a9597cecc0285cbd7124","typescriptDecision":"b37eb5ae3717370da4a87dec92cbe95d390d22d968f96174791a8bbc3c8fa255","watcher":"f736f731ce21f859e888ad1bad0fe907362738ea4dd1a9597cecc0285cbd7124"},"git":{"baseline":"e37977199e231fc95b581e6254003941b8f447b2","commit":"5e7079c36680820acdba0766cc955c5d4018b126"},"measurements":{"coldFull":{"large":{"peakKernelRssBytes":16797696,"peakParentRssBytes":554987520,"timing":{"maxMs":498.20340000000033,"minMs":483.1222000000007,"p50Ms":492.1201000000001,"p95Ms":498.20340000000033,"samples":5}},"medium":{"peakKernelRssBytes":16457728,"peakParentRssBytes":529649664,"timing":{"maxMs":358.08219999999983,"minMs":347.65200000000004,"p50Ms":356.41629999999986,"p95Ms":358.08219999999983,"samples":5}},"small":{"peakKernelRssBytes":15941632,"peakParentRssBytes":481771520,"timing":{"maxMs":435.75419999999997,"minMs":304.9162000000001,"p50Ms":317.71399999999994,"p95Ms":435.75419999999997,"samples":5}}},"rss":{"estimatedConcurrentPeakBytes":571785216,"peakKernelRssBytes":16797696,"peakParentRssBytes":554987520,"scope":"parent RSS sampled after commit plus sidecar RSS sampled while canonical facts remain resident"},"watcherEventToGeneration":{"maxMs":223.630799999999,"minMs":199.6446999999971,"p50Ms":206.14979999999923,"p95Ms":219.75790000000416,"samples":20},"workloads":{"large":{"dbCommit":{"maxMs":67.53249999999935,"minMs":47.31009999999878,"p50Ms":48.58129999999983,"p95Ms":67.53249999999935,"samples":10},"filesReparsed":[1,1,1,1,1,1,1,1,1,1],"peakKernelRssBytes":16015360,"providerInvocations":{"typescriptPrecision":[0,0,0,0,0,0,0,0,0,0],"typescriptSyntax":[0,0,0,0,0,0,0,0,0,0]},"singleFileIncremental":{"maxMs":391.8822999999993,"minMs":356.8935999999994,"p50Ms":366.15940000000046,"p95Ms":391.8822999999993,"samples":10},"warm":{"explore":{"maxMs":5.488999999999578,"minMs":4.787700000000768,"p50Ms":5.028100000001359,"p95Ms":5.3400000000001455,"samples":20},"search":{"maxMs":3.700199999999313,"minMs":2.962099999998827,"p50Ms":3.3324999999986176,"p95Ms":3.6787999999996828,"samples":20},"trace":{"maxMs":5.885200000000623,"minMs":3.0890999999992346,"p50Ms":3.3163000000004104,"p95Ms":3.772899999999936,"samples":20}}},"medium":{"dbCommit":{"maxMs":29.34690000000046,"minMs":13.602399999999761,"p50Ms":14.294200000000274,"p95Ms":29.34690000000046,"samples":10},"filesReparsed":[1,1,1,1,1,1,1,1,1,1],"peakKernelRssBytes":15519744,"providerInvocations":{"typescriptPrecision":[0,0,0,0,0,0,0,0,0,0],"typescriptSyntax":[0,0,0,0,0,0,0,0,0,0]},"singleFileIncremental":{"maxMs":243.47559999999976,"minMs":220.71960000000036,"p50Ms":226.22419999999875,"p95Ms":243.47559999999976,"samples":10},"warm":{"explore":{"maxMs":4.215199999998731,"minMs":3.585900000000038,"p50Ms":3.9059999999990396,"p95Ms":4.071599999999307,"samples":20},"search":{"maxMs":4.581299999999828,"minMs":1.8592999999982567,"p50Ms":2.041299999998955,"p95Ms":2.1358999999993102,"samples":20},"trace":{"maxMs":2.2761000000009517,"minMs":1.8947000000007392,"p50Ms":2.077099999998609,"p95Ms":2.255800000000818,"samples":20}}},"small":{"dbCommit":{"maxMs":4.004000000000815,"minMs":3.142100000000937,"p50Ms":3.354699999999866,"p95Ms":4.004000000000815,"samples":10},"filesReparsed":[1,1,1,1,1,1,1,1,1,1],"peakKernelRssBytes":16195584,"providerInvocations":{"typescriptPrecision":[0,0,0,0,0,0,0,0,0,0],"typescriptSyntax":[0,0,0,0,0,0,0,0,0,0]},"singleFileIncremental":{"maxMs":189.1218000000008,"minMs":175.63540000000103,"p50Ms":182.54490000000078,"p95Ms":189.1218000000008,"samples":10},"warm":{"explore":{"maxMs":7.607099999999264,"minMs":3.0530000000017026,"p50Ms":3.3000000000010914,"p95Ms":4.978499999999258,"samples":20},"search":{"maxMs":1.6800999999995838,"minMs":1.3593000000000757,"p50Ms":1.466999999998734,"p95Ms":1.6622999999999593,"samples":20},"trace":{"maxMs":2.275099999998929,"minMs":1.3488999999990483,"p50Ms":1.5306999999993423,"p95Ms":1.7725000000009459,"samples":20}}}}},"parity":{"crossProcess":[{"nativeDigest":"9c4a39a9988ad9731c9da12f2bde6d6825ff805f17a55b33e2e39f959f134d26","portableDigest":"9c4a39a9988ad9731c9da12f2bde6d6825ff805f17a55b33e2e39f959f134d26"},{"nativeDigest":"9c4a39a9988ad9731c9da12f2bde6d6825ff805f17a55b33e2e39f959f134d26","portableDigest":"9c4a39a9988ad9731c9da12f2bde6d6825ff805f17a55b33e2e39f959f134d26"},{"nativeDigest":"9c4a39a9988ad9731c9da12f2bde6d6825ff805f17a55b33e2e39f959f134d26","portableDigest":"9c4a39a9988ad9731c9da12f2bde6d6825ff805f17a55b33e2e39f959f134d26"},{"nativeDigest":"9c4a39a9988ad9731c9da12f2bde6d6825ff805f17a55b33e2e39f959f134d26","portableDigest":"9c4a39a9988ad9731c9da12f2bde6d6825ff805f17a55b33e2e39f959f134d26"},{"nativeDigest":"9c4a39a9988ad9731c9da12f2bde6d6825ff805f17a55b33e2e39f959f134d26","portableDigest":"9c4a39a9988ad9731c9da12f2bde6d6825ff805f17a55b33e2e39f959f134d26"},{"nativeDigest":"9c4a39a9988ad9731c9da12f2bde6d6825ff805f17a55b33e2e39f959f134d26","portableDigest":"9c4a39a9988ad9731c9da12f2bde6d6825ff805f17a55b33e2e39f959f134d26"},{"nativeDigest":"9c4a39a9988ad9731c9da12f2bde6d6825ff805f17a55b33e2e39f959f134d26","portableDigest":"9c4a39a9988ad9731c9da12f2bde6d6825ff805f17a55b33e2e39f959f134d26"},{"nativeDigest":"9c4a39a9988ad9731c9da12f2bde6d6825ff805f17a55b33e2e39f959f134d26","portableDigest":"9c4a39a9988ad9731c9da12f2bde6d6825ff805f17a55b33e2e39f959f134d26"},{"nativeDigest":"9c4a39a9988ad9731c9da12f2bde6d6825ff805f17a55b33e2e39f959f134d26","portableDigest":"9c4a39a9988ad9731c9da12f2bde6d6825ff805f17a55b33e2e39f959f134d26"},{"nativeDigest":"9c4a39a9988ad9731c9da12f2bde6d6825ff805f17a55b33e2e39f959f134d26","portableDigest":"9c4a39a9988ad9731c9da12f2bde6d6825ff805f17a55b33e2e39f959f134d26"},{"nativeDigest":"9c4a39a9988ad9731c9da12f2bde6d6825ff805f17a55b33e2e39f959f134d26","portableDigest":"9c4a39a9988ad9731c9da12f2bde6d6825ff805f17a55b33e2e39f959f134d26"},{"nativeDigest":"9c4a39a9988ad9731c9da12f2bde6d6825ff805f17a55b33e2e39f959f134d26","portableDigest":"9c4a39a9988ad9731c9da12f2bde6d6825ff805f17a55b33e2e39f959f134d26"},{"nativeDigest":"9c4a39a9988ad9731c9da12f2bde6d6825ff805f17a55b33e2e39f959f134d26","portableDigest":"9c4a39a9988ad9731c9da12f2bde6d6825ff805f17a55b33e2e39f959f134d26"},{"nativeDigest":"9c4a39a9988ad9731c9da12f2bde6d6825ff805f17a55b33e2e39f959f134d26","portableDigest":"9c4a39a9988ad9731c9da12f2bde6d6825ff805f17a55b33e2e39f959f134d26"},{"nativeDigest":"9c4a39a9988ad9731c9da12f2bde6d6825ff805f17a55b33e2e39f959f134d26","portableDigest":"9c4a39a9988ad9731c9da12f2bde6d6825ff805f17a55b33e2e39f959f134d26"},{"nativeDigest":"9c4a39a9988ad9731c9da12f2bde6d6825ff805f17a55b33e2e39f959f134d26","portableDigest":"9c4a39a9988ad9731c9da12f2bde6d6825ff805f17a55b33e2e39f959f134d26"},{"nativeDigest":"9c4a39a9988ad9731c9da12f2bde6d6825ff805f17a55b33e2e39f959f134d26","portableDigest":"9c4a39a9988ad9731c9da12f2bde6d6825ff805f17a55b33e2e39f959f134d26"},{"nativeDigest":"9c4a39a9988ad9731c9da12f2bde6d6825ff805f17a55b33e2e39f959f134d26","portableDigest":"9c4a39a9988ad9731c9da12f2bde6d6825ff805f17a55b33e2e39f959f134d26"},{"nativeDigest":"9c4a39a9988ad9731c9da12f2bde6d6825ff805f17a55b33e2e39f959f134d26","portableDigest":"9c4a39a9988ad9731c9da12f2bde6d6825ff805f17a55b33e2e39f959f134d26"},{"nativeDigest":"9c4a39a9988ad9731c9da12f2bde6d6825ff805f17a55b33e2e39f959f134d26","portableDigest":"9c4a39a9988ad9731c9da12f2bde6d6825ff805f17a55b33e2e39f959f134d26"}],"crossProcessDeterministic":true,"crossProcessRuns":20,"nativeDigest":"9c4a39a9988ad9731c9da12f2bde6d6825ff805f17a55b33e2e39f959f134d26","nativePortableExactOrdered":true,"portableDigest":"9c4a39a9988ad9731c9da12f2bde6d6825ff805f17a55b33e2e39f959f134d26"},"runner":{"contract":"contextmesh-v04-fixed-fixtures-v4",