{"fixtureDigest":"49ab64ba1eaf35b66c5de6ba153a8cd7bbd5ec01635cd84748438018e6af0df1","fixtures":{"large":"c1a300fb7faaaf7e5fb987bdad9b7b933b477969bb29c1cd2724621b0616e25c","medium":"4426d67fea709ed65ffbfc72b5d3094a1c18fc35f00be8007d19eca3eea90940","parity":"f736f731ce21f859e888ad1bad0fe907362738ea4dd1a9597cecc0285cbd7124","small":"f736f731ce21f859e888ad1bad0fe907362738ea4dd1a9597cecc0285cbd7124","typescriptDecision":"b37eb5ae3717370da4a87dec92cbe95d390d22d968f96174791a8bbc3c8fa255","watcher":"f736f731ce21f859e888ad1bad0fe907362738ea4dd1a9597cecc0285cbd7124"},"git":{"baseline":"e37977199e231fc95b581e6254003941b8f447b2","commit":"602f1390fd09e084a07efb8757cc9d770f2695dc"},"measurements":{"coldFull":{"large":{"peakKernelRssBytes":18472960,"peakParentRssBytes":549326848,"timing":{"maxMs":614.0061999999998,"minMs":530.0722999999998,"p50Ms":549.5109999999995,"p95Ms":614.0061999999998,"samples":5}},"medium":{"peakKernelRssBytes":18190336,"peakParentRssBytes":536621056,"timing":{"maxMs":427.1849000000002,"minMs":374.1836000000003,"p50Ms":401.27070000000003,"p95Ms":427.1849000000002,"samples":5}},"small":{"peakKernelRssBytes":17539072,"peakParentRssBytes":504905728,"timing":{"maxMs":501.86530000000005,"minMs":324.6106,"p50Ms":334.45199999999977,"p95Ms":501.86530000000005,"samples":5}}},"rss":{"estimatedConcurrentPeakBytes":567799808,"peakKernelRssBytes":18472960,"peakParentRssBytes":549326848,"scope":"parent RSS sampled after commit plus sidecar RSS sampled while canonical facts remain resident"},"watcherEventToGeneration":{"maxMs":255.10839999999735,"minMs":212.48509999999806,"p50Ms":227.08589999999822,"p95Ms":242.52290000000357,"samples":20},"workloads":{"large":{"dbCommit":{"maxMs":76.78390000000218,"minMs":51.626899999999296,"p50Ms":58.572000000000116,"p95Ms":76.78390000000218,"samples":10},"filesReparsed":[1,1,1,1,1,1,1,1,1,1],"peakKernelRssBytes":17813504,"providerInvocations":{"typescriptPrecision":[0,0,0,0,0,0,0,0,0,0],"typescriptSyntax":[0,0,0,0,0,0,0,0,0,0]},"singleFileIncremental":{"maxMs":438.53060000000187,"minMs":397.91409999999996,"p50Ms":412.28139999999985,"p95Ms":438.53060000000187,"samples":10},"warm":{"explore":{"maxMs":6.593500000000859,"minMs":5.238400000000183,"p50Ms":5.580700000000434,"p95Ms":6.398300000000745,"samples":20},"search":{"maxMs":6.466399999999339,"minMs":3.164200000001074,"p50Ms":3.6876000000011118,"p95Ms":4.197599999999511,"samples":20},"trace":{"maxMs":4.148600000000442,"minMs":3.274699999999939,"p50Ms":3.706399999999121,"p95Ms":4.093200000001161,"samples":20}}},"medium":{"dbCommit":{"maxMs":16.036000000000058,"minMs":14.741099999999278,"p50Ms":15.447400000000926,"p95Ms":16.036000000000058,"samples":10},"filesReparsed":[1,1,1,1,1,1,1,1,1,1],"peakKernelRssBytes":17170432,"providerInvocations":{"typescriptPrecision":[0,0,0,0,0,0,0,0,0,0],"typescriptSyntax":[0,0,0,0,0,0,0,0,0,0]},"singleFileIncremental":{"maxMs":297.98279999999977,"minMs":237.96399999999994,"p50Ms":243.99079999999958,"p95Ms":297.98279999999977,"samples":10},"warm":{"explore":{"maxMs":7.364299999999275,"minMs":3.753499999998894,"p50Ms":4.101699999999255,"p95Ms":4.755100000000311,"samples":20},"search":{"maxMs":2.7908000000006723,"minMs":1.8681999999989785,"p50Ms":2.207700000000841,"p95Ms":2.7053999999989173,"samples":20},"trace":{"maxMs":2.5860999999986234,"minMs":2.018999999998414,"p50Ms":2.2458999999998923,"p95Ms":2.567399999999907,"samples":20}}},"small":{"dbCommit":{"maxMs":4.518299999999726,"minMs":3.100300000000061,"p50Ms":3.408100000000559,"p95Ms":4.518299999999726,"samples":10},"filesReparsed":[1,1,1,1,1,1,1,1,1,1],"peakKernelRssBytes":17137664,"providerInvocations":{"typescriptPrecision":[0,0,0,0,0,0,0,0,0,0],"typescriptSyntax":[0,0,0,0,0,0,0,0,0,0]},"singleFileIncremental":{"maxMs":221.46320000000014,"minMs":188.0689999999995,"p50Ms":196.34579999999914,"p95Ms":221.46320000000014,"samples":10},"warm":{"explore":{"maxMs":5.62880000000041,"minMs":3.308500000001004,"p50Ms":3.8289000000004307,"p95Ms":4.468600000000151,"samples":20},"search":{"maxMs":1.9465000000000146,"minMs":1.4851999999991676,"p50Ms":1.6170000000001892,"p95Ms":1.893000000000029,"samples":20},"trace":{"maxMs":2.269899999999325,"minMs":1.5000999999992928,"p50Ms":1.8140999999995984,"p95Ms":2.1211999999995896,"samples":20}}}}},"parity":{"crossProcess":[{"nativeDigest":"976eb18ca9901b401487bbd478e02498414ba6aadad9e902cc0095c74a1840fa","portableDigest":"976eb18ca9901b401487bbd478e02498414ba6aadad9e902cc0095c74a1840fa"},{"nativeDigest":"976eb18ca9901b401487bbd478e02498414ba6aadad9e902cc0095c74a1840fa","portableDigest":"976eb18ca9901b401487bbd478e02498414ba6aadad9e902cc0095c74a1840fa"},{"nativeDigest":"976eb18ca9901b401487bbd478e02498414ba6aadad9e902cc0095c74a1840fa","portableDigest":"976eb18ca9901b401487bbd478e02498414ba6aadad9e902cc0095c74a1840fa"},{"nativeDigest":"976eb18ca9901b401487bbd478e02498414ba6aadad9e902cc0095c74a1840fa","portableDigest":"976eb18ca9901b401487bbd478e02498414ba6aadad9e902cc0095c74a1840fa"},{"nativeDigest":"976eb18ca9901b401487bbd478e02498414ba6aadad9e902cc0095c74a1840fa","portableDigest":"976eb18ca9901b401487bbd478e02498414ba6aadad9e902cc0095c74a1840fa"},{"nativeDigest":"976eb18ca9901b401487bbd478e02498414ba6aadad9e902cc0095c74a1840fa","portableDigest":"976eb18ca9901b401487bbd478e02498414ba6aadad9e902cc0095c74a1840fa"},{"nativeDigest":"976eb18ca9901b401487bbd478e02498414ba6aadad9e902cc0095c74a1840fa","portableDigest":"976eb18ca9901b401487bbd478e02498414ba6aadad9e902cc0095c74a1840fa"},{"nativeDigest":"976eb18ca9901b401487bbd478e02498414ba6aadad9e902cc0095c74a1840fa","portableDigest":"976eb18ca9901b401487bbd478e02498414ba6aadad9e902cc0095c74a1840fa"},{"nativeDigest":"976eb18ca9901b401487bbd478e02498414ba6aadad9e902cc0095c74a1840fa","portableDigest":"976eb18ca9901b401487bbd478e02498414ba6aadad9e902cc0095c74a1840fa"},{"nativeDigest":"976eb18ca9901b401487bbd478e02498414ba6aadad9e902cc0095c74a1840fa","portableDigest":"976eb18ca9901b401487bbd478e02498414ba6aadad9e902cc0095c74a1840fa"},{"nativeDigest":"976eb18ca9901b401487bbd478e02498414ba6aadad9e902cc0095c74a1840fa","portableDigest":"976eb18ca9901b401487bbd478e02498414ba6aadad9e902cc0095c74a1840fa"},{"nativeDigest":"976eb18ca9901b401487bbd478e02498414ba6aadad9e902cc0095c74a1840fa","portableDigest":"976eb18ca9901b401487bbd478e02498414ba6aadad9e902cc0095c74a1840fa"},{"nativeDigest":"976eb18ca9901b401487bbd478e02498414ba6aadad9e902cc0095c74a1840fa","portableDigest":"976eb18ca9901b401487bbd478e02498414ba6aadad9e902cc0095c74a1840fa"},{"nativeDigest":"976eb18ca9901b401487bbd478e02498414ba6aadad9e902cc0095c74a1840fa","portableDigest":"976eb18ca9901b401487bbd478e02498414ba6aadad9e902cc0095c74a1840fa"},{"nativeDigest":"976eb18ca9901b401487bbd478e02498414ba6aadad9e902cc0095c74a1840fa","portableDigest":"976eb18ca9901b401487bbd478e02498414ba6aadad9e902cc0095c74a1840fa"},{"nativeDigest":"976eb18ca9901b401487bbd478e02498414ba6aadad9e902cc0095c74a1840fa","portableDigest":"976eb18ca9901b401487bbd478e02498414ba6aadad9e902cc0095c74a1840fa"},{"nativeDigest":"976eb18ca9901b401487bbd478e02498414ba6aadad9e902cc0095c74a1840fa","portableDigest":"976eb18ca9901b401487bbd478e02498414ba6aadad9e902cc0095c74a1840fa"},{"nativeDigest":"976eb18ca9901b401487bbd478e02498414ba6aadad9e902cc0095c74a1840fa","portableDigest":"976eb18ca9901b401487bbd478e02498414ba6aadad9e902cc0095c74a1840fa"},{"nativeDigest":"976eb18ca9901b401487bbd478e02498414ba6aadad9e902cc0095c74a1840fa","portableDigest":"976eb18ca9901b401487bbd478e02498414ba6aadad9e902cc0095c74a1840fa"},{"nativeDigest":"976eb18ca9901b401487bbd478e02498414ba6aadad9e902cc0095c74a1840fa","portableDigest":"976eb18ca9901b401487bbd478e02498414ba6aadad9e902cc0095c74a1840fa"}],"crossProcessDeterministic":true,"crossProcessRuns":20,"nativeDigest":"976eb18ca9901b401487bbd478e02498414ba6aadad9e902cc0095c74a1840fa","nativePortableExactOrdered":true,"portableDigest":"976eb18ca9901b401487bbd478e02498414ba6aadad9e902cc0095c74a1840fa"},"runner":{"contract":"contextmesh-v04-fixed-fixtures-v4",