{"fixtureDigest":"49ab64ba1eaf35b66c5de6ba153a8cd7bbd5ec01635cd84748438018e6af0df1","fixtures":{"large":"c1a300fb7faaaf7e5fb987bdad9b7b933b477969bb29c1cd2724621b0616e25c","medium":"4426d67fea709ed65ffbfc72b5d3094a1c18fc35f00be8007d19eca3eea90940","parity":"f736f731ce21f859e888ad1bad0fe907362738ea4dd1a9597cecc0285cbd7124","small":"f736f731ce21f859e888ad1bad0fe907362738ea4dd1a9597cecc0285cbd7124","typescriptDecision":"b37eb5ae3717370da4a87dec92cbe95d390d22d968f96174791a8bbc3c8fa255","watcher":"f736f731ce21f859e888ad1bad0fe907362738ea4dd1a9597cecc0285cbd7124"},"git":{"baseline":"e37977199e231fc95b581e6254003941b8f447b2","commit":"74beb0dd6ec9aaede37783d7563980a5382f050b"},"measurements":{"coldFull":{"large":{"peakKernelRssBytes":18423808,"peakParentRssBytes":550182912,"timing":{"maxMs":589.2743,"minMs":531.2880999999998,"p50Ms":554.6992,"p95Ms":589.2743,"samples":5}},"medium":{"peakKernelRssBytes":18120704,"peakParentRssBytes":535494656,"timing":{"maxMs":412.9436000000005,"minMs":376.1154999999999,"p50Ms":398.3465000000001,"p95Ms":412.9436000000005,"samples":5}},"small":{"peakKernelRssBytes":17477632,"peakParentRssBytes":505016320,"timing":{"maxMs":495.4555999999999,"minMs":326.7064999999998,"p50Ms":338.69209999999975,"p95Ms":495.4555999999999,"samples":5}}},"rss":{"estimatedConcurrentPeakBytes":568606720,"peakKernelRssBytes":18423808,"peakParentRssBytes":550182912,"scope":"parent RSS sampled after commit plus sidecar RSS sampled while canonical facts remain resident"},"watcherEventToGeneration":{"maxMs":249.1327999999994,"minMs":212.82020000000193,"p50Ms":222.68710000000283,"p95Ms":242.35949999999866,"samples":20},"workloads":{"large":{"dbCommit":{"maxMs":60.630700000001525,"minMs":51.375199999998586,"p50Ms":52.606700000000274,"p95Ms":60.630700000001525,"samples":10},"filesReparsed":[1,1,1,1,1,1,1,1,1,1],"peakKernelRssBytes":17133568,"providerInvocations":{"typescriptPrecision":[0,0,0,0,0,0,0,0,0,0],"typescriptSyntax":[0,0,0,0,0,0,0,0,0,0]},"singleFileIncremental":{"maxMs":415.0581999999995,"minMs":389.65090000000055,"p50Ms":396.85459999999875,"p95Ms":415.0581999999995,"samples":10},"warm":{"explore":{"maxMs":6.134799999999814,"minMs":5.119000000000597,"p50Ms":5.376000000000204,"p95Ms":5.820300000001225,"samples":20},"search":{"maxMs":6.12670000000071,"minMs":3.1913000000004104,"p50Ms":3.3916000000008353,"p95Ms":4.099799999999959,"samples":20},"trace":{"maxMs":4.122699999999895,"minMs":3.19629999999961,"p50Ms":3.4927000000006956,"p95Ms":3.880799999998999,"samples":20}}},"medium":{"dbCommit":{"maxMs":32.3156999999992,"minMs":13.993899999999485,"p50Ms":15.558899999999994,"p95Ms":32.3156999999992,"samples":10},"filesReparsed":[1,1,1,1,1,1,1,1,1,1],"peakKernelRssBytes":17166336,"providerInvocations":{"typescriptPrecision":[0,0,0,0,0,0,0,0,0,0],"typescriptSyntax":[0,0,0,0,0,0,0,0,0,0]},"singleFileIncremental":{"maxMs":267.21019999999953,"minMs":236.35410000000047,"p50Ms":244.82610000000022,"p95Ms":267.21019999999953,"samples":10},"warm":{"explore":{"maxMs":6.860500000000684,"minMs":3.780299999998533,"p50Ms":4.046499999998559,"p95Ms":4.716200000000754,"samples":20},"search":{"maxMs":2.4153000000005704,"minMs":1.9225999999998749,"p50Ms":2.1476000000002387,"p95Ms":2.310300000001007,"samples":20},"trace":{"maxMs":2.574399999999514,"minMs":1.9940000000005966,"p50Ms":2.157200000001467,"p95Ms":2.4403999999994994,"samples":20}}},"small":{"dbCommit":{"maxMs":4.574000000000524,"minMs":3.2625000000007276,"p50Ms":3.893000000000029,"p95Ms":4.574000000000524,"samples":10},"filesReparsed":[1,1,1,1,1,1,1,1,1,1],"peakKernelRssBytes":17129472,"providerInvocations":{"typescriptPrecision":[0,0,0,0,0,0,0,0,0,0],"typescriptSyntax":[0,0,0,0,0,0,0,0,0,0]},"singleFileIncremental":{"maxMs":206.5051000000003,"minMs":188.7520000000004,"p50Ms":192.32359999999971,"p95Ms":206.5051000000003,"samples":10},"warm":{"explore":{"maxMs":5.645400000001246,"minMs":3.198900000001231,"p50Ms":3.591099999999642,"p95Ms":4.061300000001211,"samples":20},"search":{"maxMs":1.8664000000007945,"minMs":1.387300000000323,"p50Ms":1.5455000000001746,"p95Ms":1.8019999999996799,"samples":20},"trace":{"maxMs":2.186700000000201,"minMs":1.3721000000005006,"p50Ms":1.5001000000011118,"p95Ms":1.797499999998763,"samples":20}}}}},"parity":{"crossProcess":[{"nativeDigest":"b78a59119065959323f8ad2f02ebe9652fd9344a53c79a9a50b572062911cb00","portableDigest":"b78a59119065959323f8ad2f02ebe9652fd9344a53c79a9a50b572062911cb00"},{"nativeDigest":"b78a59119065959323f8ad2f02ebe9652fd9344a53c79a9a50b572062911cb00","portableDigest":"b78a59119065959323f8ad2f02ebe9652fd9344a53c79a9a50b572062911cb00"},{"nativeDigest":"b78a59119065959323f8ad2f02ebe9652fd9344a53c79a9a50b572062911cb00","portableDigest":"b78a59119065959323f8ad2f02ebe9652fd9344a53c79a9a50b572062911cb00"},{"nativeDigest":"b78a59119065959323f8ad2f02ebe9652fd9344a53c79a9a50b572062911cb00","portableDigest":"b78a59119065959323f8ad2f02ebe9652fd9344a53c79a9a50b572062911cb00"},{"nativeDigest":"b78a59119065959323f8ad2f02ebe9652fd9344a53c79a9a50b572062911cb00","portableDigest":"b78a59119065959323f8ad2f02ebe9652fd9344a53c79a9a50b572062911cb00"},{"nativeDigest":"b78a59119065959323f8ad2f02ebe9652fd9344a53c79a9a50b572062911cb00","portableDigest":"b78a59119065959323f8ad2f02ebe9652fd9344a53c79a9a50b572062911cb00"},{"nativeDigest":"b78a59119065959323f8ad2f02ebe9652fd9344a53c79a9a50b572062911cb00","portableDigest":"b78a59119065959323f8ad2f02ebe9652fd9344a53c79a9a50b572062911cb00"},{"nativeDigest":"b78a59119065959323f8ad2f02ebe9652fd9344a53c79a9a50b572062911cb00","portableDigest":"b78a59119065959323f8ad2f02ebe9652fd9344a53c79a9a50b572062911cb00"},{"nativeDigest":"b78a59119065959323f8ad2f02ebe9652fd9344a53c79a9a50b572062911cb00","portableDigest":"b78a59119065959323f8ad2f02ebe9652fd9344a53c79a9a50b572062911cb00"},{"nativeDigest":"b78a59119065959323f8ad2f02ebe9652fd9344a53c79a9a50b572062911cb00","portableDigest":"b78a59119065959323f8ad2f02ebe9652fd9344a53c79a9a50b572062911cb00"},{"nativeDigest":"b78a59119065959323f8ad2f02ebe9652fd9344a53c79a9a50b572062911cb00","portableDigest":"b78a59119065959323f8ad2f02ebe9652fd9344a53c79a9a50b572062911cb00"},{"nativeDigest":"b78a59119065959323f8ad2f02ebe9652fd9344a53c79a9a50b572062911cb00","portableDigest":"b78a59119065959323f8ad2f02ebe9652fd9344a53c79a9a50b572062911cb00"},{"nativeDigest":"b78a59119065959323f8ad2f02ebe9652fd9344a53c79a9a50b572062911cb00","portableDigest":"b78a59119065959323f8ad2f02ebe9652fd9344a53c79a9a50b572062911cb00"},{"nativeDigest":"b78a59119065959323f8ad2f02ebe9652fd9344a53c79a9a50b572062911cb00","portableDigest":"b78a59119065959323f8ad2f02ebe9652fd9344a53c79a9a50b572062911cb00"},{"nativeDigest":"b78a59119065959323f8ad2f02ebe9652fd9344a53c79a9a50b572062911cb00","portableDigest":"b78a59119065959323f8ad2f02ebe9652fd9344a53c79a9a50b572062911cb00"},{"nativeDigest":"b78a59119065959323f8ad2f02ebe9652fd9344a53c79a9a50b572062911cb00","portableDigest":"b78a59119065959323f8ad2f02ebe9652fd9344a53c79a9a50b572062911cb00"},{"nativeDigest":"b78a59119065959323f8ad2f02ebe9652fd9344a53c79a9a50b572062911cb00","portableDigest":"b78a59119065959323f8ad2f02ebe9652fd9344a53c79a9a50b572062911cb00"},{"nativeDigest":"b78a59119065959323f8ad2f02ebe9652fd9344a53c79a9a50b572062911cb00","portableDigest":"b78a59119065959323f8ad2f02ebe9652fd9344a53c79a9a50b572062911cb00"},{"nativeDigest":"b78a59119065959323f8ad2f02ebe9652fd9344a53c79a9a50b572062911cb00","portableDigest":"b78a59119065959323f8ad2f02ebe9652fd9344a53c79a9a50b572062911cb00"},{"nativeDigest":"b78a59119065959323f8ad2f02ebe9652fd9344a53c79a9a50b572062911cb00","portableDigest":"b78a59119065959323f8ad2f02ebe9652fd9344a53c79a9a50b572062911cb00"}],"crossProcessDeterministic":true,"crossProcessRuns":20,"nativeDigest":"b78a59119065959323f8ad2f02ebe9652fd9344a53c79a9a50b572062911cb00","nativePortableExactOrdered":true,"portableDigest":"b78a59119065959323f8ad2f02ebe9652fd9344a53c79a9a50b572062911cb00"},"runner":{"contract":"contextmesh-v04-fixed-fixtures-v4","cpu":"AMD Ryzen 7 7800X3D 8-Core Processor",