{"fixtureDigest":"49ab64ba1eaf35b66c5de6ba153a8cd7bbd5ec01635cd84748438018e6af0df1","fixtures":{"large":"c1a300fb7faaaf7e5fb987bdad9b7b933b477969bb29c1cd2724621b0616e25c","medium":"4426d67fea709ed65ffbfc72b5d3094a1c18fc35f00be8007d19eca3eea90940","parity":"f736f731ce21f859e888ad1bad0fe907362738ea4dd1a9597cecc0285cbd7124","small":"f736f731ce21f859e888ad1bad0fe907362738ea4dd1a9597cecc0285cbd7124","typescriptDecision":"b37eb5ae3717370da4a87dec92cbe95d390d22d968f96174791a8bbc3c8fa255","watcher":"f736f731ce21f859e888ad1bad0fe907362738ea4dd1a9597cecc0285cbd7124"},"git":{"baseline":"e37977199e231fc95b581e6254003941b8f447b2","commit":"c32af1b91b24aaba97d0ce25fdec737ac994c4b8"},"measurements":{"coldFull":{"large":{"peakKernelRssBytes":17027072,"peakParentRssBytes":579596288,"timing":{"maxMs":609.4377000000004,"minMs":555.4158000000007,"p50Ms":581.1422999999995,"p95Ms":609.4377000000004,"samples":5}},"medium":{"peakKernelRssBytes":16617472,"peakParentRssBytes":567349248,"timing":{"maxMs":408.3712999999998,"minMs":401.0016999999998,"p50Ms":403.2421999999997,"p95Ms":408.3712999999998,"samples":5}},"small":{"peakKernelRssBytes":16003072,"peakParentRssBytes":443305984,"timing":{"maxMs":601.4176000000001,"minMs":330.92830000000004,"p50Ms":344.2105999999999,"p95Ms":601.4176000000001,"samples":5}}},"rss":{"estimatedConcurrentPeakBytes":596623360,"peakKernelRssBytes":17027072,"peakParentRssBytes":579596288,"scope":"parent RSS sampled after commit plus sidecar RSS sampled while canonical facts remain resident"},"watcherEventToGeneration":{"maxMs":258.34539999999834,"minMs":219.01640000000043,"p50Ms":229.93849999999657,"p95Ms":248.4262000000017,"samples":20},"workloads":{"large":{"dbCommit":{"maxMs":81.5148999999983,"minMs":53.797200000000885,"p50Ms":65.36330000000089,"p95Ms":81.5148999999983,"samples":10},"filesReparsed":[1,1,1,1,1,1,1,1,1,1],"peakKernelRssBytes":15577088,"providerInvocations":{"typescriptPrecision":[0,0,0,0,0,0,0,0,0,0],"typescriptSyntax":[0,0,0,0,0,0,0,0,0,0]},"singleFileIncremental":{"maxMs":536.2332999999999,"minMs":407.34590000000026,"p50Ms":484.3296999999984,"p95Ms":536.2332999999999,"samples":10},"warm":{"explore":{"maxMs":7.717400000001362,"minMs":5.10109999999986,"p50Ms":5.572199999998702,"p95Ms":7.524900000000343,"samples":20},"search":{"maxMs":4.699300000000221,"minMs":3.3562000000001717,"p50Ms":3.591499999998632,"p95Ms":4.399199999999837,"samples":20},"trace":{"maxMs":6.114699999998265,"minMs":3.40060000000085,"p50Ms":3.6710000000020955,"p95Ms":5.13379999999961,"samples":20}}},"medium":{"dbCommit":{"maxMs":23.389800000000832,"minMs":14.76720000000023,"p50Ms":16.72019999999975,"p95Ms":23.389800000000832,"samples":10},"filesReparsed":[1,1,1,1,1,1,1,1,1,1],"peakKernelRssBytes":15609856,"providerInvocations":{"typescriptPrecision":[0,0,0,0,0,0,0,0,0,0],"typescriptSyntax":[0,0,0,0,0,0,0,0,0,0]},"singleFileIncremental":{"maxMs":283.02869999999893,"minMs":236.84109999999964,"p50Ms":244.60089999999946,"p95Ms":283.02869999999893,"samples":10},"warm":{"explore":{"maxMs":8.08429999999862,"minMs":3.7584999999999127,"p50Ms":4.107399999998961,"p95Ms":5.099200000000565,"samples":20},"search":{"maxMs":7.7479999999995925,"minMs":1.901800000001458,"p50Ms":2.084000000000742,"p95Ms":2.7938999999987573,"samples":20},"trace":{"maxMs":5.328199999999924,"minMs":1.9556999999986147,"p50Ms":2.2270000000007713,"p95Ms":2.8258999999998196,"samples":20}}},"small":{"dbCommit":{"maxMs":20.745100000000093,"minMs":3.283100000000559,"p50Ms":3.5116999999991094,"p95Ms":20.745100000000093,"samples":10},"filesReparsed":[1,1,1,1,1,1,1,1,1,1],"peakKernelRssBytes":15581184,"providerInvocations":{"typescriptPrecision":[0,0,0,0,0,0,0,0,0,0],"typescriptSyntax":[0,0,0,0,0,0,0,0,0,0]},"singleFileIncremental":{"maxMs":214.47320000000036,"minMs":189.695099999999,"p50Ms":195.73919999999998,"p95Ms":214.47320000000036,"samples":10},"warm":{"explore":{"maxMs":11.13090000000011,"minMs":3.2916999999997643,"p50Ms":3.899599999998827,"p95Ms":5.213300000001254,"samples":20},"search":{"maxMs":1.9006000000008498,"minMs":1.368800000000192,"p50Ms":1.540899999999965,"p95Ms":1.8891999999996187,"samples":20},"trace":{"maxMs":2.1347999999998137,"minMs":1.420800000001691,"p50Ms":1.7093000000004395,"p95Ms":2.0649000000012165,"samples":20}}}}},"parity":{"crossProcess":[{"nativeDigest":"c26e102f41fd0d948832d4df2f0eaad99bf808011fb47b09a6bf73a24471e967","portableDigest":"c26e102f41fd0d948832d4df2f0eaad99bf808011fb47b09a6bf73a24471e967"},{"nativeDigest":"c26e102f41fd0d948832d4df2f0eaad99bf808011fb47b09a6bf73a24471e967","portableDigest":"c26e102f41fd0d948832d4df2f0eaad99bf808011fb47b09a6bf73a24471e967"},{"nativeDigest":"c26e102f41fd0d948832d4df2f0eaad99bf808011fb47b09a6bf73a24471e967","portableDigest":"c26e102f41fd0d948832d4df2f0eaad99bf808011fb47b09a6bf73a24471e967"},{"nativeDigest":"c26e102f41fd0d948832d4df2f0eaad99bf808011fb47b09a6bf73a24471e967","portableDigest":"c26e102f41fd0d948832d4df2f0eaad99bf808011fb47b09a6bf73a24471e967"},{"nativeDigest":"c26e102f41fd0d948832d4df2f0eaad99bf808011fb47b09a6bf73a24471e967","portableDigest":"c26e102f41fd0d948832d4df2f0eaad99bf808011fb47b09a6bf73a24471e967"},{"nativeDigest":"c26e102f41fd0d948832d4df2f0eaad99bf808011fb47b09a6bf73a24471e967","portableDigest":"c26e102f41fd0d948832d4df2f0eaad99bf808011fb47b09a6bf73a24471e967"},{"nativeDigest":"c26e102f41fd0d948832d4df2f0eaad99bf808011fb47b09a6bf73a24471e967","portableDigest":"c26e102f41fd0d948832d4df2f0eaad99bf808011fb47b09a6bf73a24471e967"},{"nativeDigest":"c26e102f41fd0d948832d4df2f0eaad99bf808011fb47b09a6bf73a24471e967","portableDigest":"c26e102f41fd0d948832d4df2f0eaad99bf808011fb47b09a6bf73a24471e967"},{"nativeDigest":"c26e102f41fd0d948832d4df2f0eaad99bf808011fb47b09a6bf73a24471e967","portableDigest":"c26e102f41fd0d948832d4df2f0eaad99bf808011fb47b09a6bf73a24471e967"},{"nativeDigest":"c26e102f41fd0d948832d4df2f0eaad99bf808011fb47b09a6bf73a24471e967","portableDigest":"c26e102f41fd0d948832d4df2f0eaad99bf808011fb47b09a6bf73a24471e967"},{"nativeDigest":"c26e102f41fd0d948832d4df2f0eaad99bf808011fb47b09a6bf73a24471e967","portableDigest":"c26e102f41fd0d948832d4df2f0eaad99bf808011fb47b09a6bf73a24471e967"},{"nativeDigest":"c26e102f41fd0d948832d4df2f0eaad99bf808011fb47b09a6bf73a24471e967","portableDigest":"c26e102f41fd0d948832d4df2f0eaad99bf808011fb47b09a6bf73a24471e967"},{"nativeDigest":"c26e102f41fd0d948832d4df2f0eaad99bf808011fb47b09a6bf73a24471e967","portableDigest":"c26e102f41fd0d948832d4df2f0eaad99bf808011fb47b09a6bf73a24471e967"},{"nativeDigest":"c26e102f41fd0d948832d4df2f0eaad99bf808011fb47b09a6bf73a24471e967","portableDigest":"c26e102f41fd0d948832d4df2f0eaad99bf808011fb47b09a6bf73a24471e967"},{"nativeDigest":"c26e102f41fd0d948832d4df2f0eaad99bf808011fb47b09a6bf73a24471e967","portableDigest":"c26e102f41fd0d948832d4df2f0eaad99bf808011fb47b09a6bf73a24471e967"},{"nativeDigest":"c26e102f41fd0d948832d4df2f0eaad99bf808011fb47b09a6bf73a24471e967","portableDigest":"c26e102f41fd0d948832d4df2f0eaad99bf808011fb47b09a6bf73a24471e967"},{"nativeDigest":"c26e102f41fd0d948832d4df2f0eaad99bf808011fb47b09a6bf73a24471e967","portableDigest":"c26e102f41fd0d948832d4df2f0eaad99bf808011fb47b09a6bf73a24471e967"},{"nativeDigest":"c26e102f41fd0d948832d4df2f0eaad99bf808011fb47b09a6bf73a24471e967","portableDigest":"c26e102f41fd0d948832d4df2f0eaad99bf808011fb47b09a6bf73a24471e967"},{"nativeDigest":"c26e102f41fd0d948832d4df2f0eaad99bf808011fb47b09a6bf73a24471e967","portableDigest":"c26e102f41fd0d948832d4df2f0eaad99bf808011fb47b09a6bf73a24471e967"},{"nativeDigest":"c26e102f41fd0d948832d4df2f0eaad99bf808011fb47b09a6bf73a24471e967","portableDigest":"c26e102f41fd0d948832d4df2f0eaad99bf808011fb47b09a6bf73a24471e967"}],"crossProcessDeterministic":true,"crossProcessRuns":20,"nativeDigest":"c26e102f41fd0d948832d4df2f0eaad99bf808011fb47b09a6bf73a24471e967","nativePortableExactOrdered":true,"portableDigest":"c26e102f41fd0d948832d4df2f0eaad99bf808011fb47b09a6bf73a24471e967"},"runner":{"contract":"contextmesh-v04-fixed-fixtures-v4",