{"fixtureDigest":"49ab64ba1eaf35b66c5de6ba153a8cd7bbd5ec01635cd84748438018e6af0df1","fixtures":{"large":"c1a300fb7faaaf7e5fb987bdad9b7b933b477969bb29c1cd2724621b0616e25c","medium":"4426d67fea709ed65ffbfc72b5d3094a1c18fc35f00be8007d19eca3eea90940","parity":"f736f731ce21f859e888ad1bad0fe907362738ea4dd1a9597cecc0285cbd7124","small":"f736f731ce21f859e888ad1bad0fe907362738ea4dd1a9597cecc0285cbd7124","typescriptDecision":"b37eb5ae3717370da4a87dec92cbe95d390d22d968f96174791a8bbc3c8fa255","watcher":"f736f731ce21f859e888ad1bad0fe907362738ea4dd1a9597cecc0285cbd7124"},"git":{"baseline":"e37977199e231fc95b581e6254003941b8f447b2","commit":"155ac9047cc365da852f18e0f60c25b38ed65a7d"},"measurements":{"coldFull":{"large":{"peakKernelRssBytes":17506304,"peakParentRssBytes":549109760,"timing":{"maxMs":569.3166000000001,"minMs":516.7195000000011,"p50Ms":528.4038,"p95Ms":569.3166000000001,"samples":5}},"medium":{"peakKernelRssBytes":17031168,"peakParentRssBytes":535314432,"timing":{"maxMs":415.42710000000034,"minMs":369.6122000000005,"p50Ms":404.4439000000002,"p95Ms":415.42710000000034,"samples":5}},"small":{"peakKernelRssBytes":16498688,"peakParentRssBytes":504221696,"timing":{"maxMs":494.1744000000001,"minMs":320.5972999999999,"p50Ms":344.2787000000001,"p95Ms":494.1744000000001,"samples":5}}},"rss":{"estimatedConcurrentPeakBytes":566616064,"peakKernelRssBytes":17506304,"peakParentRssBytes":549109760,"scope":"parent RSS sampled after commit plus sidecar RSS sampled while canonical facts remain resident"},"watcherEventToGeneration":{"maxMs":250.82170000000042,"minMs":216.46409999999742,"p50Ms":224.70160000000033,"p95Ms":245.78220000000147,"samples":20},"workloads":{"large":{"dbCommit":{"maxMs":60.81760000000213,"minMs":49.40980000000127,"p50Ms":52.472600000000966,"p95Ms":60.81760000000213,"samples":10},"filesReparsed":[1,1,1,1,1,1,1,1,1,1],"peakKernelRssBytes":16084992,"providerInvocations":{"typescriptPrecision":[0,0,0,0,0,0,0,0,0,0],"typescriptSyntax":[0,0,0,0,0,0,0,0,0,0]},"singleFileIncremental":{"maxMs":429.5467000000026,"minMs":395.9246999999996,"p50Ms":403.16749999999956,"p95Ms":429.5467000000026,"samples":10},"warm":{"explore":{"maxMs":6.02809999999954,"minMs":4.9376999999985856,"p50Ms":5.3004000000000815,"p95Ms":5.827599999998711,"samples":20},"search":{"maxMs":5.567399999999907,"minMs":3.0864999999994325,"p50Ms":3.4073000000007596,"p95Ms":3.9008000000012544,"samples":20},"trace":{"maxMs":3.787500000000364,"minMs":3.2049999999999272,"p50Ms":3.4891999999999825,"p95Ms":3.7611999999990076,"samples":20}}},"medium":{"dbCommit":{"maxMs":22.380799999999,"minMs":13.979800000000978,"p50Ms":15.366499999998268,"p95Ms":22.380799999999,"samples":10},"filesReparsed":[1,1,1,1,1,1,1,1,1,1],"peakKernelRssBytes":16080896,"providerInvocations":{"typescriptPrecision":[0,0,0,0,0,0,0,0,0,0],"typescriptSyntax":[0,0,0,0,0,0,0,0,0,0]},"singleFileIncremental":{"maxMs":258.41150000000016,"minMs":237.65270000000055,"p50Ms":240.60740000000078,"p95Ms":258.41150000000016,"samples":10},"warm":{"explore":{"maxMs":6.82760000000053,"minMs":3.7546999999995023,"p50Ms":4.031099999998332,"p95Ms":4.458699999999226,"samples":20},"search":{"maxMs":2.266200000000026,"minMs":1.9902000000001863,"p50Ms":2.101599999999962,"p95Ms":2.263700000001336,"samples":20},"trace":{"maxMs":2.6376000000000204,"minMs":2.006600000000617,"p50Ms":2.1309000000001106,"p95Ms":2.431400000001304,"samples":20}}},"small":{"dbCommit":{"maxMs":4.201399999999921,"minMs":3.323099999999613,"p50Ms":3.67200000000048,"p95Ms":4.201399999999921,"samples":10},"filesReparsed":[1,1,1,1,1,1,1,1,1,1],"peakKernelRssBytes":16093184,"providerInvocations":{"typescriptPrecision":[0,0,0,0,0,0,0,0,0,0],"typescriptSyntax":[0,0,0,0,0,0,0,0,0,0]},"singleFileIncremental":{"maxMs":206.34300000000076,"minMs":187.46860000000015,"p50Ms":189.96359999999913,"p95Ms":206.34300000000076,"samples":10},"warm":{"explore":{"maxMs":5.050100000000384,"minMs":3.283899999998539,"p50Ms":3.451199999999517,"p95Ms":3.830900000000838,"samples":20},"search":{"maxMs":1.984199999998964,"minMs":1.4817999999995664,"p50Ms":1.7154000000009546,"p95Ms":1.9470999999994092,"samples":20},"trace":{"maxMs":2.263300000000527,"minMs":1.4675999999999476,"p50Ms":1.5960000000013679,"p95Ms":2.033800000001065,"samples":20}}}}},"parity":{"crossProcess":[{"nativeDigest":"bb6687703400f6bd72576fd34bb93767883afea2f13416d2c4fa4cdfd896fd52","portableDigest":"bb6687703400f6bd72576fd34bb93767883afea2f13416d2c4fa4cdfd896fd52"},{"nativeDigest":"bb6687703400f6bd72576fd34bb93767883afea2f13416d2c4fa4cdfd896fd52","portableDigest":"bb6687703400f6bd72576fd34bb93767883afea2f13416d2c4fa4cdfd896fd52"},{"nativeDigest":"bb6687703400f6bd72576fd34bb93767883afea2f13416d2c4fa4cdfd896fd52","portableDigest":"bb6687703400f6bd72576fd34bb93767883afea2f13416d2c4fa4cdfd896fd52"},{"nativeDigest":"bb6687703400f6bd72576fd34bb93767883afea2f13416d2c4fa4cdfd896fd52","portableDigest":"bb6687703400f6bd72576fd34bb93767883afea2f13416d2c4fa4cdfd896fd52"},{"nativeDigest":"bb6687703400f6bd72576fd34bb93767883afea2f13416d2c4fa4cdfd896fd52","portableDigest":"bb6687703400f6bd72576fd34bb93767883afea2f13416d2c4fa4cdfd896fd52"},{"nativeDigest":"bb6687703400f6bd72576fd34bb93767883afea2f13416d2c4fa4cdfd896fd52","portableDigest":"bb6687703400f6bd72576fd34bb93767883afea2f13416d2c4fa4cdfd896fd52"},{"nativeDigest":"bb6687703400f6bd72576fd34bb93767883afea2f13416d2c4fa4cdfd896fd52","portableDigest":"bb6687703400f6bd72576fd34bb93767883afea2f13416d2c4fa4cdfd896fd52"},{"nativeDigest":"bb6687703400f6bd72576fd34bb93767883afea2f13416d2c4fa4cdfd896fd52","portableDigest":"bb6687703400f6bd72576fd34bb93767883afea2f13416d2c4fa4cdfd896fd52"},{"nativeDigest":"bb6687703400f6bd72576fd34bb93767883afea2f13416d2c4fa4cdfd896fd52","portableDigest":"bb6687703400f6bd72576fd34bb93767883afea2f13416d2c4fa4cdfd896fd52"},{"nativeDigest":"bb6687703400f6bd72576fd34bb93767883afea2f13416d2c4fa4cdfd896fd52","portableDigest":"bb6687703400f6bd72576fd34bb93767883afea2f13416d2c4fa4cdfd896fd52"},{"nativeDigest":"bb6687703400f6bd72576fd34bb93767883afea2f13416d2c4fa4cdfd896fd52","portableDigest":"bb6687703400f6bd72576fd34bb93767883afea2f13416d2c4fa4cdfd896fd52"},{"nativeDigest":"bb6687703400f6bd72576fd34bb93767883afea2f13416d2c4fa4cdfd896fd52","portableDigest":"bb6687703400f6bd72576fd34bb93767883afea2f13416d2c4fa4cdfd896fd52"},{"nativeDigest":"bb6687703400f6bd72576fd34bb93767883afea2f13416d2c4fa4cdfd896fd52","portableDigest":"bb6687703400f6bd72576fd34bb93767883afea2f13416d2c4fa4cdfd896fd52"},{"nativeDigest":"bb6687703400f6bd72576fd34bb93767883afea2f13416d2c4fa4cdfd896fd52","portableDigest":"bb6687703400f6bd72576fd34bb93767883afea2f13416d2c4fa4cdfd896fd52"},{"nativeDigest":"bb6687703400f6bd72576fd34bb93767883afea2f13416d2c4fa4cdfd896fd52","portableDigest":"bb6687703400f6bd72576fd34bb93767883afea2f13416d2c4fa4cdfd896fd52"},{"nativeDigest":"bb6687703400f6bd72576fd34bb93767883afea2f13416d2c4fa4cdfd896fd52","portableDigest":"bb6687703400f6bd72576fd34bb93767883afea2f13416d2c4fa4cdfd896fd52"},{"nativeDigest":"bb6687703400f6bd72576fd34bb93767883afea2f13416d2c4fa4cdfd896fd52","portableDigest":"bb6687703400f6bd72576fd34bb93767883afea2f13416d2c4fa4cdfd896fd52"},{"nativeDigest":"bb6687703400f6bd72576fd34bb93767883afea2f13416d2c4fa4cdfd896fd52","portableDigest":"bb6687703400f6bd72576fd34bb93767883afea2f13416d2c4fa4cdfd896fd52"},{"nativeDigest":"bb6687703400f6bd72576fd34bb93767883afea2f13416d2c4fa4cdfd896fd52","portableDigest":"bb6687703400f6bd72576fd34bb93767883afea2f13416d2c4fa4cdfd896fd52"},{"nativeDigest":"bb6687703400f6bd72576fd34bb93767883afea2f13416d2c4fa4cdfd896fd52","portableDigest":"bb6687703400f6bd72576fd34bb93767883afea2f13416d2c4fa4cdfd896fd52"}],"crossProcessDeterministic":true,"crossProcessRuns":20,"nativeDigest":"bb6687703400f6bd72576fd34bb93767883afea2f13416d2c4fa4cdfd896fd52","nativePortableExactOrdered":true,"portableDigest":"bb6687703400f6bd72576fd34bb93767883afea2f13416d2c4fa4cdfd896fd52"},"runner":{"contract":"contextmesh-v04-fixed-fixtures-v4",