{"fixtureDigest":"49ab64ba1eaf35b66c5de6ba153a8cd7bbd5ec01635cd84748438018e6af0df1","fixtures":{"large":"c1a300fb7faaaf7e5fb987bdad9b7b933b477969bb29c1cd2724621b0616e25c","medium":"4426d67fea709ed65ffbfc72b5d3094a1c18fc35f00be8007d19eca3eea90940","parity":"f736f731ce21f859e888ad1bad0fe907362738ea4dd1a9597cecc0285cbd7124","small":"f736f731ce21f859e888ad1bad0fe907362738ea4dd1a9597cecc0285cbd7124","typescriptDecision":"b37eb5ae3717370da4a87dec92cbe95d390d22d968f96174791a8bbc3c8fa255","watcher":"f736f731ce21f859e888ad1bad0fe907362738ea4dd1a9597cecc0285cbd7124"},"git":{"baseline":"e37977199e231fc95b581e6254003941b8f447b2","commit":"5a97a04f68868bb4935d94b148923c104c645e1c"},"measurements":{"coldFull":{"large":{"peakKernelRssBytes":16830464,"peakParentRssBytes":553996288,"timing":{"maxMs":605.8852000000006,"minMs":500.59360000000015,"p50Ms":597.9147999999996,"p95Ms":605.8852000000006,"samples":5}},"medium":{"peakKernelRssBytes":16523264,"peakParentRssBytes":540135424,"timing":{"maxMs":395.2716999999998,"minMs":388.25850000000037,"p50Ms":391.4974000000002,"p95Ms":395.2716999999998,"samples":5}},"small":{"peakKernelRssBytes":15888384,"peakParentRssBytes":508284928,"timing":{"maxMs":452.08140000000003,"minMs":317.3559,"p50Ms":340.9357,"p95Ms":452.08140000000003,"samples":5}}},"rss":{"estimatedConcurrentPeakBytes":570826752,"peakKernelRssBytes":16830464,"peakParentRssBytes":553996288,"scope":"parent RSS sampled after commit plus sidecar RSS sampled while canonical facts remain resident"},"watcherEventToGeneration":{"maxMs":229.00340000000142,"minMs":207.48559999999998,"p50Ms":211.07299999999668,"p95Ms":227.91590000000724,"samples":20},"workloads":{"large":{"dbCommit":{"maxMs":71.22329999999783,"minMs":47.316500000000815,"p50Ms":49.79829999999856,"p95Ms":71.22329999999783,"samples":10},"filesReparsed":[1,1,1,1,1,1,1,1,1,1],"peakKernelRssBytes":15548416,"providerInvocations":{"typescriptPrecision":[0,0,0,0,0,0,0,0,0,0],"typescriptSyntax":[0,0,0,0,0,0,0,0,0,0]},"singleFileIncremental":{"maxMs":409.15469999999914,"minMs":376.6348999999991,"p50Ms":386.1764000000003,"p95Ms":409.15469999999914,"samples":10},"warm":{"explore":{"maxMs":5.587499999999636,"minMs":4.859700000000885,"p50Ms":5.152200000000448,"p95Ms":5.544600000001083,"samples":20},"search":{"maxMs":5.531499999999141,"minMs":2.967399999999543,"p50Ms":3.262800000000425,"p95Ms":3.586199999999735,"samples":20},"trace":{"maxMs":3.719699999999648,"minMs":3.0956999999998516,"p50Ms":3.313299999999799,"p95Ms":3.5411000000003696,"samples":20}}},"medium":{"dbCommit":{"maxMs":30.573599999999715,"minMs":13.933599999998478,"p50Ms":14.477100000000064,"p95Ms":30.573599999999715,"samples":10},"filesReparsed":[1,1,1,1,1,1,1,1,1,1],"peakKernelRssBytes":15532032,"providerInvocations":{"typescriptPrecision":[0,0,0,0,0,0,0,0,0,0],"typescriptSyntax":[0,0,0,0,0,0,0,0,0,0]},"singleFileIncremental":{"maxMs":260.36199999999917,"minMs":227.83770000000004,"p50Ms":233.65179999999964,"p95Ms":260.36199999999917,"samples":10},"warm":{"explore":{"maxMs":6.164600000000064,"minMs":3.6350000000002183,"p50Ms":4.0900000000001455,"p95Ms":4.4504999999990105,"samples":20},"search":{"maxMs":2.461700000001656,"minMs":1.917299999999159,"p50Ms":2.076499999999214,"p95Ms":2.329600000000937,"samples":20},"trace":{"maxMs":2.4230999999999767,"minMs":1.9767999999985477,"p50Ms":2.1392999999989115,"p95Ms":2.386399999999412,"samples":20}}},"small":{"dbCommit":{"maxMs":4.049000000000888,"minMs":3.037400000001071,"p50Ms":3.5535999999992782,"p95Ms":4.049000000000888,"samples":10},"filesReparsed":[1,1,1,1,1,1,1,1,1,1],"peakKernelRssBytes":15564800,"providerInvocations":{"typescriptPrecision":[0,0,0,0,0,0,0,0,0,0],"typescriptSyntax":[0,0,0,0,0,0,0,0,0,0]},"singleFileIncremental":{"maxMs":201.21230000000105,"minMs":181.35570000000007,"p50Ms":185.88720000000103,"p95Ms":201.21230000000105,"samples":10},"warm":{"explore":{"maxMs":5.046700000000783,"minMs":3.137299999998504,"p50Ms":3.3589000000010856,"p95Ms":3.658900000000358,"samples":20},"search":{"maxMs":1.8896000000004278,"minMs":1.3289999999997235,"p50Ms":1.5261999999984255,"p95Ms":1.849500000000262,"samples":20},"trace":{"maxMs":2.119800000000396,"minMs":1.3460999999988417,"p50Ms":1.5547000000005937,"p95Ms":1.9634000000005472,"samples":20}}}}},"parity":{"crossProcess":[{"nativeDigest":"b2506db29b59cbce92fe6187a2a2243bb3a1b61240b5306f58aea26e8ab08d0c","portableDigest":"b2506db29b59cbce92fe6187a2a2243bb3a1b61240b5306f58aea26e8ab08d0c"},{"nativeDigest":"b2506db29b59cbce92fe6187a2a2243bb3a1b61240b5306f58aea26e8ab08d0c","portableDigest":"b2506db29b59cbce92fe6187a2a2243bb3a1b61240b5306f58aea26e8ab08d0c"},{"nativeDigest":"b2506db29b59cbce92fe6187a2a2243bb3a1b61240b5306f58aea26e8ab08d0c","portableDigest":"b2506db29b59cbce92fe6187a2a2243bb3a1b61240b5306f58aea26e8ab08d0c"},{"nativeDigest":"b2506db29b59cbce92fe6187a2a2243bb3a1b61240b5306f58aea26e8ab08d0c","portableDigest":"b2506db29b59cbce92fe6187a2a2243bb3a1b61240b5306f58aea26e8ab08d0c"},{"nativeDigest":"b2506db29b59cbce92fe6187a2a2243bb3a1b61240b5306f58aea26e8ab08d0c","portableDigest":"b2506db29b59cbce92fe6187a2a2243bb3a1b61240b5306f58aea26e8ab08d0c"},{"nativeDigest":"b2506db29b59cbce92fe6187a2a2243bb3a1b61240b5306f58aea26e8ab08d0c","portableDigest":"b2506db29b59cbce92fe6187a2a2243bb3a1b61240b5306f58aea26e8ab08d0c"},{"nativeDigest":"b2506db29b59cbce92fe6187a2a2243bb3a1b61240b5306f58aea26e8ab08d0c","portableDigest":"b2506db29b59cbce92fe6187a2a2243bb3a1b61240b5306f58aea26e8ab08d0c"},{"nativeDigest":"b2506db29b59cbce92fe6187a2a2243bb3a1b61240b5306f58aea26e8ab08d0c","portableDigest":"b2506db29b59cbce92fe6187a2a2243bb3a1b61240b5306f58aea26e8ab08d0c"},{"nativeDigest":"b2506db29b59cbce92fe6187a2a2243bb3a1b61240b5306f58aea26e8ab08d0c","portableDigest":"b2506db29b59cbce92fe6187a2a2243bb3a1b61240b5306f58aea26e8ab08d0c"},{"nativeDigest":"b2506db29b59cbce92fe6187a2a2243bb3a1b61240b5306f58aea26e8ab08d0c","portableDigest":"b2506db29b59cbce92fe6187a2a2243bb3a1b61240b5306f58aea26e8ab08d0c"},{"nativeDigest":"b2506db29b59cbce92fe6187a2a2243bb3a1b61240b5306f58aea26e8ab08d0c","portableDigest":"b2506db29b59cbce92fe6187a2a2243bb3a1b61240b5306f58aea26e8ab08d0c"},{"nativeDigest":"b2506db29b59cbce92fe6187a2a2243bb3a1b61240b5306f58aea26e8ab08d0c","portableDigest":"b2506db29b59cbce92fe6187a2a2243bb3a1b61240b5306f58aea26e8ab08d0c"},{"nativeDigest":"b2506db29b59cbce92fe6187a2a2243bb3a1b61240b5306f58aea26e8ab08d0c","portableDigest":"b2506db29b59cbce92fe6187a2a2243bb3a1b61240b5306f58aea26e8ab08d0c"},{"nativeDigest":"b2506db29b59cbce92fe6187a2a2243bb3a1b61240b5306f58aea26e8ab08d0c","portableDigest":"b2506db29b59cbce92fe6187a2a2243bb3a1b61240b5306f58aea26e8ab08d0c"},{"nativeDigest":"b2506db29b59cbce92fe6187a2a2243bb3a1b61240b5306f58aea26e8ab08d0c","portableDigest":"b2506db29b59cbce92fe6187a2a2243bb3a1b61240b5306f58aea26e8ab08d0c"},{"nativeDigest":"b2506db29b59cbce92fe6187a2a2243bb3a1b61240b5306f58aea26e8ab08d0c","portableDigest":"b2506db29b59cbce92fe6187a2a2243bb3a1b61240b5306f58aea26e8ab08d0c"},{"nativeDigest":"b2506db29b59cbce92fe6187a2a2243bb3a1b61240b5306f58aea26e8ab08d0c","portableDigest":"b2506db29b59cbce92fe6187a2a2243bb3a1b61240b5306f58aea26e8ab08d0c"},{"nativeDigest":"b2506db29b59cbce92fe6187a2a2243bb3a1b61240b5306f58aea26e8ab08d0c","portableDigest":"b2506db29b59cbce92fe6187a2a2243bb3a1b61240b5306f58aea26e8ab08d0c"},{"nativeDigest":"b2506db29b59cbce92fe6187a2a2243bb3a1b61240b5306f58aea26e8ab08d0c","portableDigest":"b2506db29b59cbce92fe6187a2a2243bb3a1b61240b5306f58aea26e8ab08d0c"},{"nativeDigest":"b2506db29b59cbce92fe6187a2a2243bb3a1b61240b5306f58aea26e8ab08d0c","portableDigest":"b2506db29b59cbce92fe6187a2a2243bb3a1b61240b5306f58aea26e8ab08d0c"}],"crossProcessDeterministic":true,"crossProcessRuns":20,"nativeDigest":"b2506db29b59cbce92fe6187a2a2243bb3a1b61240b5306f58aea26e8ab08d0c","nativePortableExactOrdered":true,"portableDigest":"b2506db29b59cbce92fe6187a2a2243bb3a1b61240b5306f58aea26e8ab08d0c"},"runner":{"contract":"contextmesh-v04-fixed-fixtures-v4",