{"fixtureDigest":"49ab64ba1eaf35b66c5de6ba153a8cd7bbd5ec01635cd84748438018e6af0df1","fixtures":{"large":"c1a300fb7faaaf7e5fb987bdad9b7b933b477969bb29c1cd2724621b0616e25c","medium":"4426d67fea709ed65ffbfc72b5d3094a1c18fc35f00be8007d19eca3eea90940","parity":"f736f731ce21f859e888ad1bad0fe907362738ea4dd1a9597cecc0285cbd7124","small":"f736f731ce21f859e888ad1bad0fe907362738ea4dd1a9597cecc0285cbd7124","typescriptDecision":"b37eb5ae3717370da4a87dec92cbe95d390d22d968f96174791a8bbc3c8fa255","watcher":"f736f731ce21f859e888ad1bad0fe907362738ea4dd1a9597cecc0285cbd7124"},"git":{"baseline":"e37977199e231fc95b581e6254003941b8f447b2","commit":"cad7e4336ed035d20a6e65b91ce0e03988aba3e6"},"measurements":{"coldFull":{"large":{"peakKernelRssBytes":16879616,"peakParentRssBytes":563068928,"timing":{"maxMs":795.0865999999996,"minMs":651.8325999999997,"p50Ms":712.188000000001,"p95Ms":795.0865999999996,"samples":5}},"medium":{"peakKernelRssBytes":16506880,"peakParentRssBytes":538939392,"timing":{"maxMs":460.7352999999998,"minMs":422.70840000000044,"p50Ms":436.5496000000003,"p95Ms":460.7352999999998,"samples":5}},"small":{"peakKernelRssBytes":15958016,"peakParentRssBytes":492204032,"timing":{"maxMs":487.41330000000005,"minMs":335.8101999999999,"p50Ms":367.6174000000001,"p95Ms":487.41330000000005,"samples":5}}},"rss":{"estimatedConcurrentPeakBytes":579948544,"peakKernelRssBytes":16879616,"peakParentRssBytes":563068928,"scope":"parent RSS sampled after commit plus sidecar RSS sampled while canonical facts remain resident"},"watcherEventToGeneration":{"maxMs":268.5729999999894,"minMs":226.62750000000233,"p50Ms":241.17799999999988,"p95Ms":257.7727000000086,"samples":20},"workloads":{"large":{"dbCommit":{"maxMs":85.97659999999814,"minMs":54.70730000000185,"p50Ms":74.65740000000005,"p95Ms":85.97659999999814,"samples":10},"filesReparsed":[1,1,1,1,1,1,1,1,1,1],"peakKernelRssBytes":15552512,"providerInvocations":{"typescriptPrecision":[0,0,0,0,0,0,0,0,0,0],"typescriptSyntax":[0,0,0,0,0,0,0,0,0,0]},"singleFileIncremental":{"maxMs":501.71649999999863,"minMs":418.13860000000204,"p50Ms":482.516599999999,"p95Ms":501.71649999999863,"samples":10},"warm":{"explore":{"maxMs":8.091100000001461,"minMs":5.2797000000027765,"p50Ms":6.71559999999954,"p95Ms":7.940699999999197,"samples":20},"search":{"maxMs":5.291199999999662,"minMs":3.2660000000032596,"p50Ms":4.112100000002101,"p95Ms":4.990200000000186,"samples":20},"trace":{"maxMs":5.355600000002596,"minMs":3.6458999999995285,"p50Ms":4.709999999999127,"p95Ms":5.140999999999622,"samples":20}}},"medium":{"dbCommit":{"maxMs":42.271199999999226,"minMs":20.02969999999914,"p50Ms":22.534700000000157,"p95Ms":42.271199999999226,"samples":10},"filesReparsed":[1,1,1,1,1,1,1,1,1,1],"peakKernelRssBytes":15577088,"providerInvocations":{"typescriptPrecision":[0,0,0,0,0,0,0,0,0,0],"typescriptSyntax":[0,0,0,0,0,0,0,0,0,0]},"singleFileIncremental":{"maxMs":348.13630000000194,"minMs":267.4889999999996,"p50Ms":291.3711000000003,"p95Ms":348.13630000000194,"samples":10},"warm":{"explore":{"maxMs":5.388499999999112,"minMs":3.875,"p50Ms":4.817699999999604,"p95Ms":5.349299999999857,"samples":20},"search":{"maxMs":5.274900000000343,"minMs":2.2172000000009575,"p50Ms":2.4835000000002765,"p95Ms":3.0856999999996333,"samples":20},"trace":{"maxMs":3.1054999999996653,"minMs":2.0498999999999796,"p50Ms":2.559499999999389,"p95Ms":2.953700000000026,"samples":20}}},"small":{"dbCommit":{"maxMs":5.075700000001234,"minMs":3.4354999999995925,"p50Ms":4.741900000000896,"p95Ms":5.075700000001234,"samples":10},"filesReparsed":[1,1,1,1,1,1,1,1,1,1],"peakKernelRssBytes":15532032,"providerInvocations":{"typescriptPrecision":[0,0,0,0,0,0,0,0,0,0],"typescriptSyntax":[0,0,0,0,0,0,0,0,0,0]},"singleFileIncremental":{"maxMs":262.3284999999996,"minMs":201.52930000000015,"p50Ms":205.94540000000052,"p95Ms":262.3284999999996,"samples":10},"warm":{"explore":{"maxMs":10.517799999999625,"minMs":3.7136000000009517,"p50Ms":4.1820000000006985,"p95Ms":5.748600000000806,"samples":20},"search":{"maxMs":2.0815999999995256,"minMs":1.529499999998734,"p50Ms":1.6389999999992142,"p95Ms":1.934900000000198,"samples":20},"trace":{"maxMs":2.5318999999999505,"minMs":1.7893999999996595,"p50Ms":1.8920999999991182,"p95Ms":2.5120999999999185,"samples":20}}}}},"parity":{"crossProcess":[{"nativeDigest":"2dd035a780602b8ebde6d7c24d89411ef37e8e3eb3fe53428271a2878dd689b6","portableDigest":"2dd035a780602b8ebde6d7c24d89411ef37e8e3eb3fe53428271a2878dd689b6"},{"nativeDigest":"2dd035a780602b8ebde6d7c24d89411ef37e8e3eb3fe53428271a2878dd689b6","portableDigest":"2dd035a780602b8ebde6d7c24d89411ef37e8e3eb3fe53428271a2878dd689b6"},{"nativeDigest":"2dd035a780602b8ebde6d7c24d89411ef37e8e3eb3fe53428271a2878dd689b6","portableDigest":"2dd035a780602b8ebde6d7c24d89411ef37e8e3eb3fe53428271a2878dd689b6"},{"nativeDigest":"2dd035a780602b8ebde6d7c24d89411ef37e8e3eb3fe53428271a2878dd689b6","portableDigest":"2dd035a780602b8ebde6d7c24d89411ef37e8e3eb3fe53428271a2878dd689b6"},{"nativeDigest":"2dd035a780602b8ebde6d7c24d89411ef37e8e3eb3fe53428271a2878dd689b6","portableDigest":"2dd035a780602b8ebde6d7c24d89411ef37e8e3eb3fe53428271a2878dd689b6"},{"nativeDigest":"2dd035a780602b8ebde6d7c24d89411ef37e8e3eb3fe53428271a2878dd689b6","portableDigest":"2dd035a780602b8ebde6d7c24d89411ef37e8e3eb3fe53428271a2878dd689b6"},{"nativeDigest":"2dd035a780602b8ebde6d7c24d89411ef37e8e3eb3fe53428271a2878dd689b6","portableDigest":"2dd035a780602b8ebde6d7c24d89411ef37e8e3eb3fe53428271a2878dd689b6"},{"nativeDigest":"2dd035a780602b8ebde6d7c24d89411ef37e8e3eb3fe53428271a2878dd689b6","portableDigest":"2dd035a780602b8ebde6d7c24d89411ef37e8e3eb3fe53428271a2878dd689b6"},{"nativeDigest":"2dd035a780602b8ebde6d7c24d89411ef37e8e3eb3fe53428271a2878dd689b6","portableDigest":"2dd035a780602b8ebde6d7c24d89411ef37e8e3eb3fe53428271a2878dd689b6"},{"nativeDigest":"2dd035a780602b8ebde6d7c24d89411ef37e8e3eb3fe53428271a2878dd689b6","portableDigest":"2dd035a780602b8ebde6d7c24d89411ef37e8e3eb3fe53428271a2878dd689b6"},{"nativeDigest":"2dd035a780602b8ebde6d7c24d89411ef37e8e3eb3fe53428271a2878dd689b6","portableDigest":"2dd035a780602b8ebde6d7c24d89411ef37e8e3eb3fe53428271a2878dd689b6"},{"nativeDigest":"2dd035a780602b8ebde6d7c24d89411ef37e8e3eb3fe53428271a2878dd689b6","portableDigest":"2dd035a780602b8ebde6d7c24d89411ef37e8e3eb3fe53428271a2878dd689b6"},{"nativeDigest":"2dd035a780602b8ebde6d7c24d89411ef37e8e3eb3fe53428271a2878dd689b6","portableDigest":"2dd035a780602b8ebde6d7c24d89411ef37e8e3eb3fe53428271a2878dd689b6"},{"nativeDigest":"2dd035a780602b8ebde6d7c24d89411ef37e8e3eb3fe53428271a2878dd689b6","portableDigest":"2dd035a780602b8ebde6d7c24d89411ef37e8e3eb3fe53428271a2878dd689b6"},{"nativeDigest":"2dd035a780602b8ebde6d7c24d89411ef37e8e3eb3fe53428271a2878dd689b6","portableDigest":"2dd035a780602b8ebde6d7c24d89411ef37e8e3eb3fe53428271a2878dd689b6"},{"nativeDigest":"2dd035a780602b8ebde6d7c24d89411ef37e8e3eb3fe53428271a2878dd689b6","portableDigest":"2dd035a780602b8ebde6d7c24d89411ef37e8e3eb3fe53428271a2878dd689b6"},{"nativeDigest":"2dd035a780602b8ebde6d7c24d89411ef37e8e3eb3fe53428271a2878dd689b6","portableDigest":"2dd035a780602b8ebde6d7c24d89411ef37e8e3eb3fe53428271a2878dd689b6"},{"nativeDigest":"2dd035a780602b8ebde6d7c24d89411ef37e8e3eb3fe53428271a2878dd689b6","portableDigest":"2dd035a780602b8ebde6d7c24d89411ef37e8e3eb3fe53428271a2878dd689b6"},{"nativeDigest":"2dd035a780602b8ebde6d7c24d89411ef37e8e3eb3fe53428271a2878dd689b6","portableDigest":"2dd035a780602b8ebde6d7c24d89411ef37e8e3eb3fe53428271a2878dd689b6"},{"nativeDigest":"2dd035a780602b8ebde6d7c24d89411ef37e8e3eb3fe53428271a2878dd689b6","portableDigest":"2dd035a780602b8ebde6d7c24d89411ef37e8e3eb3fe53428271a2878dd689b6"}],"crossProcessDeterministic":true,"crossProcessRuns":20,"nativeDigest":"2dd035a780602b8ebde6d7c24d89411ef37e8e3eb3fe53428271a2878dd689b6","nativePortableExactOrdered":true,"portableDigest":"2dd035a780602b8ebde6d7c24d89411ef37e8e3eb3fe53428271a2878dd689b6"},"runner":{"contract":"contextmesh-v04-fixed-fixtures-v4",