{"fixtureDigest":"49ab64ba1eaf35b66c5de6ba153a8cd7bbd5ec01635cd84748438018e6af0df1","fixtures":{"large":"c1a300fb7faaaf7e5fb987bdad9b7b933b477969bb29c1cd2724621b0616e25c","medium":"4426d67fea709ed65ffbfc72b5d3094a1c18fc35f00be8007d19eca3eea90940","parity":"f736f731ce21f859e888ad1bad0fe907362738ea4dd1a9597cecc0285cbd7124","small":"f736f731ce21f859e888ad1bad0fe907362738ea4dd1a9597cecc0285cbd7124","typescriptDecision":"b37eb5ae3717370da4a87dec92cbe95d390d22d968f96174791a8bbc3c8fa255","watcher":"f736f731ce21f859e888ad1bad0fe907362738ea4dd1a9597cecc0285cbd7124"},"git":{"baseline":"e37977199e231fc95b581e6254003941b8f447b2","commit":"b1ead7c090666a18badbf9b93fe0e2f0e4cc6bdd"},"measurements":{"coldFull":{"large":{"peakKernelRssBytes":17571840,"peakParentRssBytes":539471872,"timing":{"maxMs":578.0074999999997,"minMs":520.1038000000008,"p50Ms":567.6273000000001,"p95Ms":578.0074999999997,"samples":5}},"medium":{"peakKernelRssBytes":17002496,"peakParentRssBytes":524001280,"timing":{"maxMs":423.4167000000002,"minMs":385.9836,"p50Ms":389.6343999999999,"p95Ms":423.4167000000002,"samples":5}},"small":{"peakKernelRssBytes":16510976,"peakParentRssBytes":494641152,"timing":{"maxMs":472.99389999999994,"minMs":321.7011000000002,"p50Ms":338.14610000000016,"p95Ms":472.99389999999994,"samples":5}}},"rss":{"estimatedConcurrentPeakBytes":557043712,"peakKernelRssBytes":17571840,"peakParentRssBytes":539471872,"scope":"parent RSS sampled after commit plus sidecar RSS sampled while canonical facts remain resident"},"watcherEventToGeneration":{"maxMs":248.45040000000154,"minMs":211.17129999999452,"p50Ms":223.67050000000017,"p95Ms":240.5783999999985,"samples":20},"workloads":{"large":{"dbCommit":{"maxMs":66.78160000000207,"minMs":48.651200000000244,"p50Ms":54.0551000000014,"p95Ms":66.78160000000207,"samples":10},"filesReparsed":[1,1,1,1,1,1,1,1,1,1],"peakKernelRssBytes":16101376,"providerInvocations":{"typescriptPrecision":[0,0,0,0,0,0,0,0,0,0],"typescriptSyntax":[0,0,0,0,0,0,0,0,0,0]},"singleFileIncremental":{"maxMs":435.33660000000236,"minMs":384.3545000000013,"p50Ms":408.69420000000173,"p95Ms":435.33660000000236,"samples":10},"warm":{"explore":{"maxMs":6.079499999999825,"minMs":5.1789000000007945,"p50Ms":5.6018999999996595,"p95Ms":6.004500000000917,"samples":20},"search":{"maxMs":6.994300000000294,"minMs":3.082300000000032,"p50Ms":3.481900000000678,"p95Ms":4.279199999999037,"samples":20},"trace":{"maxMs":4.247699999999895,"minMs":3.290100000000166,"p50Ms":3.6510999999991327,"p95Ms":4.030000000000655,"samples":20}}},"medium":{"dbCommit":{"maxMs":34.21320000000014,"minMs":14.809499999999389,"p50Ms":15.69130000000041,"p95Ms":34.21320000000014,"samples":10},"filesReparsed":[1,1,1,1,1,1,1,1,1,1],"peakKernelRssBytes":16093184,"providerInvocations":{"typescriptPrecision":[0,0,0,0,0,0,0,0,0,0],"typescriptSyntax":[0,0,0,0,0,0,0,0,0,0]},"singleFileIncremental":{"maxMs":275.02189999999973,"minMs":235.11110000000008,"p50Ms":249.65279999999984,"p95Ms":275.02189999999973,"samples":10},"warm":{"explore":{"maxMs":7.436900000000605,"minMs":3.8105999999988853,"p50Ms":4.27560000000085,"p95Ms":4.857200000000375,"samples":20},"search":{"maxMs":2.886000000000422,"minMs":1.9294999999983702,"p50Ms":2.127700000000914,"p95Ms":2.641700000000128,"samples":20},"trace":{"maxMs":2.8461000000006607,"minMs":2.0200999999997293,"p50Ms":2.2286999999996624,"p95Ms":2.642100000000937,"samples":20}}},"small":{"dbCommit":{"maxMs":12.824699999999211,"minMs":3.3078000000004977,"p50Ms":4.26720000000023,"p95Ms":12.824699999999211,"samples":10},"filesReparsed":[1,1,1,1,1,1,1,1,1,1],"peakKernelRssBytes":16113664,"providerInvocations":{"typescriptPrecision":[0,0,0,0,0,0,0,0,0,0],"typescriptSyntax":[0,0,0,0,0,0,0,0,0,0]},"singleFileIncremental":{"maxMs":321.4519,"minMs":186.20529999999962,"p50Ms":192.54250000000138,"p95Ms":321.4519,"samples":10},"warm":{"explore":{"maxMs":5.817299999998795,"minMs":3.345600000000559,"p50Ms":3.7586999999984982,"p95Ms":4.093600000000151,"samples":20},"search":{"maxMs":2.010599999999613,"minMs":1.4315000000005966,"p50Ms":1.5599999999994907,"p95Ms":1.8086999999995896,"samples":20},"trace":{"maxMs":2.2942000000002736,"minMs":1.4413999999997031,"p50Ms":1.621000000001004,"p95Ms":1.9969999999993888,"samples":20}}}}},"parity":{"crossProcess":[{"nativeDigest":"ab098daed222bf384b21fe058eef1b3626fe38d4e86bd942c9d46a51d3c636d4","portableDigest":"ab098daed222bf384b21fe058eef1b3626fe38d4e86bd942c9d46a51d3c636d4"},{"nativeDigest":"ab098daed222bf384b21fe058eef1b3626fe38d4e86bd942c9d46a51d3c636d4","portableDigest":"ab098daed222bf384b21fe058eef1b3626fe38d4e86bd942c9d46a51d3c636d4"},{"nativeDigest":"ab098daed222bf384b21fe058eef1b3626fe38d4e86bd942c9d46a51d3c636d4","portableDigest":"ab098daed222bf384b21fe058eef1b3626fe38d4e86bd942c9d46a51d3c636d4"},{"nativeDigest":"ab098daed222bf384b21fe058eef1b3626fe38d4e86bd942c9d46a51d3c636d4","portableDigest":"ab098daed222bf384b21fe058eef1b3626fe38d4e86bd942c9d46a51d3c636d4"},{"nativeDigest":"ab098daed222bf384b21fe058eef1b3626fe38d4e86bd942c9d46a51d3c636d4","portableDigest":"ab098daed222bf384b21fe058eef1b3626fe38d4e86bd942c9d46a51d3c636d4"},{"nativeDigest":"ab098daed222bf384b21fe058eef1b3626fe38d4e86bd942c9d46a51d3c636d4","portableDigest":"ab098daed222bf384b21fe058eef1b3626fe38d4e86bd942c9d46a51d3c636d4"},{"nativeDigest":"ab098daed222bf384b21fe058eef1b3626fe38d4e86bd942c9d46a51d3c636d4","portableDigest":"ab098daed222bf384b21fe058eef1b3626fe38d4e86bd942c9d46a51d3c636d4"},{"nativeDigest":"ab098daed222bf384b21fe058eef1b3626fe38d4e86bd942c9d46a51d3c636d4","portableDigest":"ab098daed222bf384b21fe058eef1b3626fe38d4e86bd942c9d46a51d3c636d4"},{"nativeDigest":"ab098daed222bf384b21fe058eef1b3626fe38d4e86bd942c9d46a51d3c636d4","portableDigest":"ab098daed222bf384b21fe058eef1b3626fe38d4e86bd942c9d46a51d3c636d4"},{"nativeDigest":"ab098daed222bf384b21fe058eef1b3626fe38d4e86bd942c9d46a51d3c636d4","portableDigest":"ab098daed222bf384b21fe058eef1b3626fe38d4e86bd942c9d46a51d3c636d4"},{"nativeDigest":"ab098daed222bf384b21fe058eef1b3626fe38d4e86bd942c9d46a51d3c636d4","portableDigest":"ab098daed222bf384b21fe058eef1b3626fe38d4e86bd942c9d46a51d3c636d4"},{"nativeDigest":"ab098daed222bf384b21fe058eef1b3626fe38d4e86bd942c9d46a51d3c636d4","portableDigest":"ab098daed222bf384b21fe058eef1b3626fe38d4e86bd942c9d46a51d3c636d4"},{"nativeDigest":"ab098daed222bf384b21fe058eef1b3626fe38d4e86bd942c9d46a51d3c636d4","portableDigest":"ab098daed222bf384b21fe058eef1b3626fe38d4e86bd942c9d46a51d3c636d4"},{"nativeDigest":"ab098daed222bf384b21fe058eef1b3626fe38d4e86bd942c9d46a51d3c636d4","portableDigest":"ab098daed222bf384b21fe058eef1b3626fe38d4e86bd942c9d46a51d3c636d4"},{"nativeDigest":"ab098daed222bf384b21fe058eef1b3626fe38d4e86bd942c9d46a51d3c636d4","portableDigest":"ab098daed222bf384b21fe058eef1b3626fe38d4e86bd942c9d46a51d3c636d4"},{"nativeDigest":"ab098daed222bf384b21fe058eef1b3626fe38d4e86bd942c9d46a51d3c636d4","portableDigest":"ab098daed222bf384b21fe058eef1b3626fe38d4e86bd942c9d46a51d3c636d4"},{"nativeDigest":"ab098daed222bf384b21fe058eef1b3626fe38d4e86bd942c9d46a51d3c636d4","portableDigest":"ab098daed222bf384b21fe058eef1b3626fe38d4e86bd942c9d46a51d3c636d4"},{"nativeDigest":"ab098daed222bf384b21fe058eef1b3626fe38d4e86bd942c9d46a51d3c636d4","portableDigest":"ab098daed222bf384b21fe058eef1b3626fe38d4e86bd942c9d46a51d3c636d4"},{"nativeDigest":"ab098daed222bf384b21fe058eef1b3626fe38d4e86bd942c9d46a51d3c636d4","portableDigest":"ab098daed222bf384b21fe058eef1b3626fe38d4e86bd942c9d46a51d3c636d4"},{"nativeDigest":"ab098daed222bf384b21fe058eef1b3626fe38d4e86bd942c9d46a51d3c636d4","portableDigest":"ab098daed222bf384b21fe058eef1b3626fe38d4e86bd942c9d46a51d3c636d4"}],"crossProcessDeterministic":true,"crossProcessRuns":20,"nativeDigest":"ab098daed222bf384b21fe058eef1b3626fe38d4e86bd942c9d46a51d3c636d4","nativePortableExactOrdered":true,"portableDigest":"ab098daed222bf384b21fe058eef1b3626fe38d4e86bd942c9d46a51d3c636d4"},"runner":{"contract":"contextmesh-v04-fixed-fixtures-v4","cpu":"AMD Ryzen 7 7800X3D 8-Core Processor",