{"fixtureDigest":"49ab64ba1eaf35b66c5de6ba153a8cd7bbd5ec01635cd84748438018e6af0df1","fixtures":{"large":"c1a300fb7faaaf7e5fb987bdad9b7b933b477969bb29c1cd2724621b0616e25c","medium":"4426d67fea709ed65ffbfc72b5d3094a1c18fc35f00be8007d19eca3eea90940","parity":"f736f731ce21f859e888ad1bad0fe907362738ea4dd1a9597cecc0285cbd7124","small":"f736f731ce21f859e888ad1bad0fe907362738ea4dd1a9597cecc0285cbd7124","typescriptDecision":"b37eb5ae3717370da4a87dec92cbe95d390d22d968f96174791a8bbc3c8fa255","watcher":"f736f731ce21f859e888ad1bad0fe907362738ea4dd1a9597cecc0285cbd7124"},"git":{"baseline":"e37977199e231fc95b581e6254003941b8f447b2","commit":"67b325878b9cab6511fcf3df0299c43229fcf846"},"measurements":{"coldFull":{"large":{"peakKernelRssBytes":16846848,"peakParentRssBytes":468844544,"timing":{"maxMs":611.0632999999998,"minMs":539.2954,"p50Ms":588.2869000000001,"p95Ms":611.0632999999998,"samples":5}},"medium":{"peakKernelRssBytes":18124800,"peakParentRssBytes":472489984,"timing":{"maxMs":450.6622000000002,"minMs":389.22699999999986,"p50Ms":428.7502999999997,"p95Ms":450.6622000000002,"samples":5}},"small":{"peakKernelRssBytes":15908864,"peakParentRssBytes":394674176,"timing":{"maxMs":490.5883,"minMs":328.82010000000037,"p50Ms":337.58219999999983,"p95Ms":490.5883,"samples":5}}},"rss":{"estimatedConcurrentPeakBytes":490614784,"peakKernelRssBytes":18124800,"peakParentRssBytes":472489984,"scope":"parent RSS sampled after commit plus sidecar RSS sampled while canonical facts remain resident"},"watcherEventToGeneration":{"maxMs":271.8243000000002,"minMs":212.6281999999992,"p50Ms":232.61319999999978,"p95Ms":263.6660000000047,"samples":20},"workloads":{"large":{"dbCommit":{"maxMs":75.91209999999774,"minMs":52.58640000000014,"p50Ms":55.88449999999648,"p95Ms":75.91209999999774,"samples":10},"filesReparsed":[1,1,1,1,1,1,1,1,1,1],"peakKernelRssBytes":15732736,"providerInvocations":{"typescriptPrecision":[0,0,0,0,0,0,0,0,0,0],"typescriptSyntax":[0,0,0,0,0,0,0,0,0,0]},"singleFileIncremental":{"maxMs":541.0887000000002,"minMs":406.91599999999744,"p50Ms":425.0519000000022,"p95Ms":541.0887000000002,"samples":10},"warm":{"explore":{"maxMs":7.391199999998207,"minMs":5.286400000000867,"p50Ms":5.724900000001071,"p95Ms":7.200199999999313,"samples":20},"search":{"maxMs":4.9724999999998545,"minMs":3.1287999999985914,"p50Ms":3.535700000000361,"p95Ms":4.968000000000757,"samples":20},"trace":{"maxMs":6.41649999999936,"minMs":3.2357000000010885,"p50Ms":3.6330999999991036,"p95Ms":4.612600000000384,"samples":20}}},"medium":{"dbCommit":{"maxMs":27.470499999999447,"minMs":14.478500000001077,"p50Ms":15.569899999998597,"p95Ms":27.470499999999447,"samples":10},"filesReparsed":[1,1,1,1,1,1,1,1,1,1],"peakKernelRssBytes":15564800,"providerInvocations":{"typescriptPrecision":[0,0,0,0,0,0,0,0,0,0],"typescriptSyntax":[0,0,0,0,0,0,0,0,0,0]},"singleFileIncremental":{"maxMs":313.0580000000009,"minMs":239.3130999999994,"p50Ms":252.29269999999997,"p95Ms":313.0580000000009,"samples":10},"warm":{"explore":{"maxMs":7.346499999999651,"minMs":3.879000000000815,"p50Ms":4.177799999999479,"p95Ms":5.47059999999874,"samples":20},"search":{"maxMs":2.9386999999987893,"minMs":1.9435999999986961,"p50Ms":2.112599999998565,"p95Ms":2.5530999999991764,"samples":20},"trace":{"maxMs":3.151499999999942,"minMs":1.9340999999985797,"p50Ms":2.2525000000005093,"p95Ms":2.726599999999962,"samples":20}}},"small":{"dbCommit":{"maxMs":5.673800000000483,"minMs":3.2417999999997846,"p50Ms":3.6356999999989057,"p95Ms":5.673800000000483,"samples":10},"filesReparsed":[1,1,1,1,1,1,1,1,1,1],"peakKernelRssBytes":15515648,"providerInvocations":{"typescriptPrecision":[0,0,0,0,0,0,0,0,0,0],"typescriptSyntax":[0,0,0,0,0,0,0,0,0,0]},"singleFileIncremental":{"maxMs":225.4380999999994,"minMs":191.1851999999999,"p50Ms":198.2605999999996,"p95Ms":225.4380999999994,"samples":10},"warm":{"explore":{"maxMs":5.990400000000591,"minMs":3.5420999999987544,"p50Ms":3.7386999999998807,"p95Ms":4.240399999998772,"samples":20},"search":{"maxMs":2.2673999999988155,"minMs":1.4050999999999476,"p50Ms":1.5775999999987107,"p95Ms":1.7903000000005704,"samples":20},"trace":{"maxMs":6.535900000000765,"minMs":1.3950999999997293,"p50Ms":1.6286999999992986,"p95Ms":2.0190999999995256,"samples":20}}}}},"parity":{"crossProcess":[{"nativeDigest":"81a8822329f8cb8248357000a7ea24707cb90a2ef9216e8dfe100953a664a544","portableDigest":"81a8822329f8cb8248357000a7ea24707cb90a2ef9216e8dfe100953a664a544"},{"nativeDigest":"81a8822329f8cb8248357000a7ea24707cb90a2ef9216e8dfe100953a664a544","portableDigest":"81a8822329f8cb8248357000a7ea24707cb90a2ef9216e8dfe100953a664a544"},{"nativeDigest":"81a8822329f8cb8248357000a7ea24707cb90a2ef9216e8dfe100953a664a544","portableDigest":"81a8822329f8cb8248357000a7ea24707cb90a2ef9216e8dfe100953a664a544"},{"nativeDigest":"81a8822329f8cb8248357000a7ea24707cb90a2ef9216e8dfe100953a664a544","portableDigest":"81a8822329f8cb8248357000a7ea24707cb90a2ef9216e8dfe100953a664a544"},{"nativeDigest":"81a8822329f8cb8248357000a7ea24707cb90a2ef9216e8dfe100953a664a544","portableDigest":"81a8822329f8cb8248357000a7ea24707cb90a2ef9216e8dfe100953a664a544"},{"nativeDigest":"81a8822329f8cb8248357000a7ea24707cb90a2ef9216e8dfe100953a664a544","portableDigest":"81a8822329f8cb8248357000a7ea24707cb90a2ef9216e8dfe100953a664a544"},{"nativeDigest":"81a8822329f8cb8248357000a7ea24707cb90a2ef9216e8dfe100953a664a544","portableDigest":"81a8822329f8cb8248357000a7ea24707cb90a2ef9216e8dfe100953a664a544"},{"nativeDigest":"81a8822329f8cb8248357000a7ea24707cb90a2ef9216e8dfe100953a664a544","portableDigest":"81a8822329f8cb8248357000a7ea24707cb90a2ef9216e8dfe100953a664a544"},{"nativeDigest":"81a8822329f8cb8248357000a7ea24707cb90a2ef9216e8dfe100953a664a544","portableDigest":"81a8822329f8cb8248357000a7ea24707cb90a2ef9216e8dfe100953a664a544"},{"nativeDigest":"81a8822329f8cb8248357000a7ea24707cb90a2ef9216e8dfe100953a664a544","portableDigest":"81a8822329f8cb8248357000a7ea24707cb90a2ef9216e8dfe100953a664a544"},{"nativeDigest":"81a8822329f8cb8248357000a7ea24707cb90a2ef9216e8dfe100953a664a544","portableDigest":"81a8822329f8cb8248357000a7ea24707cb90a2ef9216e8dfe100953a664a544"},{"nativeDigest":"81a8822329f8cb8248357000a7ea24707cb90a2ef9216e8dfe100953a664a544","portableDigest":"81a8822329f8cb8248357000a7ea24707cb90a2ef9216e8dfe100953a664a544"},{"nativeDigest":"81a8822329f8cb8248357000a7ea24707cb90a2ef9216e8dfe100953a664a544","portableDigest":"81a8822329f8cb8248357000a7ea24707cb90a2ef9216e8dfe100953a664a544"},{"nativeDigest":"81a8822329f8cb8248357000a7ea24707cb90a2ef9216e8dfe100953a664a544","portableDigest":"81a8822329f8cb8248357000a7ea24707cb90a2ef9216e8dfe100953a664a544"},{"nativeDigest":"81a8822329f8cb8248357000a7ea24707cb90a2ef9216e8dfe100953a664a544","portableDigest":"81a8822329f8cb8248357000a7ea24707cb90a2ef9216e8dfe100953a664a544"},{"nativeDigest":"81a8822329f8cb8248357000a7ea24707cb90a2ef9216e8dfe100953a664a544","portableDigest":"81a8822329f8cb8248357000a7ea24707cb90a2ef9216e8dfe100953a664a544"},{"nativeDigest":"81a8822329f8cb8248357000a7ea24707cb90a2ef9216e8dfe100953a664a544","portableDigest":"81a8822329f8cb8248357000a7ea24707cb90a2ef9216e8dfe100953a664a544"},{"nativeDigest":"81a8822329f8cb8248357000a7ea24707cb90a2ef9216e8dfe100953a664a544","portableDigest":"81a8822329f8cb8248357000a7ea24707cb90a2ef9216e8dfe100953a664a544"},{"nativeDigest":"81a8822329f8cb8248357000a7ea24707cb90a2ef9216e8dfe100953a664a544","portableDigest":"81a8822329f8cb8248357000a7ea24707cb90a2ef9216e8dfe100953a664a544"},{"nativeDigest":"81a8822329f8cb8248357000a7ea24707cb90a2ef9216e8dfe100953a664a544","portableDigest":"81a8822329f8cb8248357000a7ea24707cb90a2ef9216e8dfe100953a664a544"}],"crossProcessDeterministic":true,"crossProcessRuns":20,"nativeDigest":"81a8822329f8cb8248357000a7ea24707cb90a2ef9216e8dfe100953a664a544","nativePortableExactOrdered":true,"portableDigest":"81a8822329f8cb8248357000a7ea24707cb90a2ef9216e8dfe100953a664a544"},"runner":{"contract":"contextmesh-v04-fixed-fixtures-v4","cpu":"AMD Ryzen 7 7800X3D 8-Core Processor",