{"fixtureDigest":"49ab64ba1eaf35b66c5de6ba153a8cd7bbd5ec01635cd84748438018e6af0df1","fixtures":{"large":"c1a300fb7faaaf7e5fb987bdad9b7b933b477969bb29c1cd2724621b0616e25c","medium":"4426d67fea709ed65ffbfc72b5d3094a1c18fc35f00be8007d19eca3eea90940","parity":"f736f731ce21f859e888ad1bad0fe907362738ea4dd1a9597cecc0285cbd7124","small":"f736f731ce21f859e888ad1bad0fe907362738ea4dd1a9597cecc0285cbd7124","typescriptDecision":"b37eb5ae3717370da4a87dec92cbe95d390d22d968f96174791a8bbc3c8fa255","watcher":"f736f731ce21f859e888ad1bad0fe907362738ea4dd1a9597cecc0285cbd7124"},"git":{"baseline":"e37977199e231fc95b581e6254003941b8f447b2","commit":"ab29c17cd925306227834623fba82e6965e29bb8"},"measurements":{"coldFull":{"large":{"peakKernelRssBytes":16785408,"peakParentRssBytes":631062528,"timing":{"maxMs":564.9880999999996,"minMs":514.1286,"p50Ms":540.3096999999998,"p95Ms":564.9880999999996,"samples":5}},"medium":{"peakKernelRssBytes":16490496,"peakParentRssBytes":619569152,"timing":{"maxMs":411.78330000000005,"minMs":388.1725000000001,"p50Ms":396.2292000000002,"p95Ms":411.78330000000005,"samples":5}},"small":{"peakKernelRssBytes":15929344,"peakParentRssBytes":502775808,"timing":{"maxMs":487.6287,"minMs":325.9059000000002,"p50Ms":338.10220000000004,"p95Ms":487.6287,"samples":5}}},"rss":{"estimatedConcurrentPeakBytes":647847936,"peakKernelRssBytes":16785408,"peakParentRssBytes":631062528,"scope":"parent RSS sampled after commit plus sidecar RSS sampled while canonical facts remain resident"},"watcherEventToGeneration":{"maxMs":241.44379999999364,"minMs":207.05709999999817,"p50Ms":214.3964000000051,"p95Ms":225.28650000000198,"samples":20},"workloads":{"large":{"dbCommit":{"maxMs":73.1193000000003,"minMs":48.76180000000022,"p50Ms":50.60809999999947,"p95Ms":73.1193000000003,"samples":10},"filesReparsed":[1,1,1,1,1,1,1,1,1,1],"peakKernelRssBytes":15572992,"providerInvocations":{"typescriptPrecision":[0,0,0,0,0,0,0,0,0,0],"typescriptSyntax":[0,0,0,0,0,0,0,0,0,0]},"singleFileIncremental":{"maxMs":402.65029999999933,"minMs":377.7602999999981,"p50Ms":382.571100000001,"p95Ms":402.65029999999933,"samples":10},"warm":{"explore":{"maxMs":6.026400000000649,"minMs":5.066500000000815,"p50Ms":5.644700000000739,"p95Ms":5.949199999999109,"samples":20},"search":{"maxMs":4.224500000000262,"minMs":3.218699999999444,"p50Ms":3.6337000000003172,"p95Ms":4.141299999999319,"samples":20},"trace":{"maxMs":7.449500000000626,"minMs":3.3048999999991793,"p50Ms":3.56919999999991,"p95Ms":4.186500000001615,"samples":20}}},"medium":{"dbCommit":{"maxMs":31.74330000000009,"minMs":13.943099999998594,"p50Ms":14.836699999999837,"p95Ms":31.74330000000009,"samples":10},"filesReparsed":[1,1,1,1,1,1,1,1,1,1],"peakKernelRssBytes":15552512,"providerInvocations":{"typescriptPrecision":[0,0,0,0,0,0,0,0,0,0],"typescriptSyntax":[0,0,0,0,0,0,0,0,0,0]},"singleFileIncremental":{"maxMs":251.3583000000017,"minMs":227.90999999999985,"p50Ms":231.85130000000026,"p95Ms":251.3583000000017,"samples":10},"warm":{"explore":{"maxMs":7.423600000000079,"minMs":3.7361999999993714,"p50Ms":4.171699999998964,"p95Ms":4.4908000000014,"samples":20},"search":{"maxMs":7.380100000000311,"minMs":1.8890000000010332,"p50Ms":2.092399999999543,"p95Ms":2.946800000001531,"samples":20},"trace":{"maxMs":2.7613000000001193,"minMs":1.9884000000001834,"p50Ms":2.211199999999735,"p95Ms":2.653599999999642,"samples":20}}},"small":{"dbCommit":{"maxMs":4.224799999999959,"minMs":3.0930000000007567,"p50Ms":3.62670000000071,"p95Ms":4.224799999999959,"samples":10},"filesReparsed":[1,1,1,1,1,1,1,1,1,1],"peakKernelRssBytes":15572992,"providerInvocations":{"typescriptPrecision":[0,0,0,0,0,0,0,0,0,0],"typescriptSyntax":[0,0,0,0,0,0,0,0,0,0]},"singleFileIncremental":{"maxMs":212.45960000000014,"minMs":181.20700000000033,"p50Ms":185.58619999999974,"p95Ms":212.45960000000014,"samples":10},"warm":{"explore":{"maxMs":5.200800000000527,"minMs":3.274699999999939,"p50Ms":3.6785999999992782,"p95Ms":4.396300000000338,"samples":20},"search":{"maxMs":2.0864999999994325,"minMs":1.4012000000002445,"p50Ms":1.6646999999993568,"p95Ms":2.048399999999674,"samples":20},"trace":{"maxMs":2.2927999999992608,"minMs":1.3826000000008207,"p50Ms":1.5792999999994208,"p95Ms":1.7940999999991618,"samples":20}}}}},"parity":{"crossProcess":[{"nativeDigest":"372e54f0b803637a6676a619cff2ac42b3021e5b56893645ccd81eca9f6cb9ff","portableDigest":"372e54f0b803637a6676a619cff2ac42b3021e5b56893645ccd81eca9f6cb9ff"},{"nativeDigest":"372e54f0b803637a6676a619cff2ac42b3021e5b56893645ccd81eca9f6cb9ff","portableDigest":"372e54f0b803637a6676a619cff2ac42b3021e5b56893645ccd81eca9f6cb9ff"},{"nativeDigest":"372e54f0b803637a6676a619cff2ac42b3021e5b56893645ccd81eca9f6cb9ff","portableDigest":"372e54f0b803637a6676a619cff2ac42b3021e5b56893645ccd81eca9f6cb9ff"},{"nativeDigest":"372e54f0b803637a6676a619cff2ac42b3021e5b56893645ccd81eca9f6cb9ff","portableDigest":"372e54f0b803637a6676a619cff2ac42b3021e5b56893645ccd81eca9f6cb9ff"},{"nativeDigest":"372e54f0b803637a6676a619cff2ac42b3021e5b56893645ccd81eca9f6cb9ff","portableDigest":"372e54f0b803637a6676a619cff2ac42b3021e5b56893645ccd81eca9f6cb9ff"},{"nativeDigest":"372e54f0b803637a6676a619cff2ac42b3021e5b56893645ccd81eca9f6cb9ff","portableDigest":"372e54f0b803637a6676a619cff2ac42b3021e5b56893645ccd81eca9f6cb9ff"},{"nativeDigest":"372e54f0b803637a6676a619cff2ac42b3021e5b56893645ccd81eca9f6cb9ff","portableDigest":"372e54f0b803637a6676a619cff2ac42b3021e5b56893645ccd81eca9f6cb9ff"},{"nativeDigest":"372e54f0b803637a6676a619cff2ac42b3021e5b56893645ccd81eca9f6cb9ff","portableDigest":"372e54f0b803637a6676a619cff2ac42b3021e5b56893645ccd81eca9f6cb9ff"},{"nativeDigest":"372e54f0b803637a6676a619cff2ac42b3021e5b56893645ccd81eca9f6cb9ff","portableDigest":"372e54f0b803637a6676a619cff2ac42b3021e5b56893645ccd81eca9f6cb9ff"},{"nativeDigest":"372e54f0b803637a6676a619cff2ac42b3021e5b56893645ccd81eca9f6cb9ff","portableDigest":"372e54f0b803637a6676a619cff2ac42b3021e5b56893645ccd81eca9f6cb9ff"},{"nativeDigest":"372e54f0b803637a6676a619cff2ac42b3021e5b56893645ccd81eca9f6cb9ff","portableDigest":"372e54f0b803637a6676a619cff2ac42b3021e5b56893645ccd81eca9f6cb9ff"},{"nativeDigest":"372e54f0b803637a6676a619cff2ac42b3021e5b56893645ccd81eca9f6cb9ff","portableDigest":"372e54f0b803637a6676a619cff2ac42b3021e5b56893645ccd81eca9f6cb9ff"},{"nativeDigest":"372e54f0b803637a6676a619cff2ac42b3021e5b56893645ccd81eca9f6cb9ff","portableDigest":"372e54f0b803637a6676a619cff2ac42b3021e5b56893645ccd81eca9f6cb9ff"},{"nativeDigest":"372e54f0b803637a6676a619cff2ac42b3021e5b56893645ccd81eca9f6cb9ff","portableDigest":"372e54f0b803637a6676a619cff2ac42b3021e5b56893645ccd81eca9f6cb9ff"},{"nativeDigest":"372e54f0b803637a6676a619cff2ac42b3021e5b56893645ccd81eca9f6cb9ff","portableDigest":"372e54f0b803637a6676a619cff2ac42b3021e5b56893645ccd81eca9f6cb9ff"},{"nativeDigest":"372e54f0b803637a6676a619cff2ac42b3021e5b56893645ccd81eca9f6cb9ff","portableDigest":"372e54f0b803637a6676a619cff2ac42b3021e5b56893645ccd81eca9f6cb9ff"},{"nativeDigest":"372e54f0b803637a6676a619cff2ac42b3021e5b56893645ccd81eca9f6cb9ff","portableDigest":"372e54f0b803637a6676a619cff2ac42b3021e5b56893645ccd81eca9f6cb9ff"},{"nativeDigest":"372e54f0b803637a6676a619cff2ac42b3021e5b56893645ccd81eca9f6cb9ff","portableDigest":"372e54f0b803637a6676a619cff2ac42b3021e5b56893645ccd81eca9f6cb9ff"},{"nativeDigest":"372e54f0b803637a6676a619cff2ac42b3021e5b56893645ccd81eca9f6cb9ff","portableDigest":"372e54f0b803637a6676a619cff2ac42b3021e5b56893645ccd81eca9f6cb9ff"},{"nativeDigest":"372e54f0b803637a6676a619cff2ac42b3021e5b56893645ccd81eca9f6cb9ff","portableDigest":"372e54f0b803637a6676a619cff2ac42b3021e5b56893645ccd81eca9f6cb9ff"}],"crossProcessDeterministic":true,"crossProcessRuns":20,"nativeDigest":"372e54f0b803637a6676a619cff2ac42b3021e5b56893645ccd81eca9f6cb9ff","nativePortableExactOrdered":true,"portableDigest":"372e54f0b803637a6676a619cff2ac42b3021e5b56893645ccd81eca9f6cb9ff"},"runner":{"contract":"contextmesh-v04-fixed-fixtures-v4","cpu":"AMD Ryzen 7 7800X3D 8-Core Processor",