{"fixtureDigest":"49ab64ba1eaf35b66c5de6ba153a8cd7bbd5ec01635cd84748438018e6af0df1","fixtures":{"large":"c1a300fb7faaaf7e5fb987bdad9b7b933b477969bb29c1cd2724621b0616e25c","medium":"4426d67fea709ed65ffbfc72b5d3094a1c18fc35f00be8007d19eca3eea90940","parity":"f736f731ce21f859e888ad1bad0fe907362738ea4dd1a9597cecc0285cbd7124","small":"f736f731ce21f859e888ad1bad0fe907362738ea4dd1a9597cecc0285cbd7124","typescriptDecision":"b37eb5ae3717370da4a87dec92cbe95d390d22d968f96174791a8bbc3c8fa255","watcher":"f736f731ce21f859e888ad1bad0fe907362738ea4dd1a9597cecc0285cbd7124"},"git":{"baseline":"e37977199e231fc95b581e6254003941b8f447b2","commit":"a79dd8f7ae6828cb9b9ac33f2f49a211249e343b"},"measurements":{"coldFull":{"large":{"peakKernelRssBytes":17469440,"peakParentRssBytes":524812288,"timing":{"maxMs":637.5452999999998,"minMs":555.0700999999999,"p50Ms":596.5666999999994,"p95Ms":637.5452999999998,"samples":5}},"medium":{"peakKernelRssBytes":17666048,"peakParentRssBytes":500322304,"timing":{"maxMs":408.1699000000008,"minMs":378.9965999999995,"p50Ms":391.4254000000001,"p95Ms":408.1699000000008,"samples":5}},"small":{"peakKernelRssBytes":16531456,"peakParentRssBytes":466718720,"timing":{"maxMs":851.0799999999999,"minMs":329.6644000000001,"p50Ms":356.78549999999996,"p95Ms":851.0799999999999,"samples":5}}},"rss":{"estimatedConcurrentPeakBytes":542478336,"peakKernelRssBytes":17666048,"peakParentRssBytes":524812288,"scope":"parent RSS sampled after commit plus sidecar RSS sampled while canonical facts remain resident"},"watcherEventToGeneration":{"maxMs":269.41100000000006,"minMs":221.90750000000116,"p50Ms":239.69640000000072,"p95Ms":266.7926000000007,"samples":20},"workloads":{"large":{"dbCommit":{"maxMs":82.21129999999903,"minMs":56.30609999999797,"p50Ms":59.47100000000137,"p95Ms":82.21129999999903,"samples":10},"filesReparsed":[1,1,1,1,1,1,1,1,1,1],"peakKernelRssBytes":16101376,"providerInvocations":{"typescriptPrecision":[0,0,0,0,0,0,0,0,0,0],"typescriptSyntax":[0,0,0,0,0,0,0,0,0,0]},"singleFileIncremental":{"maxMs":479.3967999999986,"minMs":416.45750000000044,"p50Ms":456.33729999999923,"p95Ms":479.3967999999986,"samples":10},"warm":{"explore":{"maxMs":6.577100000002247,"minMs":5.547199999997247,"p50Ms":6.00340000000142,"p95Ms":6.476800000000367,"samples":20},"search":{"maxMs":5.542399999998452,"minMs":3.3583999999973457,"p50Ms":3.7995000000009895,"p95Ms":4.583600000001752,"samples":20},"trace":{"maxMs":6.3245999999999185,"minMs":3.372299999999086,"p50Ms":3.9076999999997497,"p95Ms":4.582900000001246,"samples":20}}},"medium":{"dbCommit":{"maxMs":33.21559999999954,"minMs":15.4445999999989,"p50Ms":16.978300000000672,"p95Ms":33.21559999999954,"samples":10},"filesReparsed":[1,1,1,1,1,1,1,1,1,1],"peakKernelRssBytes":16068608,"providerInvocations":{"typescriptPrecision":[0,0,0,0,0,0,0,0,0,0],"typescriptSyntax":[0,0,0,0,0,0,0,0,0,0]},"singleFileIncremental":{"maxMs":292.90560000000005,"minMs":248.40880000000107,"p50Ms":269.52800000000025,"p95Ms":292.90560000000005,"samples":10},"warm":{"explore":{"maxMs":5.022699999999531,"minMs":4.020699999999124,"p50Ms":4.45640000000094,"p95Ms":4.900599999999031,"samples":20},"search":{"maxMs":5.322599999999511,"minMs":2.078400000000329,"p50Ms":2.2647000000015396,"p95Ms":2.879800000000614,"samples":20},"trace":{"maxMs":3.04320000000007,"minMs":2.168100000000777,"p50Ms":2.3575000000000728,"p95Ms":2.8881000000001222,"samples":20}}},"small":{"dbCommit":{"maxMs":20.201900000000023,"minMs":3.45470000000023,"p50Ms":4.001500000000306,"p95Ms":20.201900000000023,"samples":10},"filesReparsed":[1,1,1,1,1,1,1,1,1,1],"peakKernelRssBytes":16146432,"providerInvocations":{"typescriptPrecision":[0,0,0,0,0,0,0,0,0,0],"typescriptSyntax":[0,0,0,0,0,0,0,0,0,0]},"singleFileIncremental":{"maxMs":213.0721999999987,"minMs":193.52870000000075,"p50Ms":196.91940000000068,"p95Ms":213.0721999999987,"samples":10},"warm":{"explore":{"maxMs":5.555099999999584,"minMs":3.599899999999252,"p50Ms":3.9695000000010623,"p95Ms":5.520800000000236,"samples":20},"search":{"maxMs":2.0560999999997875,"minMs":1.5052000000014232,"p50Ms":1.6880000000001019,"p95Ms":2.0077999999994063,"samples":20},"trace":{"maxMs":5.8840000000000146,"minMs":1.5229999999992287,"p50Ms":1.7388000000009924,"p95Ms":2.2523000000001048,"samples":20}}}}},"parity":{"crossProcess":[{"nativeDigest":"ac26abe98378a38342cdad28f2bbb672a73ebb74af626fecdb3086ad8ccb0a7e","portableDigest":"ac26abe98378a38342cdad28f2bbb672a73ebb74af626fecdb3086ad8ccb0a7e"},{"nativeDigest":"ac26abe98378a38342cdad28f2bbb672a73ebb74af626fecdb3086ad8ccb0a7e","portableDigest":"ac26abe98378a38342cdad28f2bbb672a73ebb74af626fecdb3086ad8ccb0a7e"},{"nativeDigest":"ac26abe98378a38342cdad28f2bbb672a73ebb74af626fecdb3086ad8ccb0a7e","portableDigest":"ac26abe98378a38342cdad28f2bbb672a73ebb74af626fecdb3086ad8ccb0a7e"},{"nativeDigest":"ac26abe98378a38342cdad28f2bbb672a73ebb74af626fecdb3086ad8ccb0a7e","portableDigest":"ac26abe98378a38342cdad28f2bbb672a73ebb74af626fecdb3086ad8ccb0a7e"},{"nativeDigest":"ac26abe98378a38342cdad28f2bbb672a73ebb74af626fecdb3086ad8ccb0a7e","portableDigest":"ac26abe98378a38342cdad28f2bbb672a73ebb74af626fecdb3086ad8ccb0a7e"},{"nativeDigest":"ac26abe98378a38342cdad28f2bbb672a73ebb74af626fecdb3086ad8ccb0a7e","portableDigest":"ac26abe98378a38342cdad28f2bbb672a73ebb74af626fecdb3086ad8ccb0a7e"},{"nativeDigest":"ac26abe98378a38342cdad28f2bbb672a73ebb74af626fecdb3086ad8ccb0a7e","portableDigest":"ac26abe98378a38342cdad28f2bbb672a73ebb74af626fecdb3086ad8ccb0a7e"},{"nativeDigest":"ac26abe98378a38342cdad28f2bbb672a73ebb74af626fecdb3086ad8ccb0a7e","portableDigest":"ac26abe98378a38342cdad28f2bbb672a73ebb74af626fecdb3086ad8ccb0a7e"},{"nativeDigest":"ac26abe98378a38342cdad28f2bbb672a73ebb74af626fecdb3086ad8ccb0a7e","portableDigest":"ac26abe98378a38342cdad28f2bbb672a73ebb74af626fecdb3086ad8ccb0a7e"},{"nativeDigest":"ac26abe98378a38342cdad28f2bbb672a73ebb74af626fecdb3086ad8ccb0a7e","portableDigest":"ac26abe98378a38342cdad28f2bbb672a73ebb74af626fecdb3086ad8ccb0a7e"},{"nativeDigest":"ac26abe98378a38342cdad28f2bbb672a73ebb74af626fecdb3086ad8ccb0a7e","portableDigest":"ac26abe98378a38342cdad28f2bbb672a73ebb74af626fecdb3086ad8ccb0a7e"},{"nativeDigest":"ac26abe98378a38342cdad28f2bbb672a73ebb74af626fecdb3086ad8ccb0a7e","portableDigest":"ac26abe98378a38342cdad28f2bbb672a73ebb74af626fecdb3086ad8ccb0a7e"},{"nativeDigest":"ac26abe98378a38342cdad28f2bbb672a73ebb74af626fecdb3086ad8ccb0a7e","portableDigest":"ac26abe98378a38342cdad28f2bbb672a73ebb74af626fecdb3086ad8ccb0a7e"},{"nativeDigest":"ac26abe98378a38342cdad28f2bbb672a73ebb74af626fecdb3086ad8ccb0a7e","portableDigest":"ac26abe98378a38342cdad28f2bbb672a73ebb74af626fecdb3086ad8ccb0a7e"},{"nativeDigest":"ac26abe98378a38342cdad28f2bbb672a73ebb74af626fecdb3086ad8ccb0a7e","portableDigest":"ac26abe98378a38342cdad28f2bbb672a73ebb74af626fecdb3086ad8ccb0a7e"},{"nativeDigest":"ac26abe98378a38342cdad28f2bbb672a73ebb74af626fecdb3086ad8ccb0a7e","portableDigest":"ac26abe98378a38342cdad28f2bbb672a73ebb74af626fecdb3086ad8ccb0a7e"},{"nativeDigest":"ac26abe98378a38342cdad28f2bbb672a73ebb74af626fecdb3086ad8ccb0a7e","portableDigest":"ac26abe98378a38342cdad28f2bbb672a73ebb74af626fecdb3086ad8ccb0a7e"},{"nativeDigest":"ac26abe98378a38342cdad28f2bbb672a73ebb74af626fecdb3086ad8ccb0a7e","portableDigest":"ac26abe98378a38342cdad28f2bbb672a73ebb74af626fecdb3086ad8ccb0a7e"},{"nativeDigest":"ac26abe98378a38342cdad28f2bbb672a73ebb74af626fecdb3086ad8ccb0a7e","portableDigest":"ac26abe98378a38342cdad28f2bbb672a73ebb74af626fecdb3086ad8ccb0a7e"},{"nativeDigest":"ac26abe98378a38342cdad28f2bbb672a73ebb74af626fecdb3086ad8ccb0a7e","portableDigest":"ac26abe98378a38342cdad28f2bbb672a73ebb74af626fecdb3086ad8ccb0a7e"}],"crossProcessDeterministic":true,"crossProcessRuns":20,"nativeDigest":"ac26abe98378a38342cdad28f2bbb672a73ebb74af626fecdb3086ad8ccb0a7e","nativePortableExactOrdered":true,"portableDigest":"ac26abe98378a38342cdad28f2bbb672a73ebb74af626fecdb3086ad8ccb0a7e"},"runner":{"contract":"contextmesh-v04-fixed-fixtures-v4",