{"fixtureDigest":"49ab64ba1eaf35b66c5de6ba153a8cd7bbd5ec01635cd84748438018e6af0df1","fixtures":{"large":"c1a300fb7faaaf7e5fb987bdad9b7b933b477969bb29c1cd2724621b0616e25c","medium":"4426d67fea709ed65ffbfc72b5d3094a1c18fc35f00be8007d19eca3eea90940","parity":"f736f731ce21f859e888ad1bad0fe907362738ea4dd1a9597cecc0285cbd7124","small":"f736f731ce21f859e888ad1bad0fe907362738ea4dd1a9597cecc0285cbd7124","typescriptDecision":"b37eb5ae3717370da4a87dec92cbe95d390d22d968f96174791a8bbc3c8fa255","watcher":"f736f731ce21f859e888ad1bad0fe907362738ea4dd1a9597cecc0285cbd7124"},"git":{"baseline":"e37977199e231fc95b581e6254003941b8f447b2","commit":"9d750fc559419c29e6bc2ab9360cb444ebb1c7df"},"measurements":{"coldFull":{"large":{"peakKernelRssBytes":18116608,"peakParentRssBytes":558854144,"timing":{"maxMs":589.0637000000006,"minMs":546.5510999999988,"p50Ms":576.0405000000001,"p95Ms":589.0637000000006,"samples":5}},"medium":{"peakKernelRssBytes":16453632,"peakParentRssBytes":535093248,"timing":{"maxMs":420.0091000000002,"minMs":393.2542000000003,"p50Ms":403.08659999999963,"p95Ms":420.0091000000002,"samples":5}},"small":{"peakKernelRssBytes":16310272,"peakParentRssBytes":487915520,"timing":{"maxMs":534.3278,"minMs":339.1131999999998,"p50Ms":348.45069999999987,"p95Ms":534.3278,"samples":5}}},"rss":{"estimatedConcurrentPeakBytes":576970752,"peakKernelRssBytes":18116608,"peakParentRssBytes":558854144,"scope":"parent RSS sampled after commit plus sidecar RSS sampled while canonical facts remain resident"},"watcherEventToGeneration":{"maxMs":245.46600000000035,"minMs":225.01929999999993,"p50Ms":234.55889999999636,"p95Ms":244.02049999999872,"samples":20},"workloads":{"large":{"dbCommit":{"maxMs":69.14020000000164,"minMs":50.98410000000149,"p50Ms":54.1791000000012,"p95Ms":69.14020000000164,"samples":10},"filesReparsed":[1,1,1,1,1,1,1,1,1,1],"peakKernelRssBytes":16101376,"providerInvocations":{"typescriptPrecision":[0,0,0,0,0,0,0,0,0,0],"typescriptSyntax":[0,0,0,0,0,0,0,0,0,0]},"singleFileIncremental":{"maxMs":480.01720000000205,"minMs":387.76530000000275,"p50Ms":396.8947999999982,"p95Ms":480.01720000000205,"samples":10},"warm":{"explore":{"maxMs":6.188200000000506,"minMs":5.135299999998097,"p50Ms":5.341099999997823,"p95Ms":5.903999999998632,"samples":20},"search":{"maxMs":4.521999999999025,"minMs":3.2776000000012573,"p50Ms":3.4693000000006577,"p95Ms":3.90940000000046,"samples":20},"trace":{"maxMs":4.02219999999943,"minMs":3.130300000000716,"p50Ms":3.5217999999986205,"p95Ms":3.9619000000002416,"samples":20}}},"medium":{"dbCommit":{"maxMs":30.683399999999892,"minMs":15.003199999999197,"p50Ms":15.588600000000952,"p95Ms":30.683399999999892,"samples":10},"filesReparsed":[1,1,1,1,1,1,1,1,1,1],"peakKernelRssBytes":15507456,"providerInvocations":{"typescriptPrecision":[0,0,0,0,0,0,0,0,0,0],"typescriptSyntax":[0,0,0,0,0,0,0,0,0,0]},"singleFileIncremental":{"maxMs":323.66939999999886,"minMs":236.28979999999865,"p50Ms":252.4339999999993,"p95Ms":323.66939999999886,"samples":10},"warm":{"explore":{"maxMs":4.658199999999852,"minMs":3.7344000000011874,"p50Ms":4.134700000000521,"p95Ms":4.600800000000163,"samples":20},"search":{"maxMs":5.379500000000917,"minMs":1.9535999999989144,"p50Ms":2.10950000000048,"p95Ms":2.5119999999988067,"samples":20},"trace":{"maxMs":2.467499999998836,"minMs":2.0229999999992287,"p50Ms":2.1231000000007043,"p95Ms":2.4403000000002066,"samples":20}}},"small":{"dbCommit":{"maxMs":4.132999999999811,"minMs":3.4825000000000728,"p50Ms":3.783400000000256,"p95Ms":4.132999999999811,"samples":10},"filesReparsed":[1,1,1,1,1,1,1,1,1,1],"peakKernelRssBytes":15540224,"providerInvocations":{"typescriptPrecision":[0,0,0,0,0,0,0,0,0,0],"typescriptSyntax":[0,0,0,0,0,0,0,0,0,0]},"singleFileIncremental":{"maxMs":212.67749999999978,"minMs":194.34070000000065,"p50Ms":196.6234000000004,"p95Ms":212.67749999999978,"samples":10},"warm":{"explore":{"maxMs":9.371500000001106,"minMs":3.1873999999988882,"p50Ms":3.6138000000009924,"p95Ms":5.569900000000416,"samples":20},"search":{"maxMs":1.8616999999994732,"minMs":1.3896999999997206,"p50Ms":1.4855999999999767,"p95Ms":1.8603000000002794,"samples":20},"trace":{"maxMs":2.1062999999994645,"minMs":1.41990000000078,"p50Ms":1.618800000000192,"p95Ms":1.891300000001138,"samples":20}}}}},"parity":{"crossProcess":[{"nativeDigest":"414d6f35afd02b2ef840d194d09b208ef23cb4478610f34e66d5ee312fa74962","portableDigest":"414d6f35afd02b2ef840d194d09b208ef23cb4478610f34e66d5ee312fa74962"},{"nativeDigest":"414d6f35afd02b2ef840d194d09b208ef23cb4478610f34e66d5ee312fa74962","portableDigest":"414d6f35afd02b2ef840d194d09b208ef23cb4478610f34e66d5ee312fa74962"},{"nativeDigest":"414d6f35afd02b2ef840d194d09b208ef23cb4478610f34e66d5ee312fa74962","portableDigest":"414d6f35afd02b2ef840d194d09b208ef23cb4478610f34e66d5ee312fa74962"},{"nativeDigest":"414d6f35afd02b2ef840d194d09b208ef23cb4478610f34e66d5ee312fa74962","portableDigest":"414d6f35afd02b2ef840d194d09b208ef23cb4478610f34e66d5ee312fa74962"},{"nativeDigest":"414d6f35afd02b2ef840d194d09b208ef23cb4478610f34e66d5ee312fa74962","portableDigest":"414d6f35afd02b2ef840d194d09b208ef23cb4478610f34e66d5ee312fa74962"},{"nativeDigest":"414d6f35afd02b2ef840d194d09b208ef23cb4478610f34e66d5ee312fa74962","portableDigest":"414d6f35afd02b2ef840d194d09b208ef23cb4478610f34e66d5ee312fa74962"},{"nativeDigest":"414d6f35afd02b2ef840d194d09b208ef23cb4478610f34e66d5ee312fa74962","portableDigest":"414d6f35afd02b2ef840d194d09b208ef23cb4478610f34e66d5ee312fa74962"},{"nativeDigest":"414d6f35afd02b2ef840d194d09b208ef23cb4478610f34e66d5ee312fa74962","portableDigest":"414d6f35afd02b2ef840d194d09b208ef23cb4478610f34e66d5ee312fa74962"},{"nativeDigest":"414d6f35afd02b2ef840d194d09b208ef23cb4478610f34e66d5ee312fa74962","portableDigest":"414d6f35afd02b2ef840d194d09b208ef23cb4478610f34e66d5ee312fa74962"},{"nativeDigest":"414d6f35afd02b2ef840d194d09b208ef23cb4478610f34e66d5ee312fa74962","portableDigest":"414d6f35afd02b2ef840d194d09b208ef23cb4478610f34e66d5ee312fa74962"},{"nativeDigest":"414d6f35afd02b2ef840d194d09b208ef23cb4478610f34e66d5ee312fa74962","portableDigest":"414d6f35afd02b2ef840d194d09b208ef23cb4478610f34e66d5ee312fa74962"},{"nativeDigest":"414d6f35afd02b2ef840d194d09b208ef23cb4478610f34e66d5ee312fa74962","portableDigest":"414d6f35afd02b2ef840d194d09b208ef23cb4478610f34e66d5ee312fa74962"},{"nativeDigest":"414d6f35afd02b2ef840d194d09b208ef23cb4478610f34e66d5ee312fa74962","portableDigest":"414d6f35afd02b2ef840d194d09b208ef23cb4478610f34e66d5ee312fa74962"},{"nativeDigest":"414d6f35afd02b2ef840d194d09b208ef23cb4478610f34e66d5ee312fa74962","portableDigest":"414d6f35afd02b2ef840d194d09b208ef23cb4478610f34e66d5ee312fa74962"},{"nativeDigest":"414d6f35afd02b2ef840d194d09b208ef23cb4478610f34e66d5ee312fa74962","portableDigest":"414d6f35afd02b2ef840d194d09b208ef23cb4478610f34e66d5ee312fa74962"},{"nativeDigest":"414d6f35afd02b2ef840d194d09b208ef23cb4478610f34e66d5ee312fa74962","portableDigest":"414d6f35afd02b2ef840d194d09b208ef23cb4478610f34e66d5ee312fa74962"},{"nativeDigest":"414d6f35afd02b2ef840d194d09b208ef23cb4478610f34e66d5ee312fa74962","portableDigest":"414d6f35afd02b2ef840d194d09b208ef23cb4478610f34e66d5ee312fa74962"},{"nativeDigest":"414d6f35afd02b2ef840d194d09b208ef23cb4478610f34e66d5ee312fa74962","portableDigest":"414d6f35afd02b2ef840d194d09b208ef23cb4478610f34e66d5ee312fa74962"},{"nativeDigest":"414d6f35afd02b2ef840d194d09b208ef23cb4478610f34e66d5ee312fa74962","portableDigest":"414d6f35afd02b2ef840d194d09b208ef23cb4478610f34e66d5ee312fa74962"},{"nativeDigest":"414d6f35afd02b2ef840d194d09b208ef23cb4478610f34e66d5ee312fa74962","portableDigest":"414d6f35afd02b2ef840d194d09b208ef23cb4478610f34e66d5ee312fa74962"}],"crossProcessDeterministic":true,"crossProcessRuns":20,"nativeDigest":"414d6f35afd02b2ef840d194d09b208ef23cb4478610f34e66d5ee312fa74962","nativePortableExactOrdered":true,"portableDigest":"414d6f35afd02b2ef840d194d09b208ef23cb4478610f34e66d5ee312fa74962"},"runner":{"contract":"contextmesh-v04-fixed-fixtures-v4","cpu":"AMD Ryzen 7 7800X3D 8-Core Processor",