{"fixtureDigest":"49ab64ba1eaf35b66c5de6ba153a8cd7bbd5ec01635cd84748438018e6af0df1","fixtures":{"large":"c1a300fb7faaaf7e5fb987bdad9b7b933b477969bb29c1cd2724621b0616e25c","medium":"4426d67fea709ed65ffbfc72b5d3094a1c18fc35f00be8007d19eca3eea90940","parity":"f736f731ce21f859e888ad1bad0fe907362738ea4dd1a9597cecc0285cbd7124","small":"f736f731ce21f859e888ad1bad0fe907362738ea4dd1a9597cecc0285cbd7124","typescriptDecision":"b37eb5ae3717370da4a87dec92cbe95d390d22d968f96174791a8bbc3c8fa255","watcher":"f736f731ce21f859e888ad1bad0fe907362738ea4dd1a9597cecc0285cbd7124"},"git":{"baseline":"e37977199e231fc95b581e6254003941b8f447b2","commit":"ec1782ce4e0068fc851a155ed77132cea01018e6"},"measurements":{"coldFull":{"large":{"peakKernelRssBytes":17956864,"peakParentRssBytes":584650752,"timing":{"maxMs":603.9631000000008,"minMs":561.0966000000008,"p50Ms":567.9953999999998,"p95Ms":603.9631000000008,"samples":5}},"medium":{"peakKernelRssBytes":17514496,"peakParentRssBytes":555925504,"timing":{"maxMs":474.6705000000002,"minMs":420.3726999999999,"p50Ms":463.3284999999996,"p95Ms":474.6705000000002,"samples":5}},"small":{"peakKernelRssBytes":17018880,"peakParentRssBytes":441839616,"timing":{"maxMs":457.07090000000005,"minMs":328.41809999999987,"p50Ms":336.1383999999998,"p95Ms":457.07090000000005,"samples":5}}},"rss":{"estimatedConcurrentPeakBytes":602607616,"peakKernelRssBytes":17956864,"peakParentRssBytes":584650752,"scope":"parent RSS sampled after commit plus sidecar RSS sampled while canonical facts remain resident"},"watcherEventToGeneration":{"maxMs":259.58340000000317,"minMs":223.17459999999846,"p50Ms":232.73790000000008,"p95Ms":252.73760000000038,"samples":20},"workloads":{"large":{"dbCommit":{"maxMs":84.5705999999991,"minMs":41.47129999999743,"p50Ms":52.685999999997875,"p95Ms":84.5705999999991,"samples":10},"filesReparsed":[1,1,1,1,1,1,1,1,1,1],"peakKernelRssBytes":16601088,"providerInvocations":{"typescriptPrecision":[0,0,0,0,0,0,0,0,0,0],"typescriptSyntax":[0,0,0,0,0,0,0,0,0,0]},"singleFileIncremental":{"maxMs":391.62460000000283,"minMs":345.3796999999977,"p50Ms":353.9923999999992,"p95Ms":391.62460000000283,"samples":10},"warm":{"explore":{"maxMs":16.702299999999013,"minMs":8.305899999999383,"p50Ms":9.110599999999977,"p95Ms":12.626800000001822,"samples":20},"search":{"maxMs":9.160400000000664,"minMs":5.411900000000969,"p50Ms":6.064800000000105,"p95Ms":9.102799999998751,"samples":20},"trace":{"maxMs":9.15769999999975,"minMs":5.3637000000017,"p50Ms":5.772499999999127,"p95Ms":9.136999999998807,"samples":20}}},"medium":{"dbCommit":{"maxMs":27.5033999999996,"minMs":15.323500000000422,"p50Ms":19.72949999999946,"p95Ms":27.5033999999996,"samples":10},"filesReparsed":[1,1,1,1,1,1,1,1,1,1],"peakKernelRssBytes":16592896,"providerInvocations":{"typescriptPrecision":[0,0,0,0,0,0,0,0,0,0],"typescriptSyntax":[0,0,0,0,0,0,0,0,0,0]},"singleFileIncremental":{"maxMs":270.8594000000012,"minMs":234.22379999999976,"p50Ms":241.00740000000042,"p95Ms":270.8594000000012,"samples":10},"warm":{"explore":{"maxMs":12.069999999999709,"minMs":6.133900000000722,"p50Ms":7.214300000001458,"p95Ms":11.94760000000133,"samples":20},"search":{"maxMs":5.4483000000000175,"minMs":3.3571999999985565,"p50Ms":3.9544999999998254,"p95Ms":4.977199999999357,"samples":20},"trace":{"maxMs":5.013899999999921,"minMs":3.198500000000422,"p50Ms":3.8109999999996944,"p95Ms":4.98240000000078,"samples":20}}},"small":{"dbCommit":{"maxMs":13.360799999998562,"minMs":3.053600000001097,"p50Ms":4.389600000000428,"p95Ms":13.360799999998562,"samples":10},"filesReparsed":[1,1,1,1,1,1,1,1,1,1],"peakKernelRssBytes":16592896,"providerInvocations":{"typescriptPrecision":[0,0,0,0,0,0,0,0,0,0],"typescriptSyntax":[0,0,0,0,0,0,0,0,0,0]},"singleFileIncremental":{"maxMs":229.53469999999834,"minMs":187.1252999999997,"p50Ms":197.17430000000058,"p95Ms":229.53469999999834,"samples":10},"warm":{"explore":{"maxMs":8.360400000001391,"minMs":5.485199999999168,"p50Ms":6.283999999999651,"p95Ms":7.0112000000008265,"samples":20},"search":{"maxMs":3.0992999999998574,"minMs":2.1528999999991356,"p50Ms":2.6635000000005675,"p95Ms":3.082800000000134,"samples":20},"trace":{"maxMs":3.5495999999984633,"minMs":2.3400000000001455,"p50Ms":2.731499999999869,"p95Ms":3.300100000000384,"samples":20}}}}},"parity":{"crossProcess":[{"nativeDigest":"f0629756e4fe306644d2798a4c2622efe66736b899f8ce7c054a42cb5c43569b","portableDigest":"f0629756e4fe306644d2798a4c2622efe66736b899f8ce7c054a42cb5c43569b"},{"nativeDigest":"f0629756e4fe306644d2798a4c2622efe66736b899f8ce7c054a42cb5c43569b","portableDigest":"f0629756e4fe306644d2798a4c2622efe66736b899f8ce7c054a42cb5c43569b"},{"nativeDigest":"f0629756e4fe306644d2798a4c2622efe66736b899f8ce7c054a42cb5c43569b","portableDigest":"f0629756e4fe306644d2798a4c2622efe66736b899f8ce7c054a42cb5c43569b"},{"nativeDigest":"f0629756e4fe306644d2798a4c2622efe66736b899f8ce7c054a42cb5c43569b","portableDigest":"f0629756e4fe306644d2798a4c2622efe66736b899f8ce7c054a42cb5c43569b"},{"nativeDigest":"f0629756e4fe306644d2798a4c2622efe66736b899f8ce7c054a42cb5c43569b","portableDigest":"f0629756e4fe306644d2798a4c2622efe66736b899f8ce7c054a42cb5c43569b"},{"nativeDigest":"f0629756e4fe306644d2798a4c2622efe66736b899f8ce7c054a42cb5c43569b","portableDigest":"f0629756e4fe306644d2798a4c2622efe66736b899f8ce7c054a42cb5c43569b"},{"nativeDigest":"f0629756e4fe306644d2798a4c2622efe66736b899f8ce7c054a42cb5c43569b","portableDigest":"f0629756e4fe306644d2798a4c2622efe66736b899f8ce7c054a42cb5c43569b"},{"nativeDigest":"f0629756e4fe306644d2798a4c2622efe66736b899f8ce7c054a42cb5c43569b","portableDigest":"f0629756e4fe306644d2798a4c2622efe66736b899f8ce7c054a42cb5c43569b"},{"nativeDigest":"f0629756e4fe306644d2798a4c2622efe66736b899f8ce7c054a42cb5c43569b","portableDigest":"f0629756e4fe306644d2798a4c2622efe66736b899f8ce7c054a42cb5c43569b"},{"nativeDigest":"f0629756e4fe306644d2798a4c2622efe66736b899f8ce7c054a42cb5c43569b","portableDigest":"f0629756e4fe306644d2798a4c2622efe66736b899f8ce7c054a42cb5c43569b"},{"nativeDigest":"f0629756e4fe306644d2798a4c2622efe66736b899f8ce7c054a42cb5c43569b","portableDigest":"f0629756e4fe306644d2798a4c2622efe66736b899f8ce7c054a42cb5c43569b"},{"nativeDigest":"f0629756e4fe306644d2798a4c2622efe66736b899f8ce7c054a42cb5c43569b","portableDigest":"f0629756e4fe306644d2798a4c2622efe66736b899f8ce7c054a42cb5c43569b"},{"nativeDigest":"f0629756e4fe306644d2798a4c2622efe66736b899f8ce7c054a42cb5c43569b","portableDigest":"f0629756e4fe306644d2798a4c2622efe66736b899f8ce7c054a42cb5c43569b"},{"nativeDigest":"f0629756e4fe306644d2798a4c2622efe66736b899f8ce7c054a42cb5c43569b","portableDigest":"f0629756e4fe306644d2798a4c2622efe66736b899f8ce7c054a42cb5c43569b"},{"nativeDigest":"f0629756e4fe306644d2798a4c2622efe66736b899f8ce7c054a42cb5c43569b","portableDigest":"f0629756e4fe306644d2798a4c2622efe66736b899f8ce7c054a42cb5c43569b"},{"nativeDigest":"f0629756e4fe306644d2798a4c2622efe66736b899f8ce7c054a42cb5c43569b","portableDigest":"f0629756e4fe306644d2798a4c2622efe66736b899f8ce7c054a42cb5c43569b"},{"nativeDigest":"f0629756e4fe306644d2798a4c2622efe66736b899f8ce7c054a42cb5c43569b","portableDigest":"f0629756e4fe306644d2798a4c2622efe66736b899f8ce7c054a42cb5c43569b"},{"nativeDigest":"f0629756e4fe306644d2798a4c2622efe66736b899f8ce7c054a42cb5c43569b","portableDigest":"f0629756e4fe306644d2798a4c2622efe66736b899f8ce7c054a42cb5c43569b"},{"nativeDigest":"f0629756e4fe306644d2798a4c2622efe66736b899f8ce7c054a42cb5c43569b","portableDigest":"f0629756e4fe306644d2798a4c2622efe66736b899f8ce7c054a42cb5c43569b"},{"nativeDigest":"f0629756e4fe306644d2798a4c2622efe66736b899f8ce7c054a42cb5c43569b","portableDigest":"f0629756e4fe306644d2798a4c2622efe66736b899f8ce7c054a42cb5c43569b"}],"crossProcessDeterministic":true,"crossProcessRuns":20,"nativeDigest":"f0629756e4fe306644d2798a4c2622efe66736b899f8ce7c054a42cb5c43569b","nativePortableExactOrdered":true,"portableDigest":"f0629756e4fe306644d2798a4c2622efe66736b899f8ce7c054a42cb5c43569b"},"runner":{"contract":"contextmesh-v04-fixed-fixtures-v2",