{"fixtureDigest":"49ab64ba1eaf35b66c5de6ba153a8cd7bbd5ec01635cd84748438018e6af0df1","fixtures":{"large":"c1a300fb7faaaf7e5fb987bdad9b7b933b477969bb29c1cd2724621b0616e25c","medium":"4426d67fea709ed65ffbfc72b5d3094a1c18fc35f00be8007d19eca3eea90940","parity":"f736f731ce21f859e888ad1bad0fe907362738ea4dd1a9597cecc0285cbd7124","small":"f736f731ce21f859e888ad1bad0fe907362738ea4dd1a9597cecc0285cbd7124","typescriptDecision":"b37eb5ae3717370da4a87dec92cbe95d390d22d968f96174791a8bbc3c8fa255","watcher":"f736f731ce21f859e888ad1bad0fe907362738ea4dd1a9597cecc0285cbd7124"},"git":{"baseline":"e37977199e231fc95b581e6254003941b8f447b2","commit":"39300066d12bc9dcf9f7ee61aa162f4ff5c79f40"},"measurements":{"coldFull":{"large":{"peakKernelRssBytes":16932864,"peakParentRssBytes":558559232,"timing":{"maxMs":554.9555,"minMs":522.3118999999997,"p50Ms":551.2953000000007,"p95Ms":554.9555,"samples":5}},"medium":{"peakKernelRssBytes":16437248,"peakParentRssBytes":534429696,"timing":{"maxMs":414.6732999999999,"minMs":393.3642,"p50Ms":400.83639999999923,"p95Ms":414.6732999999999,"samples":5}},"small":{"peakKernelRssBytes":15921152,"peakParentRssBytes":434470912,"timing":{"maxMs":488.0097999999999,"minMs":317.88009999999986,"p50Ms":348.49289999999996,"p95Ms":488.0097999999999,"samples":5}}},"rss":{"estimatedConcurrentPeakBytes":575492096,"peakKernelRssBytes":16932864,"peakParentRssBytes":558559232,"scope":"parent RSS sampled after commit plus sidecar RSS sampled while canonical facts remain resident"},"watcherEventToGeneration":{"maxMs":281.7930999999953,"minMs":204.92900000000373,"p50Ms":215.16489999999612,"p95Ms":262.22520000000077,"samples":20},"workloads":{"large":{"dbCommit":{"maxMs":74.27960000000166,"minMs":51.290899999999965,"p50Ms":53.94350000000122,"p95Ms":74.27960000000166,"samples":10},"filesReparsed":[1,1,1,1,1,1,1,1,1,1],"peakKernelRssBytes":15585280,"providerInvocations":{"typescriptPrecision":[0,0,0,0,0,0,0,0,0,0],"typescriptSyntax":[0,0,0,0,0,0,0,0,0,0]},"singleFileIncremental":{"maxMs":435.03499999999985,"minMs":391.5629000000008,"p50Ms":411.4343999999983,"p95Ms":435.03499999999985,"samples":10},"warm":{"explore":{"maxMs":7.883800000001429,"minMs":4.993000000000393,"p50Ms":5.646199999999226,"p95Ms":7.311999999999898,"samples":20},"search":{"maxMs":5.016999999999825,"minMs":3.0714000000007218,"p50Ms":3.4919000000008964,"p95Ms":5.01589999999851,"samples":20},"trace":{"maxMs":5.553399999998874,"minMs":3.335900000000038,"p50Ms":3.8149000000012165,"p95Ms":4.61029999999846,"samples":20}}},"medium":{"dbCommit":{"maxMs":29.65099999999984,"minMs":14.95129999999881,"p50Ms":15.394899999999325,"p95Ms":29.65099999999984,"samples":10},"filesReparsed":[1,1,1,1,1,1,1,1,1,1],"peakKernelRssBytes":15536128,"providerInvocations":{"typescriptPrecision":[0,0,0,0,0,0,0,0,0,0],"typescriptSyntax":[0,0,0,0,0,0,0,0,0,0]},"singleFileIncremental":{"maxMs":271.3773000000001,"minMs":232.0767999999989,"p50Ms":248.28880000000026,"p95Ms":271.3773000000001,"samples":10},"warm":{"explore":{"maxMs":7.334600000000137,"minMs":3.83849999999984,"p50Ms":4.1665999999986525,"p95Ms":4.850099999999657,"samples":20},"search":{"maxMs":2.626299999999901,"minMs":1.9133999999994558,"p50Ms":2.202499999999418,"p95Ms":2.5983999999989464,"samples":20},"trace":{"maxMs":2.6168999999990774,"minMs":1.9735000000000582,"p50Ms":2.3360000000011496,"p95Ms":2.5943000000006577,"samples":20}}},"small":{"dbCommit":{"maxMs":3.7083000000002357,"minMs":3.2435999999997875,"p50Ms":3.3641999999999825,"p95Ms":3.7083000000002357,"samples":10},"filesReparsed":[1,1,1,1,1,1,1,1,1,1],"peakKernelRssBytes":15523840,"providerInvocations":{"typescriptPrecision":[0,0,0,0,0,0,0,0,0,0],"typescriptSyntax":[0,0,0,0,0,0,0,0,0,0]},"singleFileIncremental":{"maxMs":205.01090000000113,"minMs":182.05719999999928,"p50Ms":187.54019999999946,"p95Ms":205.01090000000113,"samples":10},"warm":{"explore":{"maxMs":9.017499999999927,"minMs":3.166300000000774,"p50Ms":3.760499999998501,"p95Ms":5.296099999999569,"samples":20},"search":{"maxMs":2.0108000000000175,"minMs":1.3783999999996013,"p50Ms":1.6014000000013766,"p95Ms":2.0041000000001077,"samples":20},"trace":{"maxMs":2.495600000000195,"minMs":1.3276999999998225,"p50Ms":1.6585999999988417,"p95Ms":2.1648999999997613,"samples":20}}}}},"parity":{"crossProcess":[{"nativeDigest":"ae60d5ab9700464e4125775b03e49c6f0a7ff4952eacb6750e031146b415ae0d","portableDigest":"ae60d5ab9700464e4125775b03e49c6f0a7ff4952eacb6750e031146b415ae0d"},{"nativeDigest":"ae60d5ab9700464e4125775b03e49c6f0a7ff4952eacb6750e031146b415ae0d","portableDigest":"ae60d5ab9700464e4125775b03e49c6f0a7ff4952eacb6750e031146b415ae0d"},{"nativeDigest":"ae60d5ab9700464e4125775b03e49c6f0a7ff4952eacb6750e031146b415ae0d","portableDigest":"ae60d5ab9700464e4125775b03e49c6f0a7ff4952eacb6750e031146b415ae0d"},{"nativeDigest":"ae60d5ab9700464e4125775b03e49c6f0a7ff4952eacb6750e031146b415ae0d","portableDigest":"ae60d5ab9700464e4125775b03e49c6f0a7ff4952eacb6750e031146b415ae0d"},{"nativeDigest":"ae60d5ab9700464e4125775b03e49c6f0a7ff4952eacb6750e031146b415ae0d","portableDigest":"ae60d5ab9700464e4125775b03e49c6f0a7ff4952eacb6750e031146b415ae0d"},{"nativeDigest":"ae60d5ab9700464e4125775b03e49c6f0a7ff4952eacb6750e031146b415ae0d","portableDigest":"ae60d5ab9700464e4125775b03e49c6f0a7ff4952eacb6750e031146b415ae0d"},{"nativeDigest":"ae60d5ab9700464e4125775b03e49c6f0a7ff4952eacb6750e031146b415ae0d","portableDigest":"ae60d5ab9700464e4125775b03e49c6f0a7ff4952eacb6750e031146b415ae0d"},{"nativeDigest":"ae60d5ab9700464e4125775b03e49c6f0a7ff4952eacb6750e031146b415ae0d","portableDigest":"ae60d5ab9700464e4125775b03e49c6f0a7ff4952eacb6750e031146b415ae0d"},{"nativeDigest":"ae60d5ab9700464e4125775b03e49c6f0a7ff4952eacb6750e031146b415ae0d","portableDigest":"ae60d5ab9700464e4125775b03e49c6f0a7ff4952eacb6750e031146b415ae0d"},{"nativeDigest":"ae60d5ab9700464e4125775b03e49c6f0a7ff4952eacb6750e031146b415ae0d","portableDigest":"ae60d5ab9700464e4125775b03e49c6f0a7ff4952eacb6750e031146b415ae0d"},{"nativeDigest":"ae60d5ab9700464e4125775b03e49c6f0a7ff4952eacb6750e031146b415ae0d","portableDigest":"ae60d5ab9700464e4125775b03e49c6f0a7ff4952eacb6750e031146b415ae0d"},{"nativeDigest":"ae60d5ab9700464e4125775b03e49c6f0a7ff4952eacb6750e031146b415ae0d","portableDigest":"ae60d5ab9700464e4125775b03e49c6f0a7ff4952eacb6750e031146b415ae0d"},{"nativeDigest":"ae60d5ab9700464e4125775b03e49c6f0a7ff4952eacb6750e031146b415ae0d","portableDigest":"ae60d5ab9700464e4125775b03e49c6f0a7ff4952eacb6750e031146b415ae0d"},{"nativeDigest":"ae60d5ab9700464e4125775b03e49c6f0a7ff4952eacb6750e031146b415ae0d","portableDigest":"ae60d5ab9700464e4125775b03e49c6f0a7ff4952eacb6750e031146b415ae0d"},{"nativeDigest":"ae60d5ab9700464e4125775b03e49c6f0a7ff4952eacb6750e031146b415ae0d","portableDigest":"ae60d5ab9700464e4125775b03e49c6f0a7ff4952eacb6750e031146b415ae0d"},{"nativeDigest":"ae60d5ab9700464e4125775b03e49c6f0a7ff4952eacb6750e031146b415ae0d","portableDigest":"ae60d5ab9700464e4125775b03e49c6f0a7ff4952eacb6750e031146b415ae0d"},{"nativeDigest":"ae60d5ab9700464e4125775b03e49c6f0a7ff4952eacb6750e031146b415ae0d","portableDigest":"ae60d5ab9700464e4125775b03e49c6f0a7ff4952eacb6750e031146b415ae0d"},{"nativeDigest":"ae60d5ab9700464e4125775b03e49c6f0a7ff4952eacb6750e031146b415ae0d","portableDigest":"ae60d5ab9700464e4125775b03e49c6f0a7ff4952eacb6750e031146b415ae0d"},{"nativeDigest":"ae60d5ab9700464e4125775b03e49c6f0a7ff4952eacb6750e031146b415ae0d","portableDigest":"ae60d5ab9700464e4125775b03e49c6f0a7ff4952eacb6750e031146b415ae0d"},{"nativeDigest":"ae60d5ab9700464e4125775b03e49c6f0a7ff4952eacb6750e031146b415ae0d","portableDigest":"ae60d5ab9700464e4125775b03e49c6f0a7ff4952eacb6750e031146b415ae0d"}],"crossProcessDeterministic":true,"crossProcessRuns":20,"nativeDigest":"ae60d5ab9700464e4125775b03e49c6f0a7ff4952eacb6750e031146b415ae0d","nativePortableExactOrdered":true,"portableDigest":"ae60d5ab9700464e4125775b03e49c6f0a7ff4952eacb6750e031146b415ae0d"},"runner":{"contract":"contextmesh-v04-fixed-fixtures-v4","cpu":"AMD Ryzen 7 7800X3D 8-Core Processor",