{"fixtureDigest":"49ab64ba1eaf35b66c5de6ba153a8cd7bbd5ec01635cd84748438018e6af0df1","fixtures":{"large":"c1a300fb7faaaf7e5fb987bdad9b7b933b477969bb29c1cd2724621b0616e25c","medium":"4426d67fea709ed65ffbfc72b5d3094a1c18fc35f00be8007d19eca3eea90940","parity":"f736f731ce21f859e888ad1bad0fe907362738ea4dd1a9597cecc0285cbd7124","small":"f736f731ce21f859e888ad1bad0fe907362738ea4dd1a9597cecc0285cbd7124","typescriptDecision":"b37eb5ae3717370da4a87dec92cbe95d390d22d968f96174791a8bbc3c8fa255","watcher":"f736f731ce21f859e888ad1bad0fe907362738ea4dd1a9597cecc0285cbd7124"},"git":{"baseline":"e37977199e231fc95b581e6254003941b8f447b2","commit":"2167ddd2bc58caf67dd4a2c6e6861678b2154e25"},"measurements":{"coldFull":{"large":{"peakKernelRssBytes":16838656,"peakParentRssBytes":558993408,"timing":{"maxMs":554.7372999999998,"minMs":515.491,"p50Ms":537.0649000000003,"p95Ms":554.7372999999998,"samples":5}},"medium":{"peakKernelRssBytes":16519168,"peakParentRssBytes":533303296,"timing":{"maxMs":390.4376999999995,"minMs":373.4436999999998,"p50Ms":384.90229999999974,"p95Ms":390.4376999999995,"samples":5}},"small":{"peakKernelRssBytes":15921152,"peakParentRssBytes":485638144,"timing":{"maxMs":479.11569999999995,"minMs":322.1095,"p50Ms":326.64260000000013,"p95Ms":479.11569999999995,"samples":5}}},"rss":{"estimatedConcurrentPeakBytes":575832064,"peakKernelRssBytes":16838656,"peakParentRssBytes":558993408,"scope":"parent RSS sampled after commit plus sidecar RSS sampled while canonical facts remain resident"},"watcherEventToGeneration":{"maxMs":242.51309999999648,"minMs":208.38300000000163,"p50Ms":219.30089999999473,"p95Ms":229.29699999999866,"samples":20},"workloads":{"large":{"dbCommit":{"maxMs":79.87359999999899,"minMs":52.215800000001764,"p50Ms":55.891999999999825,"p95Ms":79.87359999999899,"samples":10},"filesReparsed":[1,1,1,1,1,1,1,1,1,1],"peakKernelRssBytes":15515648,"providerInvocations":{"typescriptPrecision":[0,0,0,0,0,0,0,0,0,0],"typescriptSyntax":[0,0,0,0,0,0,0,0,0,0]},"singleFileIncremental":{"maxMs":421.8110000000015,"minMs":387.6319000000003,"p50Ms":391.21019999999953,"p95Ms":421.8110000000015,"samples":10},"warm":{"explore":{"maxMs":6.530399999999645,"minMs":5.063199999998687,"p50Ms":5.535800000001473,"p95Ms":6.07839999999851,"samples":20},"search":{"maxMs":5.192399999999907,"minMs":3.270699999999124,"p50Ms":3.66150000000016,"p95Ms":4.5482000000010885,"samples":20},"trace":{"maxMs":6.086599999998725,"minMs":3.245099999998274,"p50Ms":3.575199999999313,"p95Ms":4.046200000000681,"samples":20}}},"medium":{"dbCommit":{"maxMs":17.122299999999086,"minMs":14.382399999998597,"p50Ms":15.317699999999604,"p95Ms":17.122299999999086,"samples":10},"filesReparsed":[1,1,1,1,1,1,1,1,1,1],"peakKernelRssBytes":15577088,"providerInvocations":{"typescriptPrecision":[0,0,0,0,0,0,0,0,0,0],"typescriptSyntax":[0,0,0,0,0,0,0,0,0,0]},"singleFileIncremental":{"maxMs":284.16799999999967,"minMs":234.8171999999995,"p50Ms":240.8181999999997,"p95Ms":284.16799999999967,"samples":10},"warm":{"explore":{"maxMs":4.751000000000204,"minMs":3.8197999999993044,"p50Ms":4.069800000001123,"p95Ms":4.59729999999945,"samples":20},"search":{"maxMs":5.798099999999977,"minMs":1.8691999999991822,"p50Ms":2.068300000000818,"p95Ms":2.559400000000096,"samples":20},"trace":{"maxMs":2.6361000000015338,"minMs":1.9524000000001251,"p50Ms":2.152299999999741,"p95Ms":2.5370999999995547,"samples":20}}},"small":{"dbCommit":{"maxMs":6.136999999998807,"minMs":3.2105000000010477,"p50Ms":3.601599999999962,"p95Ms":6.136999999998807,"samples":10},"filesReparsed":[1,1,1,1,1,1,1,1,1,1],"peakKernelRssBytes":15523840,"providerInvocations":{"typescriptPrecision":[0,0,0,0,0,0,0,0,0,0],"typescriptSyntax":[0,0,0,0,0,0,0,0,0,0]},"singleFileIncremental":{"maxMs":207.21790000000146,"minMs":183.5072999999993,"p50Ms":190.1903000000002,"p95Ms":207.21790000000146,"samples":10},"warm":{"explore":{"maxMs":10.445999999999913,"minMs":3.267600000001039,"p50Ms":3.7287000000014814,"p95Ms":5.900099999998929,"samples":20},"search":{"maxMs":2.1929000000000087,"minMs":1.4691000000002532,"p50Ms":1.6288000000004104,"p95Ms":1.9709000000002561,"samples":20},"trace":{"maxMs":2.5869999999995343,"minMs":1.5390999999999622,"p50Ms":1.7606999999989057,"p95Ms":2.0674999999991996,"samples":20}}}}},"parity":{"crossProcess":[{"nativeDigest":"94a16d12248b24b361ae6a52f122d72056712bd67a6669b6b6cc5b2a2787a180","portableDigest":"94a16d12248b24b361ae6a52f122d72056712bd67a6669b6b6cc5b2a2787a180"},{"nativeDigest":"94a16d12248b24b361ae6a52f122d72056712bd67a6669b6b6cc5b2a2787a180","portableDigest":"94a16d12248b24b361ae6a52f122d72056712bd67a6669b6b6cc5b2a2787a180"},{"nativeDigest":"94a16d12248b24b361ae6a52f122d72056712bd67a6669b6b6cc5b2a2787a180","portableDigest":"94a16d12248b24b361ae6a52f122d72056712bd67a6669b6b6cc5b2a2787a180"},{"nativeDigest":"94a16d12248b24b361ae6a52f122d72056712bd67a6669b6b6cc5b2a2787a180","portableDigest":"94a16d12248b24b361ae6a52f122d72056712bd67a6669b6b6cc5b2a2787a180"},{"nativeDigest":"94a16d12248b24b361ae6a52f122d72056712bd67a6669b6b6cc5b2a2787a180","portableDigest":"94a16d12248b24b361ae6a52f122d72056712bd67a6669b6b6cc5b2a2787a180"},{"nativeDigest":"94a16d12248b24b361ae6a52f122d72056712bd67a6669b6b6cc5b2a2787a180","portableDigest":"94a16d12248b24b361ae6a52f122d72056712bd67a6669b6b6cc5b2a2787a180"},{"nativeDigest":"94a16d12248b24b361ae6a52f122d72056712bd67a6669b6b6cc5b2a2787a180","portableDigest":"94a16d12248b24b361ae6a52f122d72056712bd67a6669b6b6cc5b2a2787a180"},{"nativeDigest":"94a16d12248b24b361ae6a52f122d72056712bd67a6669b6b6cc5b2a2787a180","portableDigest":"94a16d12248b24b361ae6a52f122d72056712bd67a6669b6b6cc5b2a2787a180"},{"nativeDigest":"94a16d12248b24b361ae6a52f122d72056712bd67a6669b6b6cc5b2a2787a180","portableDigest":"94a16d12248b24b361ae6a52f122d72056712bd67a6669b6b6cc5b2a2787a180"},{"nativeDigest":"94a16d12248b24b361ae6a52f122d72056712bd67a6669b6b6cc5b2a2787a180","portableDigest":"94a16d12248b24b361ae6a52f122d72056712bd67a6669b6b6cc5b2a2787a180"},{"nativeDigest":"94a16d12248b24b361ae6a52f122d72056712bd67a6669b6b6cc5b2a2787a180","portableDigest":"94a16d12248b24b361ae6a52f122d72056712bd67a6669b6b6cc5b2a2787a180"},{"nativeDigest":"94a16d12248b24b361ae6a52f122d72056712bd67a6669b6b6cc5b2a2787a180","portableDigest":"94a16d12248b24b361ae6a52f122d72056712bd67a6669b6b6cc5b2a2787a180"},{"nativeDigest":"94a16d12248b24b361ae6a52f122d72056712bd67a6669b6b6cc5b2a2787a180","portableDigest":"94a16d12248b24b361ae6a52f122d72056712bd67a6669b6b6cc5b2a2787a180"},{"nativeDigest":"94a16d12248b24b361ae6a52f122d72056712bd67a6669b6b6cc5b2a2787a180","portableDigest":"94a16d12248b24b361ae6a52f122d72056712bd67a6669b6b6cc5b2a2787a180"},{"nativeDigest":"94a16d12248b24b361ae6a52f122d72056712bd67a6669b6b6cc5b2a2787a180","portableDigest":"94a16d12248b24b361ae6a52f122d72056712bd67a6669b6b6cc5b2a2787a180"},{"nativeDigest":"94a16d12248b24b361ae6a52f122d72056712bd67a6669b6b6cc5b2a2787a180","portableDigest":"94a16d12248b24b361ae6a52f122d72056712bd67a6669b6b6cc5b2a2787a180"},{"nativeDigest":"94a16d12248b24b361ae6a52f122d72056712bd67a6669b6b6cc5b2a2787a180","portableDigest":"94a16d12248b24b361ae6a52f122d72056712bd67a6669b6b6cc5b2a2787a180"},{"nativeDigest":"94a16d12248b24b361ae6a52f122d72056712bd67a6669b6b6cc5b2a2787a180","portableDigest":"94a16d12248b24b361ae6a52f122d72056712bd67a6669b6b6cc5b2a2787a180"},{"nativeDigest":"94a16d12248b24b361ae6a52f122d72056712bd67a6669b6b6cc5b2a2787a180","portableDigest":"94a16d12248b24b361ae6a52f122d72056712bd67a6669b6b6cc5b2a2787a180"},{"nativeDigest":"94a16d12248b24b361ae6a52f122d72056712bd67a6669b6b6cc5b2a2787a180","portableDigest":"94a16d12248b24b361ae6a52f122d72056712bd67a6669b6b6cc5b2a2787a180"}],"crossProcessDeterministic":true,"crossProcessRuns":20,"nativeDigest":"94a16d12248b24b361ae6a52f122d72056712bd67a6669b6b6cc5b2a2787a180","nativePortableExactOrdered":true,"portableDigest":"94a16d12248b24b361ae6a52f122d72056712bd67a6669b6b6cc5b2a2787a180"},"runner":{"contract":"contextmesh-v04-fixed-fixtures-v4","cpu":"AMD Ryzen 7 7800X3D 8-Core Processor",