{"fixtureDigest":"49ab64ba1eaf35b66c5de6ba153a8cd7bbd5ec01635cd84748438018e6af0df1","fixtures":{"large":"c1a300fb7faaaf7e5fb987bdad9b7b933b477969bb29c1cd2724621b0616e25c","medium":"4426d67fea709ed65ffbfc72b5d3094a1c18fc35f00be8007d19eca3eea90940","parity":"f736f731ce21f859e888ad1bad0fe907362738ea4dd1a9597cecc0285cbd7124","small":"f736f731ce21f859e888ad1bad0fe907362738ea4dd1a9597cecc0285cbd7124","typescriptDecision":"b37eb5ae3717370da4a87dec92cbe95d390d22d968f96174791a8bbc3c8fa255","watcher":"f736f731ce21f859e888ad1bad0fe907362738ea4dd1a9597cecc0285cbd7124"},"git":{"baseline":"e37977199e231fc95b581e6254003941b8f447b2","commit":"e98f3c49d40cc8f5a7ffcef6684bdf83f2814218"},"measurements":{"coldFull":{"large":{"peakKernelRssBytes":17883136,"peakParentRssBytes":622784512,"timing":{"maxMs":703.1625999999997,"minMs":593.3669,"p50Ms":662.5637999999999,"p95Ms":703.1625999999997,"samples":5}},"medium":{"peakKernelRssBytes":17637376,"peakParentRssBytes":611024896,"timing":{"maxMs":476.03929999999946,"minMs":445.65869999999995,"p50Ms":454.53510000000006,"p95Ms":476.03929999999946,"samples":5}},"small":{"peakKernelRssBytes":17256448,"peakParentRssBytes":492081152,"timing":{"maxMs":484.0138999999999,"minMs":347.79949999999985,"p50Ms":350.8678,"p95Ms":484.0138999999999,"samples":5}}},"rss":{"estimatedConcurrentPeakBytes":640667648,"peakKernelRssBytes":17883136,"peakParentRssBytes":622784512,"scope":"parent RSS sampled after commit plus sidecar RSS sampled while canonical facts remain resident"},"watcherEventToGeneration":{"maxMs":246.2346999999936,"minMs":223.26059999999416,"p50Ms":235.20460000000458,"p95Ms":241.21310000000085,"samples":20},"workloads":{"large":{"dbCommit":{"maxMs":76.15980000000127,"minMs":51.42449999999735,"p50Ms":55.622299999999086,"p95Ms":76.15980000000127,"samples":10},"filesReparsed":[1,1,1,1,1,1,1,1,1,1],"peakKernelRssBytes":16842752,"providerInvocations":{"typescriptPrecision":[0,0,0,0,0,0,0,0,0,0],"typescriptSyntax":[0,0,0,0,0,0,0,0,0,0]},"singleFileIncremental":{"maxMs":542.0933000000005,"minMs":417.0002000000022,"p50Ms":443.9545999999973,"p95Ms":542.0933000000005,"samples":10},"warm":{"explore":{"maxMs":7.645500000002357,"minMs":5.1032000000013795,"p50Ms":5.533599999998842,"p95Ms":6.533699999999953,"samples":20},"search":{"maxMs":4.086599999998725,"minMs":3.132100000002538,"p50Ms":3.4924000000028173,"p95Ms":4.07129999999961,"samples":20},"trace":{"maxMs":4.4931999999971595,"minMs":3.280800000000454,"p50Ms":3.6300999999984924,"p95Ms":3.9406999999991967,"samples":20}}},"medium":{"dbCommit":{"maxMs":45.056399999999485,"minMs":14.77560000000085,"p50Ms":20.498499999997875,"p95Ms":45.056399999999485,"samples":10},"filesReparsed":[1,1,1,1,1,1,1,1,1,1],"peakKernelRssBytes":16941056,"providerInvocations":{"typescriptPrecision":[0,0,0,0,0,0,0,0,0,0],"typescriptSyntax":[0,0,0,0,0,0,0,0,0,0]},"singleFileIncremental":{"maxMs":592.9981000000007,"minMs":257.4821000000011,"p50Ms":300.7312000000002,"p95Ms":592.9981000000007,"samples":10},"warm":{"explore":{"maxMs":5.643999999998414,"minMs":4.168999999999869,"p50Ms":5.082600000001548,"p95Ms":5.44839999999931,"samples":20},"search":{"maxMs":8.125899999999092,"minMs":2.4289000000007945,"p50Ms":2.7390999999988708,"p95Ms":3.032999999999447,"samples":20},"trace":{"maxMs":7.613800000000992,"minMs":2.230099999998856,"p50Ms":2.7898000000004686,"p95Ms":3.2238999999990483,"samples":20}}},"small":{"dbCommit":{"maxMs":8.905800000000454,"minMs":3.5895000000000437,"p50Ms":4.520700000000943,"p95Ms":8.905800000000454,"samples":10},"filesReparsed":[1,1,1,1,1,1,1,1,1,1],"peakKernelRssBytes":16912384,"providerInvocations":{"typescriptPrecision":[0,0,0,0,0,0,0,0,0,0],"typescriptSyntax":[0,0,0,0,0,0,0,0,0,0]},"singleFileIncremental":{"maxMs":248.0679999999993,"minMs":211.08620000000155,"p50Ms":215.82909999999902,"p95Ms":248.0679999999993,"samples":10},"warm":{"explore":{"maxMs":6.214200000000346,"minMs":3.5010999999994965,"p50Ms":4.191199999999299,"p95Ms":4.659700000000157,"samples":20},"search":{"maxMs":2.4195999999992637,"minMs":1.5515999999988708,"p50Ms":1.7538999999997031,"p95Ms":2.0636000000013155,"samples":20},"trace":{"maxMs":2.8682999999982712,"minMs":1.5535999999992782,"p50Ms":1.97229999999945,"p95Ms":2.242100000001301,"samples":20}}}}},"parity":{"crossProcess":[{"nativeDigest":"c4c752010bac12fca7b652263b5ddb76d9c13faceb31480703d3bbc7c35c6db8","portableDigest":"c4c752010bac12fca7b652263b5ddb76d9c13faceb31480703d3bbc7c35c6db8"},{"nativeDigest":"c4c752010bac12fca7b652263b5ddb76d9c13faceb31480703d3bbc7c35c6db8","portableDigest":"c4c752010bac12fca7b652263b5ddb76d9c13faceb31480703d3bbc7c35c6db8"},{"nativeDigest":"c4c752010bac12fca7b652263b5ddb76d9c13faceb31480703d3bbc7c35c6db8","portableDigest":"c4c752010bac12fca7b652263b5ddb76d9c13faceb31480703d3bbc7c35c6db8"},{"nativeDigest":"c4c752010bac12fca7b652263b5ddb76d9c13faceb31480703d3bbc7c35c6db8","portableDigest":"c4c752010bac12fca7b652263b5ddb76d9c13faceb31480703d3bbc7c35c6db8"},{"nativeDigest":"c4c752010bac12fca7b652263b5ddb76d9c13faceb31480703d3bbc7c35c6db8","portableDigest":"c4c752010bac12fca7b652263b5ddb76d9c13faceb31480703d3bbc7c35c6db8"},{"nativeDigest":"c4c752010bac12fca7b652263b5ddb76d9c13faceb31480703d3bbc7c35c6db8","portableDigest":"c4c752010bac12fca7b652263b5ddb76d9c13faceb31480703d3bbc7c35c6db8"},{"nativeDigest":"c4c752010bac12fca7b652263b5ddb76d9c13faceb31480703d3bbc7c35c6db8","portableDigest":"c4c752010bac12fca7b652263b5ddb76d9c13faceb31480703d3bbc7c35c6db8"},{"nativeDigest":"c4c752010bac12fca7b652263b5ddb76d9c13faceb31480703d3bbc7c35c6db8","portableDigest":"c4c752010bac12fca7b652263b5ddb76d9c13faceb31480703d3bbc7c35c6db8"},{"nativeDigest":"c4c752010bac12fca7b652263b5ddb76d9c13faceb31480703d3bbc7c35c6db8","portableDigest":"c4c752010bac12fca7b652263b5ddb76d9c13faceb31480703d3bbc7c35c6db8"},{"nativeDigest":"c4c752010bac12fca7b652263b5ddb76d9c13faceb31480703d3bbc7c35c6db8","portableDigest":"c4c752010bac12fca7b652263b5ddb76d9c13faceb31480703d3bbc7c35c6db8"},{"nativeDigest":"c4c752010bac12fca7b652263b5ddb76d9c13faceb31480703d3bbc7c35c6db8","portableDigest":"c4c752010bac12fca7b652263b5ddb76d9c13faceb31480703d3bbc7c35c6db8"},{"nativeDigest":"c4c752010bac12fca7b652263b5ddb76d9c13faceb31480703d3bbc7c35c6db8","portableDigest":"c4c752010bac12fca7b652263b5ddb76d9c13faceb31480703d3bbc7c35c6db8"},{"nativeDigest":"c4c752010bac12fca7b652263b5ddb76d9c13faceb31480703d3bbc7c35c6db8","portableDigest":"c4c752010bac12fca7b652263b5ddb76d9c13faceb31480703d3bbc7c35c6db8"},{"nativeDigest":"c4c752010bac12fca7b652263b5ddb76d9c13faceb31480703d3bbc7c35c6db8","portableDigest":"c4c752010bac12fca7b652263b5ddb76d9c13faceb31480703d3bbc7c35c6db8"},{"nativeDigest":"c4c752010bac12fca7b652263b5ddb76d9c13faceb31480703d3bbc7c35c6db8","portableDigest":"c4c752010bac12fca7b652263b5ddb76d9c13faceb31480703d3bbc7c35c6db8"},{"nativeDigest":"c4c752010bac12fca7b652263b5ddb76d9c13faceb31480703d3bbc7c35c6db8","portableDigest":"c4c752010bac12fca7b652263b5ddb76d9c13faceb31480703d3bbc7c35c6db8"},{"nativeDigest":"c4c752010bac12fca7b652263b5ddb76d9c13faceb31480703d3bbc7c35c6db8","portableDigest":"c4c752010bac12fca7b652263b5ddb76d9c13faceb31480703d3bbc7c35c6db8"},{"nativeDigest":"c4c752010bac12fca7b652263b5ddb76d9c13faceb31480703d3bbc7c35c6db8","portableDigest":"c4c752010bac12fca7b652263b5ddb76d9c13faceb31480703d3bbc7c35c6db8"},{"nativeDigest":"c4c752010bac12fca7b652263b5ddb76d9c13faceb31480703d3bbc7c35c6db8","portableDigest":"c4c752010bac12fca7b652263b5ddb76d9c13faceb31480703d3bbc7c35c6db8"},{"nativeDigest":"c4c752010bac12fca7b652263b5ddb76d9c13faceb31480703d3bbc7c35c6db8","portableDigest":"c4c752010bac12fca7b652263b5ddb76d9c13faceb31480703d3bbc7c35c6db8"}],"crossProcessDeterministic":true,"crossProcessRuns":20,"nativeDigest":"c4c752010bac12fca7b652263b5ddb76d9c13faceb31480703d3bbc7c35c6db8","nativePortableExactOrdered":true,"portableDigest":"c4c752010bac12fca7b652263b5ddb76d9c13faceb31480703d3bbc7c35c6db8"},"runner":{"contract":"contextmesh-v04-fixed-fixtures-v4","cpu":"AMD Ryzen 7 7800X3D 8-Core Processor",