{"fixtureDigest":"49ab64ba1eaf35b66c5de6ba153a8cd7bbd5ec01635cd84748438018e6af0df1","fixtures":{"large":"c1a300fb7faaaf7e5fb987bdad9b7b933b477969bb29c1cd2724621b0616e25c","medium":"4426d67fea709ed65ffbfc72b5d3094a1c18fc35f00be8007d19eca3eea90940","parity":"f736f731ce21f859e888ad1bad0fe907362738ea4dd1a9597cecc0285cbd7124","small":"f736f731ce21f859e888ad1bad0fe907362738ea4dd1a9597cecc0285cbd7124","typescriptDecision":"b37eb5ae3717370da4a87dec92cbe95d390d22d968f96174791a8bbc3c8fa255","watcher":"f736f731ce21f859e888ad1bad0fe907362738ea4dd1a9597cecc0285cbd7124"},"git":{"baseline":"e37977199e231fc95b581e6254003941b8f447b2","commit":"34e69f74f76638b93f592cc3bd60abbce4e2ba54"},"measurements":{"coldFull":{"large":{"peakKernelRssBytes":17387520,"peakParentRssBytes":539648000,"timing":{"maxMs":554.4735000000001,"minMs":519.8076000000001,"p50Ms":524.5773000000008,"p95Ms":554.4735000000001,"samples":5}},"medium":{"peakKernelRssBytes":17014784,"peakParentRssBytes":525836288,"timing":{"maxMs":386.8582000000001,"minMs":359.0068000000001,"p50Ms":384.62019999999984,"p95Ms":386.8582000000001,"samples":5}},"small":{"peakKernelRssBytes":16457728,"peakParentRssBytes":494731264,"timing":{"maxMs":501.94680000000005,"minMs":327.9294,"p50Ms":340.56819999999993,"p95Ms":501.94680000000005,"samples":5}}},"rss":{"estimatedConcurrentPeakBytes":557035520,"peakKernelRssBytes":17387520,"peakParentRssBytes":539648000,"scope":"parent RSS sampled after commit plus sidecar RSS sampled while canonical facts remain resident"},"watcherEventToGeneration":{"maxMs":237.48400000000402,"minMs":213.0908999999956,"p50Ms":228.47329999999783,"p95Ms":236.7603999999992,"samples":20},"workloads":{"large":{"dbCommit":{"maxMs":78.52549999999974,"minMs":50.2416000000012,"p50Ms":53.89749999999913,"p95Ms":78.52549999999974,"samples":10},"filesReparsed":[1,1,1,1,1,1,1,1,1,1],"peakKernelRssBytes":16429056,"providerInvocations":{"typescriptPrecision":[0,0,0,0,0,0,0,0,0,0],"typescriptSyntax":[0,0,0,0,0,0,0,0,0,0]},"singleFileIncremental":{"maxMs":437.73219999999856,"minMs":386.498599999999,"p50Ms":407.35499999999956,"p95Ms":437.73219999999856,"samples":10},"warm":{"explore":{"maxMs":5.71730000000025,"minMs":4.918600000000879,"p50Ms":5.123999999999796,"p95Ms":5.619000000000597,"samples":20},"search":{"maxMs":5.717799999998533,"minMs":3.05370000000039,"p50Ms":3.3294999999998254,"p95Ms":3.91859999999906,"samples":20},"trace":{"maxMs":4.904099999999744,"minMs":3.147100000000137,"p50Ms":3.498199999999997,"p95Ms":3.8114000000005035,"samples":20}}},"medium":{"dbCommit":{"maxMs":31.509500000000116,"minMs":13.727000000000771,"p50Ms":15.028699999998935,"p95Ms":31.509500000000116,"samples":10},"filesReparsed":[1,1,1,1,1,1,1,1,1,1],"peakKernelRssBytes":16134144,"providerInvocations":{"typescriptPrecision":[0,0,0,0,0,0,0,0,0,0],"typescriptSyntax":[0,0,0,0,0,0,0,0,0,0]},"singleFileIncremental":{"maxMs":259.6743000000006,"minMs":234.36080000000038,"p50Ms":237.10379999999896,"p95Ms":259.6743000000006,"samples":10},"warm":{"explore":{"maxMs":7.2549999999992,"minMs":3.7083000000002357,"p50Ms":3.931300000000192,"p95Ms":4.571899999999005,"samples":20},"search":{"maxMs":2.4376000000011118,"minMs":1.9177999999992608,"p50Ms":2.0979999999999563,"p95Ms":2.3162000000011176,"samples":20},"trace":{"maxMs":2.462999999999738,"minMs":1.9681999999993423,"p50Ms":2.0966000000007625,"p95Ms":2.3825999999990017,"samples":20}}},"small":{"dbCommit":{"maxMs":4.23620000000119,"minMs":3.3356999999996333,"p50Ms":3.544099999999162,"p95Ms":4.23620000000119,"samples":10},"filesReparsed":[1,1,1,1,1,1,1,1,1,1],"peakKernelRssBytes":16076800,"providerInvocations":{"typescriptPrecision":[0,0,0,0,0,0,0,0,0,0],"typescriptSyntax":[0,0,0,0,0,0,0,0,0,0]},"singleFileIncremental":{"maxMs":231.02659999999923,"minMs":189.77030000000013,"p50Ms":204.9940999999999,"p95Ms":231.02659999999923,"samples":10},"warm":{"explore":{"maxMs":5.294700000000375,"minMs":3.4070000000010623,"p50Ms":3.7722000000012486,"p95Ms":4.77980000000025,"samples":20},"search":{"maxMs":1.956899999999223,"minMs":1.528599999999642,"p50Ms":1.5859999999993306,"p95Ms":1.9465000000000146,"samples":20},"trace":{"maxMs":2.280000000000655,"minMs":1.4756999999990512,"p50Ms":1.6310000000012224,"p95Ms":2.191100000000006,"samples":20}}}}},"parity":{"crossProcess":[{"nativeDigest":"ef84440887ecadcce618f87fd2057d932aacfa49b3df033319f4ff39778ab53d","portableDigest":"ef84440887ecadcce618f87fd2057d932aacfa49b3df033319f4ff39778ab53d"},{"nativeDigest":"ef84440887ecadcce618f87fd2057d932aacfa49b3df033319f4ff39778ab53d","portableDigest":"ef84440887ecadcce618f87fd2057d932aacfa49b3df033319f4ff39778ab53d"},{"nativeDigest":"ef84440887ecadcce618f87fd2057d932aacfa49b3df033319f4ff39778ab53d","portableDigest":"ef84440887ecadcce618f87fd2057d932aacfa49b3df033319f4ff39778ab53d"},{"nativeDigest":"ef84440887ecadcce618f87fd2057d932aacfa49b3df033319f4ff39778ab53d","portableDigest":"ef84440887ecadcce618f87fd2057d932aacfa49b3df033319f4ff39778ab53d"},{"nativeDigest":"ef84440887ecadcce618f87fd2057d932aacfa49b3df033319f4ff39778ab53d","portableDigest":"ef84440887ecadcce618f87fd2057d932aacfa49b3df033319f4ff39778ab53d"},{"nativeDigest":"ef84440887ecadcce618f87fd2057d932aacfa49b3df033319f4ff39778ab53d","portableDigest":"ef84440887ecadcce618f87fd2057d932aacfa49b3df033319f4ff39778ab53d"},{"nativeDigest":"ef84440887ecadcce618f87fd2057d932aacfa49b3df033319f4ff39778ab53d","portableDigest":"ef84440887ecadcce618f87fd2057d932aacfa49b3df033319f4ff39778ab53d"},{"nativeDigest":"ef84440887ecadcce618f87fd2057d932aacfa49b3df033319f4ff39778ab53d","portableDigest":"ef84440887ecadcce618f87fd2057d932aacfa49b3df033319f4ff39778ab53d"},{"nativeDigest":"ef84440887ecadcce618f87fd2057d932aacfa49b3df033319f4ff39778ab53d","portableDigest":"ef84440887ecadcce618f87fd2057d932aacfa49b3df033319f4ff39778ab53d"},{"nativeDigest":"ef84440887ecadcce618f87fd2057d932aacfa49b3df033319f4ff39778ab53d","portableDigest":"ef84440887ecadcce618f87fd2057d932aacfa49b3df033319f4ff39778ab53d"},{"nativeDigest":"ef84440887ecadcce618f87fd2057d932aacfa49b3df033319f4ff39778ab53d","portableDigest":"ef84440887ecadcce618f87fd2057d932aacfa49b3df033319f4ff39778ab53d"},{"nativeDigest":"ef84440887ecadcce618f87fd2057d932aacfa49b3df033319f4ff39778ab53d","portableDigest":"ef84440887ecadcce618f87fd2057d932aacfa49b3df033319f4ff39778ab53d"},{"nativeDigest":"ef84440887ecadcce618f87fd2057d932aacfa49b3df033319f4ff39778ab53d","portableDigest":"ef84440887ecadcce618f87fd2057d932aacfa49b3df033319f4ff39778ab53d"},{"nativeDigest":"ef84440887ecadcce618f87fd2057d932aacfa49b3df033319f4ff39778ab53d","portableDigest":"ef84440887ecadcce618f87fd2057d932aacfa49b3df033319f4ff39778ab53d"},{"nativeDigest":"ef84440887ecadcce618f87fd2057d932aacfa49b3df033319f4ff39778ab53d","portableDigest":"ef84440887ecadcce618f87fd2057d932aacfa49b3df033319f4ff39778ab53d"},{"nativeDigest":"ef84440887ecadcce618f87fd2057d932aacfa49b3df033319f4ff39778ab53d","portableDigest":"ef84440887ecadcce618f87fd2057d932aacfa49b3df033319f4ff39778ab53d"},{"nativeDigest":"ef84440887ecadcce618f87fd2057d932aacfa49b3df033319f4ff39778ab53d","portableDigest":"ef84440887ecadcce618f87fd2057d932aacfa49b3df033319f4ff39778ab53d"},{"nativeDigest":"ef84440887ecadcce618f87fd2057d932aacfa49b3df033319f4ff39778ab53d","portableDigest":"ef84440887ecadcce618f87fd2057d932aacfa49b3df033319f4ff39778ab53d"},{"nativeDigest":"ef84440887ecadcce618f87fd2057d932aacfa49b3df033319f4ff39778ab53d","portableDigest":"ef84440887ecadcce618f87fd2057d932aacfa49b3df033319f4ff39778ab53d"},{"nativeDigest":"ef84440887ecadcce618f87fd2057d932aacfa49b3df033319f4ff39778ab53d","portableDigest":"ef84440887ecadcce618f87fd2057d932aacfa49b3df033319f4ff39778ab53d"}],"crossProcessDeterministic":true,"crossProcessRuns":20,"nativeDigest":"ef84440887ecadcce618f87fd2057d932aacfa49b3df033319f4ff39778ab53d","nativePortableExactOrdered":true,"portableDigest":"ef84440887ecadcce618f87fd2057d932aacfa49b3df033319f4ff39778ab53d"},"runner":{"contract":"contextmesh-v04-fixed-fixtures-v4","cpu":"AMD Ryzen 7 7800X3D 8-Core Processor",