{"fixtureDigest":"49ab64ba1eaf35b66c5de6ba153a8cd7bbd5ec01635cd84748438018e6af0df1","fixtures":{"large":"c1a300fb7faaaf7e5fb987bdad9b7b933b477969bb29c1cd2724621b0616e25c","medium":"4426d67fea709ed65ffbfc72b5d3094a1c18fc35f00be8007d19eca3eea90940","parity":"f736f731ce21f859e888ad1bad0fe907362738ea4dd1a9597cecc0285cbd7124","small":"f736f731ce21f859e888ad1bad0fe907362738ea4dd1a9597cecc0285cbd7124","typescriptDecision":"b37eb5ae3717370da4a87dec92cbe95d390d22d968f96174791a8bbc3c8fa255","watcher":"f736f731ce21f859e888ad1bad0fe907362738ea4dd1a9597cecc0285cbd7124"},"git":{"baseline":"e37977199e231fc95b581e6254003941b8f447b2","commit":"ff5896a0371d983a64cfb06934068620235eedd2"},"measurements":{"coldFull":{"large":{"peakKernelRssBytes":16883712,"peakParentRssBytes":550805504,"timing":{"maxMs":563.527,"minMs":492.6037000000006,"p50Ms":502.34000000000015,"p95Ms":563.527,"samples":5}},"medium":{"peakKernelRssBytes":16441344,"peakParentRssBytes":538234880,"timing":{"maxMs":391.6394,"minMs":358.60939999999937,"p50Ms":383.39919999999984,"p95Ms":391.6394,"samples":5}},"small":{"peakKernelRssBytes":15962112,"peakParentRssBytes":507056128,"timing":{"maxMs":497.8604,"minMs":324.4859999999999,"p50Ms":340.8406000000002,"p95Ms":497.8604,"samples":5}}},"rss":{"estimatedConcurrentPeakBytes":567689216,"peakKernelRssBytes":16883712,"peakParentRssBytes":550805504,"scope":"parent RSS sampled after commit plus sidecar RSS sampled while canonical facts remain resident"},"watcherEventToGeneration":{"maxMs":233.21229999999923,"minMs":207.25340000000142,"p50Ms":212.73790000000008,"p95Ms":227.79809999999998,"samples":20},"workloads":{"large":{"dbCommit":{"maxMs":67.20069999999942,"minMs":49.297600000001694,"p50Ms":51.51100000000042,"p95Ms":67.20069999999942,"samples":10},"filesReparsed":[1,1,1,1,1,1,1,1,1,1],"peakKernelRssBytes":15552512,"providerInvocations":{"typescriptPrecision":[0,0,0,0,0,0,0,0,0,0],"typescriptSyntax":[0,0,0,0,0,0,0,0,0,0]},"singleFileIncremental":{"maxMs":420.3243999999977,"minMs":382.3663000000015,"p50Ms":391.91449999999895,"p95Ms":420.3243999999977,"samples":10},"warm":{"explore":{"maxMs":5.374499999999898,"minMs":4.913000000000466,"p50Ms":5.090499999998428,"p95Ms":5.318199999999706,"samples":20},"search":{"maxMs":4.006100000000515,"minMs":3.0151999999998225,"p50Ms":3.252999999998792,"p95Ms":3.6036999999996624,"samples":20},"trace":{"maxMs":6.081000000000131,"minMs":3.1352999999999156,"p50Ms":3.312099999999191,"p95Ms":3.563000000000102,"samples":20}}},"medium":{"dbCommit":{"maxMs":16.514900000000125,"minMs":13.50879999999961,"p50Ms":14.259799999999814,"p95Ms":16.514900000000125,"samples":10},"filesReparsed":[1,1,1,1,1,1,1,1,1,1],"peakKernelRssBytes":15589376,"providerInvocations":{"typescriptPrecision":[0,0,0,0,0,0,0,0,0,0],"typescriptSyntax":[0,0,0,0,0,0,0,0,0,0]},"singleFileIncremental":{"maxMs":262.4999000000007,"minMs":225.7471000000005,"p50Ms":233.3153999999995,"p95Ms":262.4999000000007,"samples":10},"warm":{"explore":{"maxMs":6.802299999999377,"minMs":3.678299999999581,"p50Ms":3.9395000000004075,"p95Ms":4.229400000000169,"samples":20},"search":{"maxMs":2.6119999999991705,"minMs":1.9398000000001048,"p50Ms":2.0275999999994383,"p95Ms":2.495999999999185,"samples":20},"trace":{"maxMs":2.4126999999989494,"minMs":1.9487000000008265,"p50Ms":2.124599999999191,"p95Ms":2.3526999999994587,"samples":20}}},"small":{"dbCommit":{"maxMs":6.3796000000002095,"minMs":3.1741000000001804,"p50Ms":3.513600000000224,"p95Ms":6.3796000000002095,"samples":10},"filesReparsed":[1,1,1,1,1,1,1,1,1,1],"peakKernelRssBytes":15548416,"providerInvocations":{"typescriptPrecision":[0,0,0,0,0,0,0,0,0,0],"typescriptSyntax":[0,0,0,0,0,0,0,0,0,0]},"singleFileIncremental":{"maxMs":228.30090000000018,"minMs":187.02640000000065,"p50Ms":201.99179999999978,"p95Ms":228.30090000000018,"samples":10},"warm":{"explore":{"maxMs":5.647000000000844,"minMs":3.3333999999995285,"p50Ms":3.7827000000015687,"p95Ms":3.9566999999988184,"samples":20},"search":{"maxMs":1.88340000000062,"minMs":1.4279999999998836,"p50Ms":1.5936000000001513,"p95Ms":1.868000000000393,"samples":20},"trace":{"maxMs":2.488499999999476,"minMs":1.4182000000000698,"p50Ms":1.5720000000001164,"p95Ms":1.760599999999613,"samples":20}}}}},"parity":{"crossProcess":[{"nativeDigest":"14ef6b3f1ce190ae693bb1e8b5773e00a60de6e49e85a2b7d709072ec940ef3c","portableDigest":"14ef6b3f1ce190ae693bb1e8b5773e00a60de6e49e85a2b7d709072ec940ef3c"},{"nativeDigest":"14ef6b3f1ce190ae693bb1e8b5773e00a60de6e49e85a2b7d709072ec940ef3c","portableDigest":"14ef6b3f1ce190ae693bb1e8b5773e00a60de6e49e85a2b7d709072ec940ef3c"},{"nativeDigest":"14ef6b3f1ce190ae693bb1e8b5773e00a60de6e49e85a2b7d709072ec940ef3c","portableDigest":"14ef6b3f1ce190ae693bb1e8b5773e00a60de6e49e85a2b7d709072ec940ef3c"},{"nativeDigest":"14ef6b3f1ce190ae693bb1e8b5773e00a60de6e49e85a2b7d709072ec940ef3c","portableDigest":"14ef6b3f1ce190ae693bb1e8b5773e00a60de6e49e85a2b7d709072ec940ef3c"},{"nativeDigest":"14ef6b3f1ce190ae693bb1e8b5773e00a60de6e49e85a2b7d709072ec940ef3c","portableDigest":"14ef6b3f1ce190ae693bb1e8b5773e00a60de6e49e85a2b7d709072ec940ef3c"},{"nativeDigest":"14ef6b3f1ce190ae693bb1e8b5773e00a60de6e49e85a2b7d709072ec940ef3c","portableDigest":"14ef6b3f1ce190ae693bb1e8b5773e00a60de6e49e85a2b7d709072ec940ef3c"},{"nativeDigest":"14ef6b3f1ce190ae693bb1e8b5773e00a60de6e49e85a2b7d709072ec940ef3c","portableDigest":"14ef6b3f1ce190ae693bb1e8b5773e00a60de6e49e85a2b7d709072ec940ef3c"},{"nativeDigest":"14ef6b3f1ce190ae693bb1e8b5773e00a60de6e49e85a2b7d709072ec940ef3c","portableDigest":"14ef6b3f1ce190ae693bb1e8b5773e00a60de6e49e85a2b7d709072ec940ef3c"},{"nativeDigest":"14ef6b3f1ce190ae693bb1e8b5773e00a60de6e49e85a2b7d709072ec940ef3c","portableDigest":"14ef6b3f1ce190ae693bb1e8b5773e00a60de6e49e85a2b7d709072ec940ef3c"},{"nativeDigest":"14ef6b3f1ce190ae693bb1e8b5773e00a60de6e49e85a2b7d709072ec940ef3c","portableDigest":"14ef6b3f1ce190ae693bb1e8b5773e00a60de6e49e85a2b7d709072ec940ef3c"},{"nativeDigest":"14ef6b3f1ce190ae693bb1e8b5773e00a60de6e49e85a2b7d709072ec940ef3c","portableDigest":"14ef6b3f1ce190ae693bb1e8b5773e00a60de6e49e85a2b7d709072ec940ef3c"},{"nativeDigest":"14ef6b3f1ce190ae693bb1e8b5773e00a60de6e49e85a2b7d709072ec940ef3c","portableDigest":"14ef6b3f1ce190ae693bb1e8b5773e00a60de6e49e85a2b7d709072ec940ef3c"},{"nativeDigest":"14ef6b3f1ce190ae693bb1e8b5773e00a60de6e49e85a2b7d709072ec940ef3c","portableDigest":"14ef6b3f1ce190ae693bb1e8b5773e00a60de6e49e85a2b7d709072ec940ef3c"},{"nativeDigest":"14ef6b3f1ce190ae693bb1e8b5773e00a60de6e49e85a2b7d709072ec940ef3c","portableDigest":"14ef6b3f1ce190ae693bb1e8b5773e00a60de6e49e85a2b7d709072ec940ef3c"},{"nativeDigest":"14ef6b3f1ce190ae693bb1e8b5773e00a60de6e49e85a2b7d709072ec940ef3c","portableDigest":"14ef6b3f1ce190ae693bb1e8b5773e00a60de6e49e85a2b7d709072ec940ef3c"},{"nativeDigest":"14ef6b3f1ce190ae693bb1e8b5773e00a60de6e49e85a2b7d709072ec940ef3c","portableDigest":"14ef6b3f1ce190ae693bb1e8b5773e00a60de6e49e85a2b7d709072ec940ef3c"},{"nativeDigest":"14ef6b3f1ce190ae693bb1e8b5773e00a60de6e49e85a2b7d709072ec940ef3c","portableDigest":"14ef6b3f1ce190ae693bb1e8b5773e00a60de6e49e85a2b7d709072ec940ef3c"},{"nativeDigest":"14ef6b3f1ce190ae693bb1e8b5773e00a60de6e49e85a2b7d709072ec940ef3c","portableDigest":"14ef6b3f1ce190ae693bb1e8b5773e00a60de6e49e85a2b7d709072ec940ef3c"},{"nativeDigest":"14ef6b3f1ce190ae693bb1e8b5773e00a60de6e49e85a2b7d709072ec940ef3c","portableDigest":"14ef6b3f1ce190ae693bb1e8b5773e00a60de6e49e85a2b7d709072ec940ef3c"},{"nativeDigest":"14ef6b3f1ce190ae693bb1e8b5773e00a60de6e49e85a2b7d709072ec940ef3c","portableDigest":"14ef6b3f1ce190ae693bb1e8b5773e00a60de6e49e85a2b7d709072ec940ef3c"}],"crossProcessDeterministic":true,"crossProcessRuns":20,"nativeDigest":"14ef6b3f1ce190ae693bb1e8b5773e00a60de6e49e85a2b7d709072ec940ef3c","nativePortableExactOrdered":true,"portableDigest":"14ef6b3f1ce190ae693bb1e8b5773e00a60de6e49e85a2b7d709072ec940ef3c"},"runner":{"contract":"contextmesh-v04-fixed-fixtures-v4","cpu":"AMD Ryzen 7 7800X3D 8-Core Processor",