{"fixtureDigest":"49ab64ba1eaf35b66c5de6ba153a8cd7bbd5ec01635cd84748438018e6af0df1","fixtures":{"large":"c1a300fb7faaaf7e5fb987bdad9b7b933b477969bb29c1cd2724621b0616e25c","medium":"4426d67fea709ed65ffbfc72b5d3094a1c18fc35f00be8007d19eca3eea90940","parity":"f736f731ce21f859e888ad1bad0fe907362738ea4dd1a9597cecc0285cbd7124","small":"f736f731ce21f859e888ad1bad0fe907362738ea4dd1a9597cecc0285cbd7124","typescriptDecision":"b37eb5ae3717370da4a87dec92cbe95d390d22d968f96174791a8bbc3c8fa255","watcher":"f736f731ce21f859e888ad1bad0fe907362738ea4dd1a9597cecc0285cbd7124"},"git":{"baseline":"e37977199e231fc95b581e6254003941b8f447b2","commit":"853f42426d51ed8a121318d54deb6cab355930cc"},"measurements":{"coldFull":{"large":{"peakKernelRssBytes":16904192,"peakParentRssBytes":555081728,"timing":{"maxMs":539.8919999999998,"minMs":518.4701000000005,"p50Ms":525.9496999999992,"p95Ms":539.8919999999998,"samples":5}},"medium":{"peakKernelRssBytes":16564224,"peakParentRssBytes":531542016,"timing":{"maxMs":397.83590000000004,"minMs":369.1763999999994,"p50Ms":385.3697999999995,"p95Ms":397.83590000000004,"samples":5}},"small":{"peakKernelRssBytes":15925248,"peakParentRssBytes":482742272,"timing":{"maxMs":439.6602999999999,"minMs":311.6354000000001,"p50Ms":333.6039999999998,"p95Ms":439.6602999999999,"samples":5}}},"rss":{"estimatedConcurrentPeakBytes":571985920,"peakKernelRssBytes":16904192,"peakParentRssBytes":555081728,"scope":"parent RSS sampled after commit plus sidecar RSS sampled while canonical facts remain resident"},"watcherEventToGeneration":{"maxMs":238.8073000000004,"minMs":208.45390000000043,"p50Ms":217.1273000000001,"p95Ms":237.6794000000009,"samples":20},"workloads":{"large":{"dbCommit":{"maxMs":75.10180000000037,"minMs":51.705799999999726,"p50Ms":54.47609999999986,"p95Ms":75.10180000000037,"samples":10},"filesReparsed":[1,1,1,1,1,1,1,1,1,1],"peakKernelRssBytes":15552512,"providerInvocations":{"typescriptPrecision":[0,0,0,0,0,0,0,0,0,0],"typescriptSyntax":[0,0,0,0,0,0,0,0,0,0]},"singleFileIncremental":{"maxMs":425.5,"minMs":387.77869999999893,"p50Ms":404.1271000000015,"p95Ms":425.5,"samples":10},"warm":{"explore":{"maxMs":6.180500000000393,"minMs":4.922899999999572,"p50Ms":5.3620000000009895,"p95Ms":5.745199999999386,"samples":20},"search":{"maxMs":4.659800000001269,"minMs":3.148800000000847,"p50Ms":3.632999999999811,"p95Ms":4.318499999999403,"samples":20},"trace":{"maxMs":6.725300000000061,"minMs":3.241100000001097,"p50Ms":3.6468999999997322,"p95Ms":3.9562999999998283,"samples":20}}},"medium":{"dbCommit":{"maxMs":31.037999999998647,"minMs":14.978000000000975,"p50Ms":16.139899999998306,"p95Ms":31.037999999998647,"samples":10},"filesReparsed":[1,1,1,1,1,1,1,1,1,1],"peakKernelRssBytes":15519744,"providerInvocations":{"typescriptPrecision":[0,0,0,0,0,0,0,0,0,0],"typescriptSyntax":[0,0,0,0,0,0,0,0,0,0]},"singleFileIncremental":{"maxMs":259.3626999999997,"minMs":230.90439999999944,"p50Ms":233.29539999999906,"p95Ms":259.3626999999997,"samples":10},"warm":{"explore":{"maxMs":5.009799999999814,"minMs":3.84729999999945,"p50Ms":4.237300000000687,"p95Ms":4.882899999998699,"samples":20},"search":{"maxMs":5.40270000000055,"minMs":1.9354999999995925,"p50Ms":2.3452999999990425,"p95Ms":2.8596999999990658,"samples":20},"trace":{"maxMs":2.9619999999995343,"minMs":1.9659999999985303,"p50Ms":2.229400000000169,"p95Ms":2.8770999999997002,"samples":20}}},"small":{"dbCommit":{"maxMs":5.202599999998711,"minMs":3.260999999998603,"p50Ms":3.606900000000678,"p95Ms":5.202599999998711,"samples":10},"filesReparsed":[1,1,1,1,1,1,1,1,1,1],"peakKernelRssBytes":15560704,"providerInvocations":{"typescriptPrecision":[0,0,0,0,0,0,0,0,0,0],"typescriptSyntax":[0,0,0,0,0,0,0,0,0,0]},"singleFileIncremental":{"maxMs":219.34950000000026,"minMs":189.59770000000026,"p50Ms":192.28340000000026,"p95Ms":219.34950000000026,"samples":10},"warm":{"explore":{"maxMs":9.184800000000905,"minMs":3.583700000001045,"p50Ms":3.7206999999998516,"p95Ms":5.361899999999878,"samples":20},"search":{"maxMs":2.3509000000012747,"minMs":1.3932999999997264,"p50Ms":1.5745000000006257,"p95Ms":1.8346999999994296,"samples":20},"trace":{"maxMs":2.5904000000009546,"minMs":1.445400000000518,"p50Ms":1.5477999999984604,"p95Ms":2.071799999999712,"samples":20}}}}},"parity":{"crossProcess":[{"nativeDigest":"8326a8b62f49cdfa96086be484fd413687340d42e91766a2baccdeaea11c5b80","portableDigest":"8326a8b62f49cdfa96086be484fd413687340d42e91766a2baccdeaea11c5b80"},{"nativeDigest":"8326a8b62f49cdfa96086be484fd413687340d42e91766a2baccdeaea11c5b80","portableDigest":"8326a8b62f49cdfa96086be484fd413687340d42e91766a2baccdeaea11c5b80"},{"nativeDigest":"8326a8b62f49cdfa96086be484fd413687340d42e91766a2baccdeaea11c5b80","portableDigest":"8326a8b62f49cdfa96086be484fd413687340d42e91766a2baccdeaea11c5b80"},{"nativeDigest":"8326a8b62f49cdfa96086be484fd413687340d42e91766a2baccdeaea11c5b80","portableDigest":"8326a8b62f49cdfa96086be484fd413687340d42e91766a2baccdeaea11c5b80"},{"nativeDigest":"8326a8b62f49cdfa96086be484fd413687340d42e91766a2baccdeaea11c5b80","portableDigest":"8326a8b62f49cdfa96086be484fd413687340d42e91766a2baccdeaea11c5b80"},{"nativeDigest":"8326a8b62f49cdfa96086be484fd413687340d42e91766a2baccdeaea11c5b80","portableDigest":"8326a8b62f49cdfa96086be484fd413687340d42e91766a2baccdeaea11c5b80"},{"nativeDigest":"8326a8b62f49cdfa96086be484fd413687340d42e91766a2baccdeaea11c5b80","portableDigest":"8326a8b62f49cdfa96086be484fd413687340d42e91766a2baccdeaea11c5b80"},{"nativeDigest":"8326a8b62f49cdfa96086be484fd413687340d42e91766a2baccdeaea11c5b80","portableDigest":"8326a8b62f49cdfa96086be484fd413687340d42e91766a2baccdeaea11c5b80"},{"nativeDigest":"8326a8b62f49cdfa96086be484fd413687340d42e91766a2baccdeaea11c5b80","portableDigest":"8326a8b62f49cdfa96086be484fd413687340d42e91766a2baccdeaea11c5b80"},{"nativeDigest":"8326a8b62f49cdfa96086be484fd413687340d42e91766a2baccdeaea11c5b80","portableDigest":"8326a8b62f49cdfa96086be484fd413687340d42e91766a2baccdeaea11c5b80"},{"nativeDigest":"8326a8b62f49cdfa96086be484fd413687340d42e91766a2baccdeaea11c5b80","portableDigest":"8326a8b62f49cdfa96086be484fd413687340d42e91766a2baccdeaea11c5b80"},{"nativeDigest":"8326a8b62f49cdfa96086be484fd413687340d42e91766a2baccdeaea11c5b80","portableDigest":"8326a8b62f49cdfa96086be484fd413687340d42e91766a2baccdeaea11c5b80"},{"nativeDigest":"8326a8b62f49cdfa96086be484fd413687340d42e91766a2baccdeaea11c5b80","portableDigest":"8326a8b62f49cdfa96086be484fd413687340d42e91766a2baccdeaea11c5b80"},{"nativeDigest":"8326a8b62f49cdfa96086be484fd413687340d42e91766a2baccdeaea11c5b80","portableDigest":"8326a8b62f49cdfa96086be484fd413687340d42e91766a2baccdeaea11c5b80"},{"nativeDigest":"8326a8b62f49cdfa96086be484fd413687340d42e91766a2baccdeaea11c5b80","portableDigest":"8326a8b62f49cdfa96086be484fd413687340d42e91766a2baccdeaea11c5b80"},{"nativeDigest":"8326a8b62f49cdfa96086be484fd413687340d42e91766a2baccdeaea11c5b80","portableDigest":"8326a8b62f49cdfa96086be484fd413687340d42e91766a2baccdeaea11c5b80"},{"nativeDigest":"8326a8b62f49cdfa96086be484fd413687340d42e91766a2baccdeaea11c5b80","portableDigest":"8326a8b62f49cdfa96086be484fd413687340d42e91766a2baccdeaea11c5b80"},{"nativeDigest":"8326a8b62f49cdfa96086be484fd413687340d42e91766a2baccdeaea11c5b80","portableDigest":"8326a8b62f49cdfa96086be484fd413687340d42e91766a2baccdeaea11c5b80"},{"nativeDigest":"8326a8b62f49cdfa96086be484fd413687340d42e91766a2baccdeaea11c5b80","portableDigest":"8326a8b62f49cdfa96086be484fd413687340d42e91766a2baccdeaea11c5b80"},{"nativeDigest":"8326a8b62f49cdfa96086be484fd413687340d42e91766a2baccdeaea11c5b80","portableDigest":"8326a8b62f49cdfa96086be484fd413687340d42e91766a2baccdeaea11c5b80"}],"crossProcessDeterministic":true,"crossProcessRuns":20,"nativeDigest":"8326a8b62f49cdfa96086be484fd413687340d42e91766a2baccdeaea11c5b80","nativePortableExactOrdered":true,"portableDigest":"8326a8b62f49cdfa96086be484fd413687340d42e91766a2baccdeaea11c5b80"},"runner":{"contract":"contextmesh-v04-fixed-fixtures-v4","cpu":"AMD Ryzen 7 7800X3D 8-Core Processor",