{"fixtureDigest":"49ab64ba1eaf35b66c5de6ba153a8cd7bbd5ec01635cd84748438018e6af0df1","fixtures":{"large":"c1a300fb7faaaf7e5fb987bdad9b7b933b477969bb29c1cd2724621b0616e25c","medium":"4426d67fea709ed65ffbfc72b5d3094a1c18fc35f00be8007d19eca3eea90940","parity":"f736f731ce21f859e888ad1bad0fe907362738ea4dd1a9597cecc0285cbd7124","small":"f736f731ce21f859e888ad1bad0fe907362738ea4dd1a9597cecc0285cbd7124","typescriptDecision":"b37eb5ae3717370da4a87dec92cbe95d390d22d968f96174791a8bbc3c8fa255","watcher":"f736f731ce21f859e888ad1bad0fe907362738ea4dd1a9597cecc0285cbd7124"},"git":{"baseline":"e37977199e231fc95b581e6254003941b8f447b2","commit":"eada065278c83d87e5fc22de31c897dce5ba9863"},"measurements":{"coldFull":{"large":{"peakKernelRssBytes":18432000,"peakParentRssBytes":549253120,"timing":{"maxMs":587.7932000000001,"minMs":524.094000000001,"p50Ms":577.6003000000001,"p95Ms":587.7932000000001,"samples":5}},"medium":{"peakKernelRssBytes":18059264,"peakParentRssBytes":534716416,"timing":{"maxMs":427.1104,"minMs":383.8266000000003,"p50Ms":395.9403000000002,"p95Ms":427.1104,"samples":5}},"small":{"peakKernelRssBytes":17518592,"peakParentRssBytes":504266752,"timing":{"maxMs":466.4548,"minMs":329.1269,"p50Ms":365.8483000000001,"p95Ms":466.4548,"samples":5}}},"rss":{"estimatedConcurrentPeakBytes":567685120,"peakKernelRssBytes":18432000,"peakParentRssBytes":549253120,"scope":"parent RSS sampled after commit plus sidecar RSS sampled while canonical facts remain resident"},"watcherEventToGeneration":{"maxMs":240.84249999999884,"minMs":213.7344000000012,"p50Ms":217.92720000000554,"p95Ms":232.17699999999604,"samples":20},"workloads":{"large":{"dbCommit":{"maxMs":66.45790000000125,"minMs":47.560999999997875,"p50Ms":48.985099999998056,"p95Ms":66.45790000000125,"samples":10},"filesReparsed":[1,1,1,1,1,1,1,1,1,1],"peakKernelRssBytes":17158144,"providerInvocations":{"typescriptPrecision":[0,0,0,0,0,0,0,0,0,0],"typescriptSyntax":[0,0,0,0,0,0,0,0,0,0]},"singleFileIncremental":{"maxMs":406.7605000000003,"minMs":374.59159999999974,"p50Ms":386.9276000000027,"p95Ms":406.7605000000003,"samples":10},"warm":{"explore":{"maxMs":5.625500000000102,"minMs":4.9395000000004075,"p50Ms":5.0965999999989435,"p95Ms":5.514100000000326,"samples":20},"search":{"maxMs":3.9395999999997002,"minMs":3.1218000000008033,"p50Ms":3.3800000000010186,"p95Ms":3.5789000000004307,"samples":20},"trace":{"maxMs":6.336100000000442,"minMs":3.0716000000011263,"p50Ms":3.37670000000071,"p95Ms":3.7832999999991443,"samples":20}}},"medium":{"dbCommit":{"maxMs":32.84100000000035,"minMs":13.968200000001161,"p50Ms":14.982099999999264,"p95Ms":32.84100000000035,"samples":10},"filesReparsed":[1,1,1,1,1,1,1,1,1,1],"peakKernelRssBytes":17207296,"providerInvocations":{"typescriptPrecision":[0,0,0,0,0,0,0,0,0,0],"typescriptSyntax":[0,0,0,0,0,0,0,0,0,0]},"singleFileIncremental":{"maxMs":253.4257000000016,"minMs":232.03639999999905,"p50Ms":239.85699999999997,"p95Ms":253.4257000000016,"samples":10},"warm":{"explore":{"maxMs":7.365600000000995,"minMs":3.8148999999993976,"p50Ms":4.236699999999473,"p95Ms":5.563500000000204,"samples":20},"search":{"maxMs":2.537399999999252,"minMs":1.9456000000009226,"p50Ms":2.202399999998306,"p95Ms":2.4483000000000175,"samples":20},"trace":{"maxMs":2.9746999999988475,"minMs":1.9904000000005908,"p50Ms":2.2872000000006665,"p95Ms":2.9210999999995693,"samples":20}}},"small":{"dbCommit":{"maxMs":4.699199999999109,"minMs":3.501399999999194,"p50Ms":3.872400000000198,"p95Ms":4.699199999999109,"samples":10},"filesReparsed":[1,1,1,1,1,1,1,1,1,1],"peakKernelRssBytes":17793024,"providerInvocations":{"typescriptPrecision":[0,0,0,0,0,0,0,0,0,0],"typescriptSyntax":[0,0,0,0,0,0,0,0,0,0]},"singleFileIncremental":{"maxMs":223.36169999999947,"minMs":191.84920000000056,"p50Ms":196.69690000000082,"p95Ms":223.36169999999947,"samples":10},"warm":{"explore":{"maxMs":5.184100000000399,"minMs":3.2506999999986874,"p50Ms":3.5588000000007014,"p95Ms":4.154099999999744,"samples":20},"search":{"maxMs":2.2665000000015425,"minMs":1.6113000000004831,"p50Ms":1.8039000000007945,"p95Ms":2.2435999999997875,"samples":20},"trace":{"maxMs":2.1156000000009954,"minMs":1.45509999999922,"p50Ms":1.6036000000003696,"p95Ms":2.074300000000221,"samples":20}}}}},"parity":{"crossProcess":[{"nativeDigest":"3488ffef9f7e0c1365e9982b779337981503569663e98e6e190be71223e68f93","portableDigest":"3488ffef9f7e0c1365e9982b779337981503569663e98e6e190be71223e68f93"},{"nativeDigest":"3488ffef9f7e0c1365e9982b779337981503569663e98e6e190be71223e68f93","portableDigest":"3488ffef9f7e0c1365e9982b779337981503569663e98e6e190be71223e68f93"},{"nativeDigest":"3488ffef9f7e0c1365e9982b779337981503569663e98e6e190be71223e68f93","portableDigest":"3488ffef9f7e0c1365e9982b779337981503569663e98e6e190be71223e68f93"},{"nativeDigest":"3488ffef9f7e0c1365e9982b779337981503569663e98e6e190be71223e68f93","portableDigest":"3488ffef9f7e0c1365e9982b779337981503569663e98e6e190be71223e68f93"},{"nativeDigest":"3488ffef9f7e0c1365e9982b779337981503569663e98e6e190be71223e68f93","portableDigest":"3488ffef9f7e0c1365e9982b779337981503569663e98e6e190be71223e68f93"},{"nativeDigest":"3488ffef9f7e0c1365e9982b779337981503569663e98e6e190be71223e68f93","portableDigest":"3488ffef9f7e0c1365e9982b779337981503569663e98e6e190be71223e68f93"},{"nativeDigest":"3488ffef9f7e0c1365e9982b779337981503569663e98e6e190be71223e68f93","portableDigest":"3488ffef9f7e0c1365e9982b779337981503569663e98e6e190be71223e68f93"},{"nativeDigest":"3488ffef9f7e0c1365e9982b779337981503569663e98e6e190be71223e68f93","portableDigest":"3488ffef9f7e0c1365e9982b779337981503569663e98e6e190be71223e68f93"},{"nativeDigest":"3488ffef9f7e0c1365e9982b779337981503569663e98e6e190be71223e68f93","portableDigest":"3488ffef9f7e0c1365e9982b779337981503569663e98e6e190be71223e68f93"},{"nativeDigest":"3488ffef9f7e0c1365e9982b779337981503569663e98e6e190be71223e68f93","portableDigest":"3488ffef9f7e0c1365e9982b779337981503569663e98e6e190be71223e68f93"},{"nativeDigest":"3488ffef9f7e0c1365e9982b779337981503569663e98e6e190be71223e68f93","portableDigest":"3488ffef9f7e0c1365e9982b779337981503569663e98e6e190be71223e68f93"},{"nativeDigest":"3488ffef9f7e0c1365e9982b779337981503569663e98e6e190be71223e68f93","portableDigest":"3488ffef9f7e0c1365e9982b779337981503569663e98e6e190be71223e68f93"},{"nativeDigest":"3488ffef9f7e0c1365e9982b779337981503569663e98e6e190be71223e68f93","portableDigest":"3488ffef9f7e0c1365e9982b779337981503569663e98e6e190be71223e68f93"},{"nativeDigest":"3488ffef9f7e0c1365e9982b779337981503569663e98e6e190be71223e68f93","portableDigest":"3488ffef9f7e0c1365e9982b779337981503569663e98e6e190be71223e68f93"},{"nativeDigest":"3488ffef9f7e0c1365e9982b779337981503569663e98e6e190be71223e68f93","portableDigest":"3488ffef9f7e0c1365e9982b779337981503569663e98e6e190be71223e68f93"},{"nativeDigest":"3488ffef9f7e0c1365e9982b779337981503569663e98e6e190be71223e68f93","portableDigest":"3488ffef9f7e0c1365e9982b779337981503569663e98e6e190be71223e68f93"},{"nativeDigest":"3488ffef9f7e0c1365e9982b779337981503569663e98e6e190be71223e68f93","portableDigest":"3488ffef9f7e0c1365e9982b779337981503569663e98e6e190be71223e68f93"},{"nativeDigest":"3488ffef9f7e0c1365e9982b779337981503569663e98e6e190be71223e68f93","portableDigest":"3488ffef9f7e0c1365e9982b779337981503569663e98e6e190be71223e68f93"},{"nativeDigest":"3488ffef9f7e0c1365e9982b779337981503569663e98e6e190be71223e68f93","portableDigest":"3488ffef9f7e0c1365e9982b779337981503569663e98e6e190be71223e68f93"},{"nativeDigest":"3488ffef9f7e0c1365e9982b779337981503569663e98e6e190be71223e68f93","portableDigest":"3488ffef9f7e0c1365e9982b779337981503569663e98e6e190be71223e68f93"}],"crossProcessDeterministic":true,"crossProcessRuns":20,"nativeDigest":"3488ffef9f7e0c1365e9982b779337981503569663e98e6e190be71223e68f93","nativePortableExactOrdered":true,"portableDigest":"3488ffef9f7e0c1365e9982b779337981503569663e98e6e190be71223e68f93"},"runner":{"contract":"contextmesh-v04-fixed-fixtures-v4","cpu":"AMD Ryzen 7 7800X3D 8-Core Processor",