{"fixtureDigest":"49ab64ba1eaf35b66c5de6ba153a8cd7bbd5ec01635cd84748438018e6af0df1","fixtures":{"large":"c1a300fb7faaaf7e5fb987bdad9b7b933b477969bb29c1cd2724621b0616e25c","medium":"4426d67fea709ed65ffbfc72b5d3094a1c18fc35f00be8007d19eca3eea90940","parity":"f736f731ce21f859e888ad1bad0fe907362738ea4dd1a9597cecc0285cbd7124","small":"f736f731ce21f859e888ad1bad0fe907362738ea4dd1a9597cecc0285cbd7124","typescriptDecision":"b37eb5ae3717370da4a87dec92cbe95d390d22d968f96174791a8bbc3c8fa255","watcher":"f736f731ce21f859e888ad1bad0fe907362738ea4dd1a9597cecc0285cbd7124"},"git":{"baseline":"e37977199e231fc95b581e6254003941b8f447b2","commit":"aeec4362bb5c8b71942d355fa1537c7b2ff4489a"},"measurements":{"coldFull":{"large":{"peakKernelRssBytes":18624512,"peakParentRssBytes":628322304,"timing":{"maxMs":557.459100000001,"minMs":522.8649999999998,"p50Ms":533.8082000000004,"p95Ms":557.459100000001,"samples":5}},"medium":{"peakKernelRssBytes":18108416,"peakParentRssBytes":618299392,"timing":{"maxMs":406.88099999999986,"minMs":382.7953000000007,"p50Ms":399.60459999999966,"p95Ms":406.88099999999986,"samples":5}},"small":{"peakKernelRssBytes":17498112,"peakParentRssBytes":499290112,"timing":{"maxMs":477.24940000000004,"minMs":330.79150000000027,"p50Ms":346.43529999999964,"p95Ms":477.24940000000004,"samples":5}}},"rss":{"estimatedConcurrentPeakBytes":646946816,"peakKernelRssBytes":18624512,"peakParentRssBytes":628322304,"scope":"parent RSS sampled after commit plus sidecar RSS sampled while canonical facts remain resident"},"watcherEventToGeneration":{"maxMs":228.81960000000254,"minMs":210.5697,"p50Ms":217.2451000000001,"p95Ms":225.4513999999981,"samples":20},"workloads":{"large":{"dbCommit":{"maxMs":73.32380000000194,"minMs":50.03110000000015,"p50Ms":52.28969999999936,"p95Ms":73.32380000000194,"samples":10},"filesReparsed":[1,1,1,1,1,1,1,1,1,1],"peakKernelRssBytes":17809408,"providerInvocations":{"typescriptPrecision":[0,0,0,0,0,0,0,0,0,0],"typescriptSyntax":[0,0,0,0,0,0,0,0,0,0]},"singleFileIncremental":{"maxMs":426.7720999999983,"minMs":388.3178999999982,"p50Ms":398.759399999999,"p95Ms":426.7720999999983,"samples":10},"warm":{"explore":{"maxMs":7.2849999999998545,"minMs":5.026900000000751,"p50Ms":5.570700000000215,"p95Ms":6.281699999999546,"samples":20},"search":{"maxMs":4.4759999999987485,"minMs":3.129800000000614,"p50Ms":3.527199999998629,"p95Ms":4.207800000000134,"samples":20},"trace":{"maxMs":4.1731999999992695,"minMs":3.2594000000008236,"p50Ms":3.531200000001263,"p95Ms":4.172699999999168,"samples":20}}},"medium":{"dbCommit":{"maxMs":22.22609999999986,"minMs":14.196899999999005,"p50Ms":14.750300000001516,"p95Ms":22.22609999999986,"samples":10},"filesReparsed":[1,1,1,1,1,1,1,1,1,1],"peakKernelRssBytes":17174528,"providerInvocations":{"typescriptPrecision":[0,0,0,0,0,0,0,0,0,0],"typescriptSyntax":[0,0,0,0,0,0,0,0,0,0]},"singleFileIncremental":{"maxMs":257.2690999999995,"minMs":241.72890000000007,"p50Ms":246.26989999999932,"p95Ms":257.2690999999995,"samples":10},"warm":{"explore":{"maxMs":4.757400000000416,"minMs":3.888999999999214,"p50Ms":4.131900000000314,"p95Ms":4.508700000000317,"samples":20},"search":{"maxMs":6.566999999999098,"minMs":1.9823000000014872,"p50Ms":2.2091999999993277,"p95Ms":2.6859000000004016,"samples":20},"trace":{"maxMs":4.794700000000375,"minMs":1.9984000000004016,"p50Ms":2.2010000000009313,"p95Ms":2.5262000000002445,"samples":20}}},"small":{"dbCommit":{"maxMs":4.496399999999994,"minMs":3.244300000000294,"p50Ms":3.4601000000002387,"p95Ms":4.496399999999994,"samples":10},"filesReparsed":[1,1,1,1,1,1,1,1,1,1],"peakKernelRssBytes":17367040,"providerInvocations":{"typescriptPrecision":[0,0,0,0,0,0,0,0,0,0],"typescriptSyntax":[0,0,0,0,0,0,0,0,0,0]},"singleFileIncremental":{"maxMs":218.79669999999896,"minMs":191.46529999999984,"p50Ms":194.91359999999986,"p95Ms":218.79669999999896,"samples":10},"warm":{"explore":{"maxMs":5.457400000001144,"minMs":3.2797000000009575,"p50Ms":3.5724000000009255,"p95Ms":4.2476000000006024,"samples":20},"search":{"maxMs":1.7869000000009692,"minMs":1.32129999999961,"p50Ms":1.4783000000006723,"p95Ms":1.7756999999983236,"samples":20},"trace":{"maxMs":2.0456000000012864,"minMs":1.342399999999543,"p50Ms":1.6815999999998894,"p95Ms":1.929599999999482,"samples":20}}}}},"parity":{"crossProcess":[{"nativeDigest":"c65dbe27cc0660611baec3cea4b1c34703c88814046a6a05ddb7af117aae06bf","portableDigest":"c65dbe27cc0660611baec3cea4b1c34703c88814046a6a05ddb7af117aae06bf"},{"nativeDigest":"c65dbe27cc0660611baec3cea4b1c34703c88814046a6a05ddb7af117aae06bf","portableDigest":"c65dbe27cc0660611baec3cea4b1c34703c88814046a6a05ddb7af117aae06bf"},{"nativeDigest":"c65dbe27cc0660611baec3cea4b1c34703c88814046a6a05ddb7af117aae06bf","portableDigest":"c65dbe27cc0660611baec3cea4b1c34703c88814046a6a05ddb7af117aae06bf"},{"nativeDigest":"c65dbe27cc0660611baec3cea4b1c34703c88814046a6a05ddb7af117aae06bf","portableDigest":"c65dbe27cc0660611baec3cea4b1c34703c88814046a6a05ddb7af117aae06bf"},{"nativeDigest":"c65dbe27cc0660611baec3cea4b1c34703c88814046a6a05ddb7af117aae06bf","portableDigest":"c65dbe27cc0660611baec3cea4b1c34703c88814046a6a05ddb7af117aae06bf"},{"nativeDigest":"c65dbe27cc0660611baec3cea4b1c34703c88814046a6a05ddb7af117aae06bf","portableDigest":"c65dbe27cc0660611baec3cea4b1c34703c88814046a6a05ddb7af117aae06bf"},{"nativeDigest":"c65dbe27cc0660611baec3cea4b1c34703c88814046a6a05ddb7af117aae06bf","portableDigest":"c65dbe27cc0660611baec3cea4b1c34703c88814046a6a05ddb7af117aae06bf"},{"nativeDigest":"c65dbe27cc0660611baec3cea4b1c34703c88814046a6a05ddb7af117aae06bf","portableDigest":"c65dbe27cc0660611baec3cea4b1c34703c88814046a6a05ddb7af117aae06bf"},{"nativeDigest":"c65dbe27cc0660611baec3cea4b1c34703c88814046a6a05ddb7af117aae06bf","portableDigest":"c65dbe27cc0660611baec3cea4b1c34703c88814046a6a05ddb7af117aae06bf"},{"nativeDigest":"c65dbe27cc0660611baec3cea4b1c34703c88814046a6a05ddb7af117aae06bf","portableDigest":"c65dbe27cc0660611baec3cea4b1c34703c88814046a6a05ddb7af117aae06bf"},{"nativeDigest":"c65dbe27cc0660611baec3cea4b1c34703c88814046a6a05ddb7af117aae06bf","portableDigest":"c65dbe27cc0660611baec3cea4b1c34703c88814046a6a05ddb7af117aae06bf"},{"nativeDigest":"c65dbe27cc0660611baec3cea4b1c34703c88814046a6a05ddb7af117aae06bf","portableDigest":"c65dbe27cc0660611baec3cea4b1c34703c88814046a6a05ddb7af117aae06bf"},{"nativeDigest":"c65dbe27cc0660611baec3cea4b1c34703c88814046a6a05ddb7af117aae06bf","portableDigest":"c65dbe27cc0660611baec3cea4b1c34703c88814046a6a05ddb7af117aae06bf"},{"nativeDigest":"c65dbe27cc0660611baec3cea4b1c34703c88814046a6a05ddb7af117aae06bf","portableDigest":"c65dbe27cc0660611baec3cea4b1c34703c88814046a6a05ddb7af117aae06bf"},{"nativeDigest":"c65dbe27cc0660611baec3cea4b1c34703c88814046a6a05ddb7af117aae06bf","portableDigest":"c65dbe27cc0660611baec3cea4b1c34703c88814046a6a05ddb7af117aae06bf"},{"nativeDigest":"c65dbe27cc0660611baec3cea4b1c34703c88814046a6a05ddb7af117aae06bf","portableDigest":"c65dbe27cc0660611baec3cea4b1c34703c88814046a6a05ddb7af117aae06bf"},{"nativeDigest":"c65dbe27cc0660611baec3cea4b1c34703c88814046a6a05ddb7af117aae06bf","portableDigest":"c65dbe27cc0660611baec3cea4b1c34703c88814046a6a05ddb7af117aae06bf"},{"nativeDigest":"c65dbe27cc0660611baec3cea4b1c34703c88814046a6a05ddb7af117aae06bf","portableDigest":"c65dbe27cc0660611baec3cea4b1c34703c88814046a6a05ddb7af117aae06bf"},{"nativeDigest":"c65dbe27cc0660611baec3cea4b1c34703c88814046a6a05ddb7af117aae06bf","portableDigest":"c65dbe27cc0660611baec3cea4b1c34703c88814046a6a05ddb7af117aae06bf"},{"nativeDigest":"c65dbe27cc0660611baec3cea4b1c34703c88814046a6a05ddb7af117aae06bf","portableDigest":"c65dbe27cc0660611baec3cea4b1c34703c88814046a6a05ddb7af117aae06bf"}],"crossProcessDeterministic":true,"crossProcessRuns":20,"nativeDigest":"c65dbe27cc0660611baec3cea4b1c34703c88814046a6a05ddb7af117aae06bf","nativePortableExactOrdered":true,"portableDigest":"c65dbe27cc0660611baec3cea4b1c34703c88814046a6a05ddb7af117aae06bf"},"runner":{"contract":"contextmesh-v04-fixed-fixtures-v4",