{"fixtureDigest":"49ab64ba1eaf35b66c5de6ba153a8cd7bbd5ec01635cd84748438018e6af0df1","fixtures":{"large":"c1a300fb7faaaf7e5fb987bdad9b7b933b477969bb29c1cd2724621b0616e25c","medium":"4426d67fea709ed65ffbfc72b5d3094a1c18fc35f00be8007d19eca3eea90940","parity":"f736f731ce21f859e888ad1bad0fe907362738ea4dd1a9597cecc0285cbd7124","small":"f736f731ce21f859e888ad1bad0fe907362738ea4dd1a9597cecc0285cbd7124","typescriptDecision":"b37eb5ae3717370da4a87dec92cbe95d390d22d968f96174791a8bbc3c8fa255","watcher":"f736f731ce21f859e888ad1bad0fe907362738ea4dd1a9597cecc0285cbd7124"},"git":{"baseline":"e37977199e231fc95b581e6254003941b8f447b2","commit":"738ba5be4484a2244688e3e7e602305c1b1f95e1"},"measurements":{"coldFull":{"large":{"peakKernelRssBytes":18530304,"peakParentRssBytes":549953536,"timing":{"maxMs":577.6000999999997,"minMs":521.9777999999988,"p50Ms":542.6394,"p95Ms":577.6000999999997,"samples":5}},"medium":{"peakKernelRssBytes":18083840,"peakParentRssBytes":520298496,"timing":{"maxMs":416.6896999999999,"minMs":384.5131000000001,"p50Ms":405.2367000000004,"p95Ms":416.6896999999999,"samples":5}},"small":{"peakKernelRssBytes":17625088,"peakParentRssBytes":437460992,"timing":{"maxMs":469.13890000000004,"minMs":336.35459999999966,"p50Ms":357.6711,"p95Ms":469.13890000000004,"samples":5}}},"rss":{"estimatedConcurrentPeakBytes":568483840,"peakKernelRssBytes":18530304,"peakParentRssBytes":549953536,"scope":"parent RSS sampled after commit plus sidecar RSS sampled while canonical facts remain resident"},"watcherEventToGeneration":{"maxMs":240.43639999999868,"minMs":210.14670000000478,"p50Ms":219.70980000000418,"p95Ms":230.725400000003,"samples":20},"workloads":{"large":{"dbCommit":{"maxMs":77.55240000000049,"minMs":48.55359999999928,"p50Ms":53.293900000000576,"p95Ms":77.55240000000049,"samples":10},"filesReparsed":[1,1,1,1,1,1,1,1,1,1],"peakKernelRssBytes":17145856,"providerInvocations":{"typescriptPrecision":[0,0,0,0,0,0,0,0,0,0],"typescriptSyntax":[0,0,0,0,0,0,0,0,0,0]},"singleFileIncremental":{"maxMs":420.09920000000056,"minMs":392.6396999999997,"p50Ms":408.13050000000294,"p95Ms":420.09920000000056,"samples":10},"warm":{"explore":{"maxMs":8.270199999999022,"minMs":5.1032000000013795,"p50Ms":5.496000000001004,"p95Ms":6.107500000000073,"samples":20},"search":{"maxMs":4.3747999999995955,"minMs":3.2741000000005442,"p50Ms":3.6450000000004366,"p95Ms":4.323199999998906,"samples":20},"trace":{"maxMs":4.054200000000492,"minMs":3.2217000000000553,"p50Ms":3.6594999999997526,"p95Ms":3.9763999999995576,"samples":20}}},"medium":{"dbCommit":{"maxMs":30.530500000000757,"minMs":13.824400000001333,"p50Ms":15.42449999999917,"p95Ms":30.530500000000757,"samples":10},"filesReparsed":[1,1,1,1,1,1,1,1,1,1],"peakKernelRssBytes":17137664,"providerInvocations":{"typescriptPrecision":[0,0,0,0,0,0,0,0,0,0],"typescriptSyntax":[0,0,0,0,0,0,0,0,0,0]},"singleFileIncremental":{"maxMs":258.84720000000016,"minMs":233.70089999999982,"p50Ms":240.57570000000123,"p95Ms":258.84720000000016,"samples":10},"warm":{"explore":{"maxMs":5.072200000000521,"minMs":3.953300000001036,"p50Ms":4.298500000000786,"p95Ms":4.934000000001106,"samples":20},"search":{"maxMs":6.014400000000023,"minMs":2.035299999999552,"p50Ms":2.2520000000004075,"p95Ms":2.967800000000352,"samples":20},"trace":{"maxMs":2.9531000000006316,"minMs":2.082800000000134,"p50Ms":2.261800000000221,"p95Ms":2.7991000000001804,"samples":20}}},"small":{"dbCommit":{"maxMs":5.460100000000239,"minMs":3.1405999999988126,"p50Ms":3.4152000000012777,"p95Ms":5.460100000000239,"samples":10},"filesReparsed":[1,1,1,1,1,1,1,1,1,1],"peakKernelRssBytes":17227776,"providerInvocations":{"typescriptPrecision":[0,0,0,0,0,0,0,0,0,0],"typescriptSyntax":[0,0,0,0,0,0,0,0,0,0]},"singleFileIncremental":{"maxMs":227.03349999999955,"minMs":182.39379999999983,"p50Ms":189.7551000000003,"p95Ms":227.03349999999955,"samples":10},"warm":{"explore":{"maxMs":5.416900000000169,"minMs":3.067399999999907,"p50Ms":3.7871999999988475,"p95Ms":4.333199999999124,"samples":20},"search":{"maxMs":2.275899999998728,"minMs":1.4073000000007596,"p50Ms":1.6283000000003085,"p95Ms":2.07129999999961,"samples":20},"trace":{"maxMs":7.448699999999008,"minMs":1.4091000000007625,"p50Ms":1.6384000000016385,"p95Ms":2.544399999998859,"samples":20}}}}},"parity":{"crossProcess":[{"nativeDigest":"f685b54af6f97ba7f31d60e4513f17c0ac799d6723801fcce601d358c7216e0e","portableDigest":"f685b54af6f97ba7f31d60e4513f17c0ac799d6723801fcce601d358c7216e0e"},{"nativeDigest":"f685b54af6f97ba7f31d60e4513f17c0ac799d6723801fcce601d358c7216e0e","portableDigest":"f685b54af6f97ba7f31d60e4513f17c0ac799d6723801fcce601d358c7216e0e"},{"nativeDigest":"f685b54af6f97ba7f31d60e4513f17c0ac799d6723801fcce601d358c7216e0e","portableDigest":"f685b54af6f97ba7f31d60e4513f17c0ac799d6723801fcce601d358c7216e0e"},{"nativeDigest":"f685b54af6f97ba7f31d60e4513f17c0ac799d6723801fcce601d358c7216e0e","portableDigest":"f685b54af6f97ba7f31d60e4513f17c0ac799d6723801fcce601d358c7216e0e"},{"nativeDigest":"f685b54af6f97ba7f31d60e4513f17c0ac799d6723801fcce601d358c7216e0e","portableDigest":"f685b54af6f97ba7f31d60e4513f17c0ac799d6723801fcce601d358c7216e0e"},{"nativeDigest":"f685b54af6f97ba7f31d60e4513f17c0ac799d6723801fcce601d358c7216e0e","portableDigest":"f685b54af6f97ba7f31d60e4513f17c0ac799d6723801fcce601d358c7216e0e"},{"nativeDigest":"f685b54af6f97ba7f31d60e4513f17c0ac799d6723801fcce601d358c7216e0e","portableDigest":"f685b54af6f97ba7f31d60e4513f17c0ac799d6723801fcce601d358c7216e0e"},{"nativeDigest":"f685b54af6f97ba7f31d60e4513f17c0ac799d6723801fcce601d358c7216e0e","portableDigest":"f685b54af6f97ba7f31d60e4513f17c0ac799d6723801fcce601d358c7216e0e"},{"nativeDigest":"f685b54af6f97ba7f31d60e4513f17c0ac799d6723801fcce601d358c7216e0e","portableDigest":"f685b54af6f97ba7f31d60e4513f17c0ac799d6723801fcce601d358c7216e0e"},{"nativeDigest":"f685b54af6f97ba7f31d60e4513f17c0ac799d6723801fcce601d358c7216e0e","portableDigest":"f685b54af6f97ba7f31d60e4513f17c0ac799d6723801fcce601d358c7216e0e"},{"nativeDigest":"f685b54af6f97ba7f31d60e4513f17c0ac799d6723801fcce601d358c7216e0e","portableDigest":"f685b54af6f97ba7f31d60e4513f17c0ac799d6723801fcce601d358c7216e0e"},{"nativeDigest":"f685b54af6f97ba7f31d60e4513f17c0ac799d6723801fcce601d358c7216e0e","portableDigest":"f685b54af6f97ba7f31d60e4513f17c0ac799d6723801fcce601d358c7216e0e"},{"nativeDigest":"f685b54af6f97ba7f31d60e4513f17c0ac799d6723801fcce601d358c7216e0e","portableDigest":"f685b54af6f97ba7f31d60e4513f17c0ac799d6723801fcce601d358c7216e0e"},{"nativeDigest":"f685b54af6f97ba7f31d60e4513f17c0ac799d6723801fcce601d358c7216e0e","portableDigest":"f685b54af6f97ba7f31d60e4513f17c0ac799d6723801fcce601d358c7216e0e"},{"nativeDigest":"f685b54af6f97ba7f31d60e4513f17c0ac799d6723801fcce601d358c7216e0e","portableDigest":"f685b54af6f97ba7f31d60e4513f17c0ac799d6723801fcce601d358c7216e0e"},{"nativeDigest":"f685b54af6f97ba7f31d60e4513f17c0ac799d6723801fcce601d358c7216e0e","portableDigest":"f685b54af6f97ba7f31d60e4513f17c0ac799d6723801fcce601d358c7216e0e"},{"nativeDigest":"f685b54af6f97ba7f31d60e4513f17c0ac799d6723801fcce601d358c7216e0e","portableDigest":"f685b54af6f97ba7f31d60e4513f17c0ac799d6723801fcce601d358c7216e0e"},{"nativeDigest":"f685b54af6f97ba7f31d60e4513f17c0ac799d6723801fcce601d358c7216e0e","portableDigest":"f685b54af6f97ba7f31d60e4513f17c0ac799d6723801fcce601d358c7216e0e"},{"nativeDigest":"f685b54af6f97ba7f31d60e4513f17c0ac799d6723801fcce601d358c7216e0e","portableDigest":"f685b54af6f97ba7f31d60e4513f17c0ac799d6723801fcce601d358c7216e0e"},{"nativeDigest":"f685b54af6f97ba7f31d60e4513f17c0ac799d6723801fcce601d358c7216e0e","portableDigest":"f685b54af6f97ba7f31d60e4513f17c0ac799d6723801fcce601d358c7216e0e"}],"crossProcessDeterministic":true,"crossProcessRuns":20,"nativeDigest":"f685b54af6f97ba7f31d60e4513f17c0ac799d6723801fcce601d358c7216e0e","nativePortableExactOrdered":true,"portableDigest":"f685b54af6f97ba7f31d60e4513f17c0ac799d6723801fcce601d358c7216e0e"},"runner":{"contract":"contextmesh-v04-fixed-fixtures-v4","cpu":"AMD Ryzen 7 7800X3D 8-Core Processor",