{"fixtureDigest":"49ab64ba1eaf35b66c5de6ba153a8cd7bbd5ec01635cd84748438018e6af0df1","fixtures":{"large":"c1a300fb7faaaf7e5fb987bdad9b7b933b477969bb29c1cd2724621b0616e25c","medium":"4426d67fea709ed65ffbfc72b5d3094a1c18fc35f00be8007d19eca3eea90940","parity":"f736f731ce21f859e888ad1bad0fe907362738ea4dd1a9597cecc0285cbd7124","small":"f736f731ce21f859e888ad1bad0fe907362738ea4dd1a9597cecc0285cbd7124","typescriptDecision":"b37eb5ae3717370da4a87dec92cbe95d390d22d968f96174791a8bbc3c8fa255","watcher":"f736f731ce21f859e888ad1bad0fe907362738ea4dd1a9597cecc0285cbd7124"},"git":{"baseline":"e37977199e231fc95b581e6254003941b8f447b2","commit":"0c85d70fd2b3abc3dd8e47b8c5a551b66b75b791"},"measurements":{"coldFull":{"large":{"peakKernelRssBytes":16867328,"peakParentRssBytes":550174720,"timing":{"maxMs":558.8640000000005,"minMs":541.1109999999999,"p50Ms":544.1929,"p95Ms":558.8640000000005,"samples":5}},"medium":{"peakKernelRssBytes":16470016,"peakParentRssBytes":537612288,"timing":{"maxMs":518.0523999999996,"minMs":375.2650000000003,"p50Ms":392.84699999999975,"p95Ms":518.0523999999996,"samples":5}},"small":{"peakKernelRssBytes":15888384,"peakParentRssBytes":504987648,"timing":{"maxMs":499.2378,"minMs":324.0624,"p50Ms":350.29140000000007,"p95Ms":499.2378,"samples":5}}},"rss":{"estimatedConcurrentPeakBytes":567042048,"peakKernelRssBytes":16867328,"peakParentRssBytes":550174720,"scope":"parent RSS sampled after commit plus sidecar RSS sampled while canonical facts remain resident"},"watcherEventToGeneration":{"maxMs":267.40529999999853,"minMs":211.82329999999638,"p50Ms":222.36049999999523,"p95Ms":259.7829999999958,"samples":20},"workloads":{"large":{"dbCommit":{"maxMs":61.88769999999931,"minMs":51.310600000000704,"p50Ms":53.23559999999998,"p95Ms":61.88769999999931,"samples":10},"filesReparsed":[1,1,1,1,1,1,1,1,1,1],"peakKernelRssBytes":15523840,"providerInvocations":{"typescriptPrecision":[0,0,0,0,0,0,0,0,0,0],"typescriptSyntax":[0,0,0,0,0,0,0,0,0,0]},"singleFileIncremental":{"maxMs":434.08630000000267,"minMs":389.15420000000086,"p50Ms":396.5693999999967,"p95Ms":434.08630000000267,"samples":10},"warm":{"explore":{"maxMs":5.904499999998734,"minMs":4.923300000000381,"p50Ms":5.219499999999243,"p95Ms":5.833599999999933,"samples":20},"search":{"maxMs":6.269899999999325,"minMs":3.0671000000002095,"p50Ms":3.4028999999991356,"p95Ms":4.165399999999863,"samples":20},"trace":{"maxMs":4.199699999999211,"minMs":3.2406000000009954,"p50Ms":3.488199999999779,"p95Ms":3.863999999999578,"samples":20}}},"medium":{"dbCommit":{"maxMs":21.9341000000004,"minMs":14.628099999999904,"p50Ms":15.323899999999412,"p95Ms":21.9341000000004,"samples":10},"filesReparsed":[1,1,1,1,1,1,1,1,1,1],"peakKernelRssBytes":15527936,"providerInvocations":{"typescriptPrecision":[0,0,0,0,0,0,0,0,0,0],"typescriptSyntax":[0,0,0,0,0,0,0,0,0,0]},"singleFileIncremental":{"maxMs":274.3804,"minMs":237.86009999999987,"p50Ms":242.9943999999996,"p95Ms":274.3804,"samples":10},"warm":{"explore":{"maxMs":7.147799999998824,"minMs":3.6960999999992055,"p50Ms":4.152299999999741,"p95Ms":4.755199999999604,"samples":20},"search":{"maxMs":2.643400000000838,"minMs":1.9477999999999156,"p50Ms":2.237300000000687,"p95Ms":2.52770000000055,"samples":20},"trace":{"maxMs":2.77599999999984,"minMs":1.9385000000002037,"p50Ms":2.15270000000055,"p95Ms":2.5834999999988213,"samples":20}}},"small":{"dbCommit":{"maxMs":4.527200000000448,"minMs":3.326599999998507,"p50Ms":3.794100000000981,"p95Ms":4.527200000000448,"samples":10},"filesReparsed":[1,1,1,1,1,1,1,1,1,1],"peakKernelRssBytes":15568896,"providerInvocations":{"typescriptPrecision":[0,0,0,0,0,0,0,0,0,0],"typescriptSyntax":[0,0,0,0,0,0,0,0,0,0]},"singleFileIncremental":{"maxMs":206.3222999999998,"minMs":186.5508000000009,"p50Ms":190.6279999999988,"p95Ms":206.3222999999998,"samples":10},"warm":{"explore":{"maxMs":5.536400000000867,"minMs":3.2679000000007363,"p50Ms":3.5511999999998807,"p95Ms":3.992000000000189,"samples":20},"search":{"maxMs":1.7907000000013795,"minMs":1.4230999999999767,"p50Ms":1.5892000000003463,"p95Ms":1.7770999999993364,"samples":20},"trace":{"maxMs":2.191899999999805,"minMs":1.4061000000001513,"p50Ms":1.6129999999993743,"p95Ms":2.0666000000001077,"samples":20}}}}},"parity":{"crossProcess":[{"nativeDigest":"937943476229887de0587b0b31e9b66f842c3fc01dcd221a1e6cec541d0f4116","portableDigest":"937943476229887de0587b0b31e9b66f842c3fc01dcd221a1e6cec541d0f4116"},{"nativeDigest":"937943476229887de0587b0b31e9b66f842c3fc01dcd221a1e6cec541d0f4116","portableDigest":"937943476229887de0587b0b31e9b66f842c3fc01dcd221a1e6cec541d0f4116"},{"nativeDigest":"937943476229887de0587b0b31e9b66f842c3fc01dcd221a1e6cec541d0f4116","portableDigest":"937943476229887de0587b0b31e9b66f842c3fc01dcd221a1e6cec541d0f4116"},{"nativeDigest":"937943476229887de0587b0b31e9b66f842c3fc01dcd221a1e6cec541d0f4116","portableDigest":"937943476229887de0587b0b31e9b66f842c3fc01dcd221a1e6cec541d0f4116"},{"nativeDigest":"937943476229887de0587b0b31e9b66f842c3fc01dcd221a1e6cec541d0f4116","portableDigest":"937943476229887de0587b0b31e9b66f842c3fc01dcd221a1e6cec541d0f4116"},{"nativeDigest":"937943476229887de0587b0b31e9b66f842c3fc01dcd221a1e6cec541d0f4116","portableDigest":"937943476229887de0587b0b31e9b66f842c3fc01dcd221a1e6cec541d0f4116"},{"nativeDigest":"937943476229887de0587b0b31e9b66f842c3fc01dcd221a1e6cec541d0f4116","portableDigest":"937943476229887de0587b0b31e9b66f842c3fc01dcd221a1e6cec541d0f4116"},{"nativeDigest":"937943476229887de0587b0b31e9b66f842c3fc01dcd221a1e6cec541d0f4116","portableDigest":"937943476229887de0587b0b31e9b66f842c3fc01dcd221a1e6cec541d0f4116"},{"nativeDigest":"937943476229887de0587b0b31e9b66f842c3fc01dcd221a1e6cec541d0f4116","portableDigest":"937943476229887de0587b0b31e9b66f842c3fc01dcd221a1e6cec541d0f4116"},{"nativeDigest":"937943476229887de0587b0b31e9b66f842c3fc01dcd221a1e6cec541d0f4116","portableDigest":"937943476229887de0587b0b31e9b66f842c3fc01dcd221a1e6cec541d0f4116"},{"nativeDigest":"937943476229887de0587b0b31e9b66f842c3fc01dcd221a1e6cec541d0f4116","portableDigest":"937943476229887de0587b0b31e9b66f842c3fc01dcd221a1e6cec541d0f4116"},{"nativeDigest":"937943476229887de0587b0b31e9b66f842c3fc01dcd221a1e6cec541d0f4116","portableDigest":"937943476229887de0587b0b31e9b66f842c3fc01dcd221a1e6cec541d0f4116"},{"nativeDigest":"937943476229887de0587b0b31e9b66f842c3fc01dcd221a1e6cec541d0f4116","portableDigest":"937943476229887de0587b0b31e9b66f842c3fc01dcd221a1e6cec541d0f4116"},{"nativeDigest":"937943476229887de0587b0b31e9b66f842c3fc01dcd221a1e6cec541d0f4116","portableDigest":"937943476229887de0587b0b31e9b66f842c3fc01dcd221a1e6cec541d0f4116"},{"nativeDigest":"937943476229887de0587b0b31e9b66f842c3fc01dcd221a1e6cec541d0f4116","portableDigest":"937943476229887de0587b0b31e9b66f842c3fc01dcd221a1e6cec541d0f4116"},{"nativeDigest":"937943476229887de0587b0b31e9b66f842c3fc01dcd221a1e6cec541d0f4116","portableDigest":"937943476229887de0587b0b31e9b66f842c3fc01dcd221a1e6cec541d0f4116"},{"nativeDigest":"937943476229887de0587b0b31e9b66f842c3fc01dcd221a1e6cec541d0f4116","portableDigest":"937943476229887de0587b0b31e9b66f842c3fc01dcd221a1e6cec541d0f4116"},{"nativeDigest":"937943476229887de0587b0b31e9b66f842c3fc01dcd221a1e6cec541d0f4116","portableDigest":"937943476229887de0587b0b31e9b66f842c3fc01dcd221a1e6cec541d0f4116"},{"nativeDigest":"937943476229887de0587b0b31e9b66f842c3fc01dcd221a1e6cec541d0f4116","portableDigest":"937943476229887de0587b0b31e9b66f842c3fc01dcd221a1e6cec541d0f4116"},{"nativeDigest":"937943476229887de0587b0b31e9b66f842c3fc01dcd221a1e6cec541d0f4116","portableDigest":"937943476229887de0587b0b31e9b66f842c3fc01dcd221a1e6cec541d0f4116"}],"crossProcessDeterministic":true,"crossProcessRuns":20,"nativeDigest":"937943476229887de0587b0b31e9b66f842c3fc01dcd221a1e6cec541d0f4116","nativePortableExactOrdered":true,"portableDigest":"937943476229887de0587b0b31e9b66f842c3fc01dcd221a1e6cec541d0f4116"},"runner":{"contract":"contextmesh-v04-fixed-fixtures-v4","cpu":"AMD Ryzen 7 7800X3D 8-Core Processor",